linha;legacyId;numeroEdital;processoAdministrativo;protocolo;modalidade;secretaria;statusLegado;motivoCodigo;motivo;processoInternoRelacionado;origemProcessoRelacionado;objetoResumo
"22";"64";"PE-025-2023";"1794/2022";"21399/2022";"PREGÃO";"SECRETARIA DE ADMINISTRAÇÃO";"Homologado";"DUPLICIDADE_PROCESSO_INTERNO";"J? existe processo interno com o mesmo administrativo ou edital (0014/2022 / MANUAL).";"0014/2022";"MANUAL";"FORNECIMENTO DE MATERIAL DE CONSUMO: EPI'S e EPC'S PARA ADM E PLANEJAMENTO"
"27";"69";"PE-013-2023";"2150/2022";"30381/2022";"PREGÃO";"SECRETARIA DE INFRAESTRUTURA E SERVIÇOS URBANOS";"Homologado";"DUPLICIDADE_PROCESSO_INTERNO";"J? existe processo interno com o mesmo administrativo ou edital (0011/2022 / MANUAL).";"0011/2022";"MANUAL";"AQUISIÇÃO DE MATERIAL DE CONSUMO (FERRAMENTAS) PARA SEINFRA"
"28";"70";"PE-028-2023";"1642/2022";"15830/2022";"PREGÃO";"SECRETARIA DE ADMINISTRAÇÃO";"Fracassado";"DUPLICIDADE_PROCESSO_INTERNO";"J? existe processo interno com o mesmo administrativo ou edital (0013/2022 / MANUAL).";"0013/2022";"MANUAL";"SERVIÇO DE CONFECÇÃO DE CRACHÁS EM PVC PARA ADM E PLANEJAMENTO."
"30";"72";"PE-011-2023";"1896/2022";"21827/2022";"PREGÃO";"SECRETARIA DE ADMINISTRAÇÃO";"Homologado";"DUPLICIDADE_PROCESSO_INTERNO";"J? existe processo interno com o mesmo administrativo ou edital (0009/2022 / MANUAL).";"0009/2022";"MANUAL";"AQUISIÇÃO DE APARELHO AR-CONDICIONADO DE 36000 BTU'S"
"35";"77";"PE-014-2023";"1294/2022";"11993/2022";"PREGÃO";"SECRETARIA DE SAÚDE";"Homologado";"DUPLICIDADE_PROCESSO_INTERNO";"J? existe processo interno com o mesmo administrativo ou edital (0010/2022 / MANUAL).";"0010/2022";"MANUAL";"SECADORA INDUSTRIAL PARA LAVANDERIA HOSPITALAR"
"41";"86";"PE-016-2023";"2398/2022";"401/2023";"PREGÃO";"SECRETARIA DE EDUCAÇÃO";"Homologado";"DUPLICIDADE_PROCESSO_INTERNO";"J? existe processo interno com o mesmo administrativo ou edital (0012/2022 / MANUAL).";"0012/2022";"MANUAL";"AQUISIÇÃO DE ARMÁRIO MULTIUSO E MESA INFANTIL SEXTAVADA, A FIM DE ATENDER AS DEMANDAS DA SEC. MUN. DE EDUCAÇÃO E CULTURA."
"42";"87";"PE-018-2023";"1806/2022";"22767/2022";"PREGÃO";"SECRETARIA DE SAÚDE";"Deserto";"DUPLICIDADE_PROCESSO_INTERNO";"J? existe processo interno com o mesmo administrativo ou edital (0015/2022 / MANUAL).";"0015/2022";"MANUAL";"Fornecimento de material de consumo (ARSENAL CIRÚRGICO PARA REALIZAÇÃO DE CIRURGIAS ORTOPÉDICAS), A FIM DE ATENDER AS DEMANDAS DA SEC. DE SAÚDE"
"52";"100";"PE-032-2023";"77/2023";"2395/2023";"PREGÃO";"SECRETARIA DE SAÚDE";"Homologado";"DUPLICIDADE_PROCESSO_INTERNO";"J? existe processo interno com o mesmo administrativo ou edital (0031/2023 / MANUAL).";"0031/2023";"MANUAL";"AQUISIÇÃO DE MATERIAL PERMANENTE MÉDICO ODONTOLÓGICO: COMPRESSOR DE AR, CADEIRA, NEGATOSCÓPIO, PONTAS DE UTRASSOM E RAIO X, A FIM DE ATENDER AS DEMANDAS DA SAÚDE"
"53";"101";"PE-020-2023";"98/2023";"2849/2023";"PREGÃO";"SECRETARIA DE INFRAESTRUTURA E SERVIÇOS URBANOS";"Fracassado";"DUPLICIDADE_PROCESSO_INTERNO";"J? existe processo interno com o mesmo administrativo ou edital (0004/2023 / MANUAL).";"0004/2023";"MANUAL";"PRESTAÇÃO DE SERVIÇOS DE INSTALAÇÃO E MANUTENÇÃO DE GESSO COM MATERIAL INCLUSO, A FIM DE ATENDER A SEINFRA."
"54";"102";"PE-023-2023";"170/2023";"4317/2023";"PREGÃO";"SECRETARIA DE EDUCAÇÃO";"Homologado";"DUPLICIDADE_PROCESSO_INTERNO";"J? existe processo interno com o mesmo administrativo ou edital (0003/2023 / MANUAL).";"0003/2023";"MANUAL";"AQUISIÇÃO DE CONJUNTO ALUNO INFANTIL, JUVENIL E ADULTO, A FIM DE ATENDER AS DEMANDAS DA SECRETARIA MUNICIPAL DE EDUCAÇÃO E CULTURA"
"56";"104";"PE-033-2023";"107/2023";"3466/2023";"PREGÃO";"SECRETARIA DE SAÚDE";"Homologado";"DUPLICIDADE_PROCESSO_INTERNO";"J? existe processo interno com o mesmo administrativo ou edital (0009/2023 / MANUAL).";"0009/2023";"MANUAL";"AQUISIÇÃO DE CATÉTERES E DRENOS, A FIM DE ATENDER AS DEMANDAS DA SEC. MUN. DE SAÚDE."
"59";"107";"PE-030-2023";"117/2023";"3260/2023";"PREGÃO";"SECRETARIA DE ADMINISTRAÇÃO";"Revogado";"DUPLICIDADE_PROCESSO_INTERNO";"J? existe processo interno com o mesmo administrativo ou edital (0011/2023 / MANUAL).";"0011/2023";"MANUAL";"FORNECIMENTO DE KIT CARTUCHO PARA IMPRESSORA PLOTTER, A FIM DE ATENDER AS DEMANDAS DA SEC. MUN. DE ADMINISTRAÇÃO E PLANEJAMENTO"
"61";"109";"PE-031-2023";"196/2023";"5347/2023";"PREGÃO";"SECRETARIA DE MEIO AMBIENTE";"Fracassado";"DUPLICIDADE_PROCESSO_INTERNO";"J? existe processo interno com o mesmo administrativo ou edital (0005/2023 / MANUAL).";"0005/2023";"MANUAL";"FORNECIMENTO DE PEÇAS DE EUCALIPTO TRATADA IMUNIZADA, A FIM DE ATENDER AS DEMANDAS DA SEC. MUN. DE MEIO AMBIENTE"
"64";"112";"PE-035-2023";"220/2023";"5953/2023";"PREGÃO";"SECRETARIA DE INFRAESTRUTURA E SERVIÇOS URBANOS";"Homologado";"DUPLICIDADE_PROCESSO_INTERNO";"J? existe processo interno com o mesmo administrativo ou edital (0012/2023 / MANUAL).";"0012/2023";"MANUAL";"AQUISIÇÃO DE LÂMINA CURVA, A FIM DE ATENDER AS DEMANDAS DA SEINFRA"
"65";"113";"PE-034-2023";"69/2023";"5139/2023";"PREGÃO";"SECRETARIA DE INFRAESTRUTURA E SERVIÇOS URBANOS";"Homologado";"DUPLICIDADE_PROCESSO_INTERNO";"J? existe processo interno com o mesmo administrativo ou edital (0006/2023 / MANUAL).";"0006/2023";"MANUAL";"FORNECIMENTO DE MADEIRAS (COMPENSADO, MADEIRITE, PEÇA DE MADEIRA, TÁBUA E OUTROS), A FIM DE ATENDER AS DEMANDAS DA SEINFRA"
"66";"114";"PE-029-2023";"70/2023";"5146/2023";"PREGÃO";"SECRETARIA DE INFRAESTRUTURA E SERVIÇOS URBANOS";"Homologado";"DUPLICIDADE_PROCESSO_INTERNO";"J? existe processo interno com o mesmo administrativo ou edital (0008/2023 / MANUAL).";"0008/2023";"MANUAL";"FORNECIMENTO DE BOLACHA LED, CABO DE ALUMÍNIO, ESCADA DE FIBRA E CINTA CIRCULAR, A FIM DE ATENDER AS DEMANDAS DA SEINFRA."
"68";"116";"PE-022-2023";"2327/2022";"33602/2022";"PREGÃO";"SECRETARIA DE SAÚDE";"Homologado";"DUPLICIDADE_PROCESSO_INTERNO";"J? existe processo interno com o mesmo administrativo ou edital (0062/2023 / LEGADO).";"0062/2023";"LEGADO";"AQUISIÇÃO DE GERADOR 40KVA PARA A VIGILÂ NCIA EPIDEMIOLÓGICA, A FIM DE ATENDER AS DEMANDAS DA SEC. MUN. DE SAÚDE."
"69";"117";"PE-045-2023";"251/2023";"8038/2023";"PREGÃO";"SECRETARIA DE SAÚDE";"Fracassado";"DUPLICIDADE_PROCESSO_INTERNO";"J? existe processo interno com o mesmo administrativo ou edital (0028/2023 / MANUAL).";"0028/2023";"MANUAL";"AQUISIÇÃO DE FRALDAS DESCARTÁVEIS ADULTO E ABSORVENTE PÓS-PARTO, A FIM DE ATENDER AS DEMANDAS DA SEC. MUN. DE SAÚDE"
"71";"119";"PE-041-2023";"269/2023";"7169/2023";"PREGÃO";"SECRETARIA DE ADMINISTRAÇÃO";"Homologado";"DUPLICIDADE_PROCESSO_INTERNO";"J? existe processo interno com o mesmo administrativo ou edital (0013/2023 / MANUAL).";"0013/2023";"MANUAL";"AQUISIÇÃO DE PNEUS E PROTETORES DE CÂMARA DE AR, A FIM DE ATENDER AS DEMANDAS DA SEC. MUN. DE ADMINISTRAÇÃO E PLANEJAMENTO E DEMAIS SECRETARIAS"
"74";"122";"PE-046-2023";"247/2023";"6658/2023";"PREGÃO";"SECRETARIA DE SAÚDE";"Suspenso";"DUPLICIDADE_PROCESSO_INTERNO";"J? existe processo interno com o mesmo administrativo ou edital (0018/2023 / MANUAL).";"0018/2023";"MANUAL";"AQUISIÇÃO DE BOLSAS DE OSTOMIA E ADJUVANTES A FIM DE ATENDER AS DEMANDAS DA SEC. DE SAÚDE"
"75";"123";"PE-042-2023";"339/2023";"7808/2023";"PREGÃO";"SECRETARIA DE INFRAESTRUTURA E SERVIÇOS URBANOS";"Deserto";"DUPLICIDADE_PROCESSO_INTERNO";"J? existe processo interno com o mesmo administrativo ou edital (0025/2023 / MANUAL).";"0025/2023";"MANUAL";"FORNECIMENTO DE REVESTIMENTOS, ARGAMASSA E REJUNTE, A FIM DE ATENDER AS DEMANDAS DA SEINFRA"
"76";"124";"PE-036-2023";"98/2023";"2849/2023";"PREGÃO";"SECRETARIA DE INFRAESTRUTURA E SERVIÇOS URBANOS";"Homologado";"DUPLICIDADE_PROCESSO_INTERNO";"J? existe processo interno com o mesmo administrativo ou edital (0004/2023 / MANUAL).";"0004/2023";"MANUAL";"PRESTAÇÃO DE SERVIÇOS DE INSTALAÇÃO E MANUTENÇÃO DE GESSO COM MATERIAL INCLUSO, A FIM DE ATENDER A SEINFRA."
"77";"125";"PE-040-2023";"325/2023";"7565/2023";"PREGÃO";"SECRETARIA DE ESPORTE E LAZER";"Homologado";"DUPLICIDADE_PROCESSO_INTERNO";"J? existe processo interno com o mesmo administrativo ou edital (0014/2023 / MANUAL).";"0014/2023";"MANUAL";"MATERIAIS ESPORTIVOS 2 PARA ATENDER AS DEMANDAS DA SEC. DE ESPORTE E LAZER"
"78";"126";"PE-037-2023";"398/2023";"10344/2023";"PREGÃO";"SECRETARIA DE SAÚDE";"Homologado";"DUPLICIDADE_PROCESSO_INTERNO";"J? existe processo interno com o mesmo administrativo ou edital (0007/2023 / MANUAL).";"0007/2023";"MANUAL";"AQUISIÇÃO DE MATERIAIS ELÉTRICOS, A FIM DE ATENDER AS DEMANDAS DA SEC. DE SAÚDE."
"79";"127";"PE-044-2023";"245/2023";"7580/2023";"PREGÃO";"SECRETARIA DE ADMINISTRAÇÃO";"Homologado";"DUPLICIDADE_PROCESSO_INTERNO";"J? existe processo interno com o mesmo administrativo ou edital (0016/2023 / MANUAL).";"0016/2023";"MANUAL";"PRESTAÇÃO DE SERVIÇOS DE PRODUÇÃO E INSTALAÇÃO DE MATERIAL DE COMUNICAÇÃO VISUAL (PLACAS DIVERSAS, SINALIZAÇÃO, ADESIVOS, TOTENS, DENTRE OUTROS), A FIM DE ATENDER AS DEMANDAS DA SEC. DE ADM E PLANEJAMENTO."
"81";"130";"PE-039-2023";"477/2023";"12075/2023";"PREGÃO";"SECRETARIA DE SAÚDE";"Revogado";"DUPLICIDADE_PROCESSO_INTERNO";"J? existe processo interno com o mesmo administrativo ou edital (0010/2023 / MANUAL).";"0010/2023";"MANUAL";"AQUISIÇÃO DE MEDICAMENTO ESILATO DE NINTEDANIBE, A FIM DE ATENDER A DEMANDA JUDICIAL EM FAVOR DE SADRAQUE GOMES SANTOS."
"82";"131";"PE-038-2023";"443/2023";"11197/2023";"PREGÃO";"SECRETARIA DE ADMINISTRAÇÃO";"Homologado";"DUPLICIDADE_PROCESSO_INTERNO";"J? existe processo interno com o mesmo administrativo ou edital (0015/2023 / MANUAL).";"0015/2023";"MANUAL";"SERVIÇO DE PRODUÇÃO, ORGANIZAÇÃO E REALIZAÇÃO DE DIVERSOS EVENTOS NO MUNICÍPIO DE TEIXEIRA DE FREITAS"
"84";"133";"PE-047-2023";"359/2023";"8847/2023";"PREGÃO";"SECRETARIA DE ADMINISTRAÇÃO";"Deserto";"DUPLICIDADE_PROCESSO_INTERNO";"J? existe processo interno com o mesmo administrativo ou edital (0024/2023 / MANUAL).";"0024/2023";"MANUAL";"SERVIÇO DE REFORMA, RECAUCHUTAGEM, CONSERTO, VULCANIZAÇÃO E TROCA DE PNEUS, A FIM DE ATENDER AS DEMANDAS DA SECRETARIA MUN. DE ADM. E PLANEJAMENTO E DEMAIS SECRETARIAS."
"85";"134";"PE-048-2023";"385/2023";"9267/2023";"PREGÃO";"SECRETARIA DE ADMINISTRAÇÃO";"Deserto";"DUPLICIDADE_PROCESSO_INTERNO";"J? existe processo interno com o mesmo administrativo ou edital (0023/2023 / MANUAL).";"0023/2023";"MANUAL";"FORNECIMENTO DE GÊNERO ALIMENTÍCIO - PAES, A FIM DE ATENDER AS DEMANDAS DA SEC. MUN. DE ADMINISTRAÇÃO E PLANEJAMENTO E DEMAIS SECRETARIAS."
"87";"137";"PE-058-2023";"280/2023";"6752/2023";"PREGÃO";"SECRETARIA DE SAÚDE";"Suspenso";"DUPLICIDADE_PROCESSO_INTERNO";"J? existe processo interno com o mesmo administrativo ou edital (0029/2023 / MANUAL).";"0029/2023";"MANUAL";"AQUISIÇÃO DE AQUECEDOR, BOMBA E PLACA DE AQUECEDOR PARA PISCINA DO CER-IV"
"90";"140";"PE-076-2023";"464/2023";"12708/2023";"PREGÃO";"SECRETARIA DE SAÚDE";"Homologado";"DUPLICIDADE_PROCESSO_INTERNO";"J? existe processo interno com o mesmo administrativo ou edital (0039/2023 / MANUAL).";"0039/2023";"MANUAL";"AQUISIÇÃO DE EQUIPAMENTOS PERMANENTES PARA ATENDER AS DEMANDAS DA FISIUS - FISIOTERAPIA INTEGRADA."
"92";"142";"PE-060-2023";"491/2023";"12739/2023";"PREGÃO";"SECRETARIA DE SAÚDE";"Homologado";"DUPLICIDADE_PROCESSO_INTERNO";"J? existe processo interno com o mesmo administrativo ou edital (0033/2023 / MANUAL).";"0033/2023";"MANUAL";"FORNECIMENTO DE MEDICAMENTOS ONCOLÓGICOS PARA A UNACON, A FIM DE ATENDER AS DEMANDAS DA SEC. MUN. DE SAÚDE"
"93";"143";"PE-061-2023";"499/2023";"13013/2023";"PREGÃO";"SECRETARIA DE EDUCAÇÃO";"Homologado";"DUPLICIDADE_PROCESSO_INTERNO";"J? existe processo interno com o mesmo administrativo ou edital (0032/2023 / MANUAL).";"0032/2023";"MANUAL";"PRESTAÇÃO DE SERVIÇOS DE MANUTENÇÃO PREVENTIVA E CORRETIVA DE EQUIPAMENTOS COM INSUMO PARA IMPRESSORA 3D, A FIM DE ATENDER AS DEMANDAS DA SEC. MUN. DE EDUCAÇÃO E CULTURA"
"94";"145";"PE-059-2023";"578/2023";"14598/2023";"PREGÃO";"SECRETARIA DE SAÚDE";"Fracassado";"DUPLICIDADE_PROCESSO_INTERNO";"J? existe processo interno com o mesmo administrativo ou edital (0036/2023 / MANUAL).";"0036/2023";"MANUAL";"AQUISIÇÃO DE FILMES RADIOLÓGICOS PARA O CTO - SEC. MUN. DE SAÚDE"
"95";"146";"PE-050-2023";"556/2023";"13947/2023";"PREGÃO";"SECRETARIA DE INFRAESTRUTURA E SERVIÇOS URBANOS";"Homologado";"DUPLICIDADE_PROCESSO_INTERNO";"J? existe processo interno com o mesmo administrativo ou edital (0026/2023 / MANUAL).";"0026/2023";"MANUAL";"AQUISIÇÃO DE KIT LAVATÓRIO EM LOUÇA, PIA DE COZINHA E TELHA DE FIBROCIMENTO, A FIM DE ATENDER AS DEMANDAS DA SEINFRA."
"98";"149";"PE-051-2023";"594/2023";"1579/2023";"PREGÃO";"SECRETARIA DE SEGURANÇA E TRANSPORTE";"Homologado";"DUPLICIDADE_PROCESSO_INTERNO";"J? existe processo interno com o mesmo administrativo ou edital (0037/2023 / MANUAL).";"0037/2023";"MANUAL";"PRESTAÇÃO DE SERVIÇOS DE SINALIZAÇÃO VIÁRIA VERTICAL COM FORNECIMENTO E INSTALAÇÃO DE DISPOSITIVOS PARA MELHORIA DAS CONDIÇÕES DE SEGURANÇA E TRÁFEGO NO MUNICÍPIO DE TEIXEIRA DE FREITAS"
"99";"152";"PE-052-2023";"636/2023";"17494/2023";"PREGÃO";"SECRETARIA DE SAÚDE";"Homologado";"DUPLICIDADE_PROCESSO_INTERNO";"J? existe processo interno com o mesmo administrativo ou edital (0021/2023 / MANUAL).";"0021/2023";"MANUAL";"AQUISIÇÃO DE LUVAS CIRÚRGICAS E DE PROCEDIMENTOS A FIM DE ATENDER AS DEMANDAS DA SEC. MUN. DE SAÚDE."
"100";"153";"PE-055-2023";"530/2023";"12877/2023";"PREGÃO";"SECRETARIA DE SAÚDE";"Fracassado";"DUPLICIDADE_PROCESSO_INTERNO";"J? existe processo interno com o mesmo administrativo ou edital (0027/2023 / MANUAL).";"0027/2023";"MANUAL";"FORNECIMENTO DE MEDICAMENTOS DIVERSOS, A FIM DE ATENDER AS DEMANDAS DA SEC. MUN. DE SAÚDE"
"101";"154";"PE-054-2023";"615/2023";"17353/2023";"PREGÃO";"SECRETARIA DE PROMOÇÃO SOCIAL";"Homologado";"DUPLICIDADE_PROCESSO_INTERNO";"J? existe processo interno com o mesmo administrativo ou edital (0022/2023 / MANUAL).";"0022/2023";"MANUAL";"FORNECIMENTO DE MAMADEIRA, CHUCAS, BANHEIRA INFANTIL E KIT PENTE E ESCOVA PARA BEBÊ PARA COMPOR KIT NATALIDADE, A FIM DE ATENDER AS DEMANDAS DA SECRETARIA MUNICIPAL DE ASSISTÊNCIA SOCIAL."
"102";"155";"PE-053-2023";"385/2023";"9267/2023";"PREGÃO";"SECRETARIA DE ADMINISTRAÇÃO";"Homologado";"DUPLICIDADE_PROCESSO_INTERNO";"J? existe processo interno com o mesmo administrativo ou edital (0023/2023 / MANUAL).";"0023/2023";"MANUAL";"FORNECIMENTO DE GÊNERO ALIMENTÍCIO - PAES, A FIM DE ATENDER AS DEMANDAS DA SEC. MUN. DE ADMINISTRAÇÃO E PLANEJAMENTO E DEMAIS SECRETARIAS."
"104";"157";"PE-056-2023";"359/2023";"8847/2023";"PREGÃO";"SECRETARIA DE ADMINISTRAÇÃO";"Revogado";"DUPLICIDADE_PROCESSO_INTERNO";"J? existe processo interno com o mesmo administrativo ou edital (0024/2023 / MANUAL).";"0024/2023";"MANUAL";"SERVIÇO DE REFORMA, RECAUCHUTAGEM, CONSERTO, VULCANIZAÇÃO E TROCA DE PNEUS, A FIM DE ATENDER AS DEMANDAS DA SECRETARIA MUN. DE ADM. E PLANEJAMENTO E DEMAIS SECRETARIAS."
"105";"158";"PE-057-2023";"339/2023";"7808/2023";"PREGÃO";"SECRETARIA DE INFRAESTRUTURA E SERVIÇOS URBANOS";"Homologado";"DUPLICIDADE_PROCESSO_INTERNO";"J? existe processo interno com o mesmo administrativo ou edital (0025/2023 / MANUAL).";"0025/2023";"MANUAL";"FORNECIMENTO DE REVESTIMENTOS, ARGAMASSA E REJUNTE, A FIM DE ATENDER AS DEMANDAS DA SEINFRA"
"109";"162";"PE-065-2023";"551/2023";"13693/2023";"PREGÃO";"SECRETARIA DE ESPORTE E LAZER";"Homologado";"DUPLICIDADE_PROCESSO_INTERNO";"J? existe processo interno com o mesmo administrativo ou edital (0035/2023 / MANUAL).";"0035/2023";"MANUAL";"FORNECIMENTO DE MATERIAIS ESPORTIVOS - ITENS FRACASSADOS DO PE-005-2023, A FIM DE ATENDER AS DEMANDAS DA SECRETARIA MUNICIPAL DE ESPORTE E LAZER."
"111";"164";"PE-071-2023";"566/2023";"14506/2023";"PREGÃO";"SECRETARIA DE EDUCAÇÃO";"Homologado";"DUPLICIDADE_PROCESSO_INTERNO";"J? existe processo interno com o mesmo administrativo ou edital (0043/2023 / MANUAL).";"0043/2023";"MANUAL";"FORNECIMENTO DE ELEMENTOS FILTRANTES, A FIM DE ATENDER AS DEMANDAS DA SECRETARIA MUNICIPAL DE EDUCAÇÃO E CULTURA"
"113";"166";"PE-063-2023";"649/2023";"17581/2023";"PREGÃO";"SECRETARIA DE SAÚDE";"Fracassado";"DUPLICIDADE_PROCESSO_INTERNO";"J? existe processo interno com o mesmo administrativo ou edital (0042/2023 / MANUAL).";"0042/2023";"MANUAL";"AQUISIÇÃO DE MEDICAMENTO A FIM DE ATENDER DEMANDA JUDICIAL COM ANTECIPAÇÃO DE TUTELA PROVISÓRIA, À USUÁRIOS DO SUS"
"114";"167";"PE-062-2023";"158/2023";"12290/2023";"PREGÃO";"SECRETARIA DE ADMINISTRAÇÃO";"Homologado";"DUPLICIDADE_PROCESSO_INTERNO";"J? existe processo interno com o mesmo administrativo ou edital (0034/2023 / MANUAL).";"0034/2023";"MANUAL";"FORNECIMENTO DE MATERIAL PARA CABEAMENTO ESTRUTURADO, A FIM DE ATENDER AS DEMANDAS DA SEC. MUN. DE ADMINISTRAÇÃO E PLANEJAMENTO E DEMAIS SECRETARIAS"
"119";"172";"PE-081-2023";"624/2023";"7472/2023";"PREGÃO";"SECRETARIA DE SAÚDE";"Deserto";"DUPLICIDADE_PROCESSO_INTERNO";"J? existe processo interno com o mesmo administrativo ou edital (0046/2023 / MANUAL).";"0046/2023";"MANUAL";"PRESTAÇÃO DE SERVIÇOS DE PROCEDIMENTO MÉDICO OFTALMOLÓGICO, A FIM DE ATENDER DEMANDA JUDICICAL EM FAVOR DE JOSÉ RAMOS DA SILVA"
"120";"173";"PE-072-2023";"569/2023";"14416/2023";"PREGÃO";"SECRETARIA DE EDUCAÇÃO";"Homologado";"DUPLICIDADE_PROCESSO_INTERNO";"J? existe processo interno com o mesmo administrativo ou edital (0041/2023 / MANUAL).";"0041/2023";"MANUAL";"AQUISIÇÃO DE UTENSÍLIOS DOMÉSTICOS E EQUIPAMENTOS PERMANENTES (TERMO PAR 9230), A FIM DE ATENDER AS DEMANDAS DA SEC. MUN. DE EDUCAÇÃO E CULTURA."
"125";"178";"PE-066-2023";"1806/2022";"22767/2022";"PREGÃO";"SECRETARIA DE SAÚDE";"Fracassado";"DUPLICIDADE_PROCESSO_INTERNO";"J? existe processo interno com o mesmo administrativo ou edital (0015/2022 / MANUAL).";"0015/2022";"MANUAL";"Fornecimento de material de consumo (ARSENAL CIRÚRGICO PARA REALIZAÇÃO DE CIRURGIAS ORTOPÉDICAS), A FIM DE ATENDER AS DEMANDAS DA SEC. DE SAÚDE"
"128";"181";"PE-074-2023";"578/2023";"14598/2023";"PREGÃO";"SECRETARIA DE SAÚDE";"Homologado";"DUPLICIDADE_PROCESSO_INTERNO";"J? existe processo interno com o mesmo administrativo ou edital (0036/2023 / MANUAL).";"0036/2023";"MANUAL";"AQUISIÇÃO DE FILMES RADIOLÓGICOS PARA O CTO - SEC. MUN. DE SAÚDE"
"130";"184";"PE-049-2023";"501/2023";"";"PREGÃO";"SECRETARIA DE SAÚDE";"Fracassado";"DUPLICIDADE_PROCESSO_INTERNO";"J? existe processo interno com o mesmo administrativo ou edital (0038/2023 / MANUAL).";"0038/2023";"MANUAL";"Contratação de empresa especializada na prestação de serviços médicos na área de cardiologia intervencionista (HEMODINÂMICA), para a realização de procedimentos diagnósticos e terapêuticos eletivos e de urgência, além da execução de atividades inerentes aos serviços prestados no ambiente hospitalar, visando atender as demandas de alta e média complexidade do Hospital Municipal de Teixeira de Freitas (HMTF), de responsabilidade do Fundo Municipal de Saúde de Teixeira de Freitas, conforme condições, quantidades e exigências estabelecidas neste instrumento, para o período de um ano."
"134";"188";"PE-078-2023";"709/2023";"21230/2023";"PREGÃO";"SECRETARIA DE EDUCAÇÃO";"Homologado";"DUPLICIDADE_PROCESSO_INTERNO";"J? existe processo interno com o mesmo administrativo ou edital (0040/2023 / MANUAL).";"0040/2023";"MANUAL";"AQUISIÇÃO DE INSTRUMENTOS E ACESSÓRIOS MUSICAIS PARA AS BANDAS MARCIAIS DE 06 ESCOLAS MUNICIPAIS, ORGANIZADA E DIRECIONADAS PELA SECRETARIA MUNICIPAL DE EDUCAÇÃO E CULTURA"
"147";"202";"PE-082-2023";"2300/2022";"32876/2022";"PREGÃO";"SECRETARIA DE EDUCAÇÃO";"Homologado";"DUPLICIDADE_PROCESSO_INTERNO";"J? existe processo interno com o mesmo administrativo ou edital (0053/2023 / LEGADO).";"0053/2023";"LEGADO";"Aquisição de CÂMARA FRIGORÍFICA (bem permanente) para o Departamento da Merenda Escolar, sob responsabilidade da Secretaria Municipal de Educação e Cultura"
"171";"226";"PE-049-2023";"501/2023";"";"PREGÃO";"SECRETARIA DE SAÚDE";"Homologado";"DUPLICIDADE_PROCESSO_INTERNO";"J? existe processo interno com o mesmo administrativo ou edital (0038/2023 / MANUAL).";"0038/2023";"MANUAL";"Contratação de empresa especializada na prestação de serviços médicos na área de cardiologia intervencionista (HEMODINÂMICA), para a realização de procedimentos diagnósticos e terapêuticos eletivos e de urgência, além da execução de atividades inerentes aos serviços prestados no ambiente hospitalar, visando atender as demandas de alta e média complexidade do Hospital Municipal de Teixeira de Freitas (HMTF), de responsabilidade do Fundo Municipal de Saúde de Teixeira de Freitas, conforme condições, quantidades e exigências estabelecidas neste instrumento, para o período de um ano."
"182";"239";"CP-010-2023";"858/2023";"858/2023";"CONCORRÊNCIA PÚBLICA";"SECRETARIA DE INFRAESTRUTURA E SERVIÇOS URBANOS";"Revogado";"DUPLICIDADE_PROCESSO_INTERNO";"J? existe processo interno com o mesmo administrativo ou edital (0112/2023 / LEGADO).";"0112/2023";"LEGADO";"CONTRATAÇÃO DE EMPRESA ESPECIALIZADA EM EXECUÇÃO DE OBRAS DE MICRODRENAGEM E PAVIMENTAÇÃO EM BLOCO RETANGULAR INTERTRAVADO EM DIVERSAS RUAS DOS BAIRROS BELA VISTA E SANTA ROSA DE LIMA, NO MUNICÍPIO DE TEIXEIRA DE FREITAS - BA."
"184";"241";"PE-098-2023";"763/2023";"21167/2023";"PREGÃO";"SECRETARIA DE SAÚDE";"Fracassado";"DUPLICIDADE_PROCESSO_INTERNO";"J? existe processo interno com o mesmo administrativo ou edital (0124/2023 / LEGADO).";"0124/2023";"LEGADO";"AQUISIÇÃO DE EXTRATOR OBSTÉTRICO À VÁCUO E ASPIRADOR MANUAL INTRA UTERINO, A FIM DE ATENDER AS DEMANDAS DA SEC. MUN. DE SAÚDE"
"233";"297";"PE-158-2023";"1591/2023";"49730/2023";"PREGÃO";"SECRETARIA DE ADMINISTRAÇÃO";"Homologado";"DUPLICIDADE_PROCESSO_INTERNO";"J? existe processo interno com o mesmo administrativo ou edital (0044/2023 / MANUAL).";"0044/2023";"MANUAL";"PRESTAÇÃO DE SERVIÇO DE GESTÃO DE DOCUMENTOS, SUPORTE ILIMITADO, CONFIGURAÇÃO, ATUALIZAÇÕES E TREINAMENTO DE SERVIDORES E COM FORNECIMENTO DE LICENÇA DE SOFTWARE, A FIM DE ATENDER AS DEMANDAS DA SEC. MUN. DE ADMINISTRAÇÃO E DEMAIS SECRETARIAS."
"295";"2043";"ARP PE 064.2023";"330/2024";"5350/2024";"LICITAÇÃO EXTERNA";"SECRETARIA DE SAÚDE";"Homologado";"DUPLICIDADE_PROCESSO_INTERNO";"J? existe processo interno com o mesmo administrativo ou edital (0213/2023 / LEGADO).";"0213/2023";"LEGADO";"AQUISIÇÃO DE MEDICAMENTOS, INSUMOS FARMACÊUTICOS E CORRELATOS PARA ASSISTÊNCIA FARMACÊUTICA."
"307";"2824";"PE-XXX-2024";"1223/2024";"40642/2024";"PREGÃO";"SECRETARIA DE SAÚDE";"Devolvido à origem";"DUPLICIDADE_PROCESSO_INTERNO";"J? existe processo interno com o mesmo administrativo ou edital (0066/2024 / LEGADO).";"0066/2024";"LEGADO";"FORNECIMENTO DE BERÇOS DE CALOR RADIANTE (MATERIAIS PERMANENTES), A FIM DE ATENDER AS DEMANDAS DA SEC. MUN. DE SAÚDE"
"335";"4590";"PE-177-2022";"1950/2022";"2339";"PREGÃO";"SECRETARIA DE ADMINISTRAÇÃO";"Suspenso";"DUPLICIDADE_PROCESSO_INTERNO";"J? existe processo interno com o mesmo administrativo ou edital (0050/2023 / LEGADO).";"0050/2023";"LEGADO";"sistema de Registro de Preços para futura e eventual contratação de empresa especializada visando o fornecimento de material de consumo (BICA CORRIDA - RECICLADA, BRITA GRADUADA SIMPLES, SOLO RITA PEDREIRA, SOLO BRITA RECICLADA), para suprir as necessidades da Secretaria Municipal de Infraestrutura, Transporte e Serviços Urbanos, conforme especificações, quantitativos e condições descritas no Edital, Termo de Referência e seus Anexos"
"336";"4591";"PP-057-2022";"1950/2022";"2074";"PREGÃO";"SECRETARIA DE ADMINISTRAÇÃO";"Suspenso";"DUPLICIDADE_PROCESSO_INTERNO";"J? existe processo interno com o mesmo administrativo ou edital (0050/2023 / LEGADO).";"0050/2023";"LEGADO";"Sistema de Registro de Preços para futura e eventual contratação de empresa especializada para o fornecimento de material de consumo (BICA CORRIDA - RECICLADA, BRITA GRADUADA SIMPLES, SOLO RITA PEDREIRA, SOLO BRITA RECICLADA), para suprir às necessidades da Secretaria Municipal de Infraestrutura, Transporte e Serviços Urbanos, conforme especificações, quantitativos e condições descritas no Edital, Termo de Referência e seus Anexos."
"373";"1057";"ARP PE 407.2022";"332/2024";"5352/2024";"LICITAÇÃO EXTERNA";"SECRETARIA DE SAÚDE";"Homologado";"DUPLICIDADE_PROCESSO_INTERNO";"J? existe processo interno com o mesmo administrativo ou edital (0069/2022 / LEGADO).";"0069/2022";"LEGADO";"AQUISIÇÃO DE MEDICAMENTOS, INSUMOS FARMACÊUTICOS E CORRELATOS PARA ASSISTÊNCIA FARMACÊUTICA."
"374";"1058";"ARP PE 407.2022";"332/2024";"5352/2024";"LICITAÇÃO EXTERNA";"SECRETARIA DE SAÚDE";"Homologado";"DUPLICIDADE_PROCESSO_INTERNO";"J? existe processo interno com o mesmo administrativo ou edital (0069/2022 / LEGADO).";"0069/2022";"LEGADO";"AQUISIÇÃO DE MEDICAMENTOS, INSUMOS FARMACÊUTICOS E CORRELATOS PARA ASSISTÊNCIA FARMACÊUTICA."
"376";"1060";"ARP PE 079-2023";"334/2024";"5353/2024";"LICITAÇÃO EXTERNA";"SECRETARIA DE SAÚDE";"Homologado";"DUPLICIDADE_PROCESSO_INTERNO";"J? existe processo interno com o mesmo administrativo ou edital (0221/2023 / LEGADO).";"0221/2023";"LEGADO";"AQUISIÇÃO DE MEDICAMENTOS, INSUMOS FARMACÊUTICOS E CORRELATOS PARA ASSISTÊNCIA FARMACÊUTICA."
"377";"1061";"ARP PE 079.2023";"334/2024";"5353/2024";"LICITAÇÃO EXTERNA";"SECRETARIA DE SAÚDE";"Homologado";"DUPLICIDADE_PROCESSO_INTERNO";"J? existe processo interno com o mesmo administrativo ou edital (0221/2023 / LEGADO).";"0221/2023";"LEGADO";"AQUISIÇÃO DE MEDICAMENTOS, INSUMOS FARMACÊUTICOS E CORRELATOS PARA ASSISTÊNCIA FARMACÊUTICA."
"379";"1063";"ARP PE 150.2023";"331/2024";"5351/2024";"LICITAÇÃO EXTERNA";"SECRETARIA DE SAÚDE";"Homologado";"DUPLICIDADE_PROCESSO_INTERNO";"J? existe processo interno com o mesmo administrativo ou edital (0222/2023 / LEGADO).";"0222/2023";"LEGADO";"AQUISIÇÃO DE MEDICAMENTOS, INSUMOS FARMACÊUTICOS E CORRELATOS PARA ASSISTÊNCIA FARMACÊUTICA."
"380";"1064";"ARP PE 234.2023";"335/2024";"5354/2024";"LICITAÇÃO EXTERNA";"SECRETARIA DE SAÚDE";"Homologado";"DUPLICIDADE_PROCESSO_INTERNO";"J? existe processo interno com o mesmo administrativo ou edital (0212/2023 / LEGADO).";"0212/2023";"LEGADO";"AQUISIÇÃO DE MEDICAMENTOS, INSUMOS FARMACÊUTICOS E CORRELATOS PARA ASSISTÊNCIA FARMACÊUTICA."
"381";"1065";"ARP PE 234.2023";"335/2024";"5354/2022";"LICITAÇÃO EXTERNA";"SECRETARIA DE SAÚDE";"Homologado";"DUPLICIDADE_PROCESSO_INTERNO";"J? existe processo interno com o mesmo administrativo ou edital (0212/2023 / LEGADO).";"0212/2023";"LEGADO";"AQUISIÇÃO DE MEDICAMENTOS, INSUMOS FARMACÊUTICOS E CORRELATOS PARA ASSISTÊNCIA FARMACÊUTICA."
"382";"2048";"ARP PE 343.2022";"372/2024";"6706/2024";"LICITAÇÃO EXTERNA";"SECRETARIA DE SAÚDE";"Homologado";"DUPLICIDADE_PROCESSO_INTERNO";"J? existe processo interno com o mesmo administrativo ou edital (0025/2022 / LEGADO).";"0025/2022";"LEGADO";"AQUISIÇÃO DE MEDICAMENTOS, INSUMOS FARMACÊUTICOS E CORRELATOS PARA ASSISTÊNCIA FARMACÊUTICA."
"383";"2050";"ARP PE 055.2023";"371/2024";"6702/2024";"LICITAÇÃO EXTERNA";"SECRETARIA DE SAÚDE";"Homologado";"DUPLICIDADE_PROCESSO_INTERNO";"J? existe processo interno com o mesmo administrativo ou edital (0214/2023 / LEGADO).";"0214/2023";"LEGADO";"AQUISIÇÃO DE MEDICAMENTOS, INSUMOS FARMACÊUTICOS E CORRELATOS PARA ASSISTÊNCIA FARMACÊUTICA."
"393";"2060";"ARP PE 257.2023";"393/2024";"7595/2024";"LICITAÇÃO EXTERNA";"SECRETARIA DE SAÚDE";"Homologado";"DUPLICIDADE_PROCESSO_INTERNO";"J? existe processo interno com o mesmo administrativo ou edital (0226/2023 / LEGADO).";"0226/2023";"LEGADO";"AQUISIÇÃO DE MEDICAMENTOS, INSUMOS FARMACÊUTICOS E CORRELATOS PARA ASSISTÊNCIA FARMACÊUTICA."
"394";"2061";"ARP PE 257.2023";"393/2024";"7595/2024";"LICITAÇÃO EXTERNA";"SECRETARIA DE SAÚDE";"Homologado";"DUPLICIDADE_PROCESSO_INTERNO";"J? existe processo interno com o mesmo administrativo ou edital (0226/2023 / LEGADO).";"0226/2023";"LEGADO";"ALBENDAZOL, SUSPENSAO ORAL, 40MG/ML, FRASCO COM 10ML - ACIDO, FOLICO, 0,2 MG/ML, SOL. ORAL, FRASCO COM 30ML - AMOXICILINA, 500MG, CAPSULA. - CIPROFLOXACINO, 500MG, COMPRIMIDO."
"395";"2062";"ARP PE 257.2023";"393/2024";"7595/2024";"LICITAÇÃO EXTERNA";"SECRETARIA DE SAÚDE";"Homologado";"DUPLICIDADE_PROCESSO_INTERNO";"J? existe processo interno com o mesmo administrativo ou edital (0226/2023 / LEGADO).";"0226/2023";"LEGADO";"AQUISIÇÃO DE MEDICAMENTOS, INSUMOS FARMACÊUTICOS E CORRELATOS PARA ASSISTÊNCIA FARMACÊUTICA."
"397";"2064";"ARP PE 141.2023";"382/2024";"7052/2024";"LICITAÇÃO EXTERNA";"SECRETARIA DE SAÚDE";"Homologado";"DUPLICIDADE_PROCESSO_INTERNO";"J? existe processo interno com o mesmo administrativo ou edital (0227/2023 / LEGADO).";"0227/2023";"LEGADO";"AQUISIÇÃO DE MEDICAMENTOS, INSUMOS FARMACÊUTICOS E CORRELATOS PARA ASSISTÊNCIA FARMACÊUTICA."
"398";"2065";"ARP PE 141.2023";"382/2024";"7052/2024";"LICITAÇÃO EXTERNA";"SECRETARIA DE SAÚDE";"Homologado";"DUPLICIDADE_PROCESSO_INTERNO";"J? existe processo interno com o mesmo administrativo ou edital (0227/2023 / LEGADO).";"0227/2023";"LEGADO";"AQUISIÇÃO DE MEDICAMENTOS, INSUMOS FARMACÊUTICOS E CORRELATOS PARA ASSISTÊNCIA FARMACÊUTICA."
"399";"2066";"ARP PE 141.2023";"382/2024";"7052/2024";"LICITAÇÃO EXTERNA";"SECRETARIA DE SAÚDE";"Homologado";"DUPLICIDADE_PROCESSO_INTERNO";"J? existe processo interno com o mesmo administrativo ou edital (0227/2023 / LEGADO).";"0227/2023";"LEGADO";"AQUISIÇÃO DE MEDICAMENTOS, INSUMOS FARMACÊUTICOS E CORRELATOS PARA ASSISTÊNCIA FARMACÊUTICA."
"401";"2068";"ARP PE 153.2023";"381/2024";"7053/2024";"LICITAÇÃO EXTERNA";"SECRETARIA DE SAÚDE";"Homologado";"DUPLICIDADE_PROCESSO_INTERNO";"J? existe processo interno com o mesmo administrativo ou edital (0228/2023 / LEGADO).";"0228/2023";"LEGADO";"AQUISIÇÃO DE MEDICAMENTOS, INSUMOS FARMACÊUTICOS E CORRELATOS PARA ASSISTÊNCIA FARMACÊUTICA."
"402";"2069";"ARP PE 153.2023";"381/2024";"7053/2024";"LICITAÇÃO EXTERNA";"SECRETARIA DE SAÚDE";"Homologado";"DUPLICIDADE_PROCESSO_INTERNO";"J? existe processo interno com o mesmo administrativo ou edital (0228/2023 / LEGADO).";"0228/2023";"LEGADO";"AQUISIÇÃO DE MEDICAMENTOS, INSUMOS FARMACÊUTICOS E CORRELATOS PARA ASSISTÊNCIA FARMACÊUTICA."
"403";"2070";"ARP PE 153.2023";"381/2024";"7053/2024";"LICITAÇÃO EXTERNA";"SECRETARIA DE SAÚDE";"Homologado";"DUPLICIDADE_PROCESSO_INTERNO";"J? existe processo interno com o mesmo administrativo ou edital (0228/2023 / LEGADO).";"0228/2023";"LEGADO";"AQUISIÇÃO DE MEDICAMENTOS, INSUMOS FARMACÊUTICOS E CORRELATOS PARA ASSISTÊNCIA FARMACÊUTICA."
"405";"2072";"ARP PE 330.2022";"354/2024";"6570/2024";"LICITAÇÃO EXTERNA";"SECRETARIA DE SAÚDE";"Homologado";"DUPLICIDADE_PROCESSO_INTERNO";"J? existe processo interno com o mesmo administrativo ou edital (0070/2022 / LEGADO).";"0070/2022";"LEGADO";"AQUISIÇÃO DE MEDICAMENTOS, INSUMOS FARMACÊUTICOS E CORRELATOS PARA ASSISTÊNCIA FARMACÊUTICA."
"406";"2073";"ARP PE 330.2022";"354/2024";"6570/2024";"LICITAÇÃO EXTERNA";"SECRETARIA DE SAÚDE";"Homologado";"DUPLICIDADE_PROCESSO_INTERNO";"J? existe processo interno com o mesmo administrativo ou edital (0070/2022 / LEGADO).";"0070/2022";"LEGADO";"AQUISIÇÃO DE MEDICAMENTOS, INSUMOS FARMACÊUTICOS E CORRELATOS PARA ASSISTÊNCIA FARMACÊUTICA."
"407";"2075";"ARP PE 254.2023";"356/2024";"6569/2024";"LICITAÇÃO EXTERNA";"SECRETARIA DE SAÚDE";"Homologado";"DUPLICIDADE_PROCESSO_INTERNO";"J? existe processo interno com o mesmo administrativo ou edital (0225/2023 / LEGADO).";"0225/2023";"LEGADO";"AQUISIÇÃO DE MEDICAMENTOS, INSUMOS FARMACÊUTICOS E CORRELATOS PARA ASSISTÊNCIA FARMACÊUTICA."
"408";"2076";"ARP PE 234.2023";"335/2024";"5354/2024";"LICITAÇÃO EXTERNA";"SECRETARIA DE SAÚDE";"Homologado";"DUPLICIDADE_PROCESSO_INTERNO";"J? existe processo interno com o mesmo administrativo ou edital (0212/2023 / LEGADO).";"0212/2023";"LEGADO";"AQUISIÇÃO DE MEDICAMENTOS, INSUMOS FARMACÊUTICOS E CORRELATOS PARA ASSISTÊNCIA FARMACÊUTICA."
"409";"2077";"ARP PE 150.2023";"331/2024";"5351/2024";"LICITAÇÃO EXTERNA";"SECRETARIA DE SAÚDE";"Homologado";"DUPLICIDADE_PROCESSO_INTERNO";"J? existe processo interno com o mesmo administrativo ou edital (0222/2023 / LEGADO).";"0222/2023";"LEGADO";"AQUISIÇÃO DE MEDICAMENTOS, INSUMOS FARMACÊUTICOS E CORRELATOS PARA ASSISTÊNCIA FARMACÊUTICA."
"410";"2078";"ARP PE 150.2023";"331/2024";"5351/2024";"LICITAÇÃO EXTERNA";"SECRETARIA DE SAÚDE";"Homologado";"DUPLICIDADE_PROCESSO_INTERNO";"J? existe processo interno com o mesmo administrativo ou edital (0222/2023 / LEGADO).";"0222/2023";"LEGADO";"AQUISIÇÃO DE MEDICAMENTOS, INSUMOS FARMACÊUTICOS E CORRELATOS PARA ASSISTÊNCIA FARMACÊUTICA."
"411";"2079";"ARP PE 407.2022";"332/2024";"5352/2024";"LICITAÇÃO EXTERNA";"SECRETARIA DE SAÚDE";"Homologado";"DUPLICIDADE_PROCESSO_INTERNO";"J? existe processo interno com o mesmo administrativo ou edital (0069/2022 / LEGADO).";"0069/2022";"LEGADO";"AQUISIÇÃO DE MEDICAMENTOS, INSUMOS FARMACÊUTICOS E CORRELATOS PARA ASSISTÊNCIA FARMACÊUTICA."
"412";"2080";"ARP PE 407.2022";"332/2024";"5352/2024";"LICITAÇÃO EXTERNA";"SECRETARIA DE SAÚDE";"Homologado";"DUPLICIDADE_PROCESSO_INTERNO";"J? existe processo interno com o mesmo administrativo ou edital (0069/2022 / LEGADO).";"0069/2022";"LEGADO";"AQUISIÇÃO DE MEDICAMENTOS, INSUMOS FARMACÊUTICOS E CORRELATOS PARA ASSISTÊNCIA FARMACÊUTICA."
"413";"2081";"ARP PE 124.2023";"357/2024";"6573/2024";"LICITAÇÃO EXTERNA";"SECRETARIA DE SAÚDE";"Homologado";"DUPLICIDADE_PROCESSO_INTERNO";"J? existe processo interno com o mesmo administrativo ou edital (0223/2023 / LEGADO).";"0223/2023";"LEGADO";"AQUISIÇÃO DE MEDICAMENTOS, INSUMOS FARMACÊUTICOS E CORRELATOS PARA ASSISTÊNCIA FARMACÊUTICA."
"414";"2082";"ARP PE 124.2023";"357/2024";"6573/204";"LICITAÇÃO EXTERNA";"SECRETARIA DE SAÚDE";"Homologado";"DUPLICIDADE_PROCESSO_INTERNO";"J? existe processo interno com o mesmo administrativo ou edital (0223/2023 / LEGADO).";"0223/2023";"LEGADO";"Aquisição de medicamentos, insumos farmacêuticos e correlatos para assistência farmacêutica"
"415";"2083";"ARP PE 055.2023";"371/2024";"6702/2024";"LICITAÇÃO EXTERNA";"SECRETARIA DE SAÚDE";"Homologado";"DUPLICIDADE_PROCESSO_INTERNO";"J? existe processo interno com o mesmo administrativo ou edital (0214/2023 / LEGADO).";"0214/2023";"LEGADO";"Aquisição de medicamentos, insumos farmacêuticos e correlatos para assistência farmacêutica"
"416";"2084";"ARP PE 055.2023";"371/2024";"6702/2024";"LICITAÇÃO EXTERNA";"SECRETARIA DE SAÚDE";"Homologado";"DUPLICIDADE_PROCESSO_INTERNO";"J? existe processo interno com o mesmo administrativo ou edital (0214/2023 / LEGADO).";"0214/2023";"LEGADO";"Aquisição de medicamentos, insumos farmacêuticos e correlatos para assistência farmacêutica"
"417";"2085";"ARP PE 055.2023";"371/2024";"6702/2024";"LICITAÇÃO EXTERNA";"SECRETARIA DE SAÚDE";"Homologado";"DUPLICIDADE_PROCESSO_INTERNO";"J? existe processo interno com o mesmo administrativo ou edital (0214/2023 / LEGADO).";"0214/2023";"LEGADO";"AQUISIÇÃO DE MEDICAMENTOS, INSUMOS FARMACÊUTICOS E CORRELATOS PARA ASSISTÊNCIA FARMACÊUTICA."
"418";"2086";"ARP PE 055.2023";"371/2024";"6702/2024";"LICITAÇÃO EXTERNA";"SECRETARIA DE SAÚDE";"Homologado";"DUPLICIDADE_PROCESSO_INTERNO";"J? existe processo interno com o mesmo administrativo ou edital (0214/2023 / LEGADO).";"0214/2023";"LEGADO";"AQUISIÇÃO DE MEDICAMENTOS, INSUMOS FARMACÊUTICOS E CORRELATOS PARA ASSISTÊNCIA FARMACÊUTICA."
"419";"2087";"ARP PE 343.2022";"372/2024";"6706/2024";"LICITAÇÃO EXTERNA";"SECRETARIA DE SAÚDE";"Homologado";"DUPLICIDADE_PROCESSO_INTERNO";"J? existe processo interno com o mesmo administrativo ou edital (0025/2022 / LEGADO).";"0025/2022";"LEGADO";"AQUISIÇÃO DE MEDICAMENTOS, INSUMOS FARMACÊUTICOS E CORRELATOS PARA ASSISTÊNCIA FARMACÊUTICA."
"420";"2088";"ARP PE 343.2022";"372/2024";"6706/2024";"LICITAÇÃO EXTERNA";"SECRETARIA DE SAÚDE";"Homologado";"DUPLICIDADE_PROCESSO_INTERNO";"J? existe processo interno com o mesmo administrativo ou edital (0025/2022 / LEGADO).";"0025/2022";"LEGADO";"AQUISIÇÃO DE MEDICAMENTOS, INSUMOS FARMACÊUTICOS E CORRELATOS PARA ASSISTÊNCIA FARMACÊUTICA."
"421";"2089";"ARP PE 343.2022";"372/2024";"6706/2024";"LICITAÇÃO EXTERNA";"SECRETARIA DE SAÚDE";"Homologado";"DUPLICIDADE_PROCESSO_INTERNO";"J? existe processo interno com o mesmo administrativo ou edital (0025/2022 / LEGADO).";"0025/2022";"LEGADO";"AQUISIÇÃO DE MEDICAMENTOS, INSUMOS FARMACÊUTICOS E CORRELATOS PARA ASSISTÊNCIA FARMACÊUTICA."
"422";"2090";"ARP PE 343.2022";"372/2024";"6706/2024";"LICITAÇÃO EXTERNA";"SECRETARIA DE SAÚDE";"Homologado";"DUPLICIDADE_PROCESSO_INTERNO";"J? existe processo interno com o mesmo administrativo ou edital (0025/2022 / LEGADO).";"0025/2022";"LEGADO";"AQUISIÇÃO DE MEDICAMENTOS, INSUMOS FARMACÊUTICOS E CORRELATOS PARA ASSISTÊNCIA FARMACÊUTICA."
"423";"2091";"ARP PE 343.2022";"372/2024";"6706/2024";"LICITAÇÃO EXTERNA";"SECRETARIA DE SAÚDE";"Homologado";"DUPLICIDADE_PROCESSO_INTERNO";"J? existe processo interno com o mesmo administrativo ou edital (0025/2022 / LEGADO).";"0025/2022";"LEGADO";"AQUISIÇÃO DE MEDICAMENTOS, INSUMOS FARMACÊUTICOS E CORRELATOS PARA ASSISTÊNCIA FARMACÊUTICA."
"424";"2092";"ARP PE 079.2023";"334/2024";"5353/2024";"LICITAÇÃO EXTERNA";"SECRETARIA DE SAÚDE";"Homologado";"DUPLICIDADE_PROCESSO_INTERNO";"J? existe processo interno com o mesmo administrativo ou edital (0221/2023 / LEGADO).";"0221/2023";"LEGADO";"AQUISIÇÃO DE MEDICAMENTOS, INSUMOS FARMACÊUTICOS E CORRELATOS PARA ASSISTÊNCIA FARMACÊUTICA."
"425";"2093";"ARP PE 079.2023";"334/2024";"5353/2024";"LICITAÇÃO EXTERNA";"SECRETARIA DE SAÚDE";"Homologado";"DUPLICIDADE_PROCESSO_INTERNO";"J? existe processo interno com o mesmo administrativo ou edital (0221/2023 / LEGADO).";"0221/2023";"LEGADO";"AQUISIÇÃO DE MEDICAMENTOS, INSUMOS FARMACÊUTICOS E CORRELATOS PARA ASSISTÊNCIA FARMACÊUTICA."
"426";"2094";"ARP PE 079.2023";"334/2024";"5353/2024";"LICITAÇÃO EXTERNA";"SECRETARIA DE SAÚDE";"Homologado";"DUPLICIDADE_PROCESSO_INTERNO";"J? existe processo interno com o mesmo administrativo ou edital (0221/2023 / LEGADO).";"0221/2023";"LEGADO";"AQUISIÇÃO DE MEDICAMENTOS, INSUMOS FARMACÊUTICOS E CORRELATOS PARA ASSISTÊNCIA FARMACÊUTICA."
"487";"2596";"PE-020-2024";"576/2024";"15439/2024";"PREGÃO";"SECRETARIA DE ADMINISTRAÇÃO";"Fracassado";"DUPLICIDADE_PROCESSO_INTERNO";"J? existe processo interno com o mesmo administrativo ou edital (0002/2024 / MANUAL).";"0002/2024";"MANUAL";"FORNECIMENTO DE GÁS DE COZINHA, VASILHAME E ACESSÓRIOS, A FIM DE ATENDER AS DEMANDAS DA SEC. MUN. DE ADMINISTRAÇÃO E DEMAIS SECRETARIAS"
"500";"2610";"3-DLE-026-2024";"623/2024";"17954/2024";"DISPENSA";"SECRETARIA DE SAÚDE";"Deserto";"DUPLICIDADE_PROCESSO_INTERNO";"J? existe processo interno com o mesmo administrativo ou edital (0235/2024 / LEGADO).";"0235/2024";"LEGADO";"EXAME DE IMAGEM PARA AVALIAÇÃO DE NEOPLASIA E ESTADIAMENTOSISTÊMICO"
"506";"2616";"3-IL-061-2024";"665/2024";"18980/2024";"INEXIGIBILIDADE";"SECRETARIA DE SAÚDE";"Homologado";"DUPLICIDADE_PROCESSO_INTERNO";"J? existe processo interno com o mesmo administrativo ou edital (0146/2024 / LEGADO).";"0146/2024";"LEGADO";"LOCAÇÃO DE IMÓVEL PARA REINSTALAÇÃO DA UNIDADE BÁSICA DE SAÚDE RURAL II E III, DE RESPONSABILIDADE DA SECRETARIA MUNICIPAL DE SAÚDE"
"508";"2618";"PE-XXX-2024";"594/2024";"15834/2024";"PREGÃO";"SECRETARIA DE EDUCAÇÃO";"Devolvido à origem";"DUPLICIDADE_PROCESSO_INTERNO";"J? existe processo interno com o mesmo administrativo ou edital (0066/2024 / LEGADO).";"0066/2024";"LEGADO";"FORNECIMENTO DE CONJUNTOS ALUNOS, TAM. 3, 4, 6 E MESA INFANTIL SEXTAVADA, ESTANTE EM AÇO E ARMÁRIOS, A FIM DE ATENDER AS DEMANDAS DA SEC. MUN. DE EDUCAÇÃO."
"523";"2634";"2-DLS-012-2024";"688/2024";"18932/2024";"DISPENSA";"SECRETARIA DE ADMINISTRAÇÃO";"Arquivado";"DUPLICIDADE_PROCESSO_INTERNO";"J? existe processo interno com o mesmo administrativo ou edital (0153/2024 / LEGADO).";"0153/2024";"LEGADO";"AQUISIÇÃO DE GÊNEROS ALIMENTÍCIOS - HORTIFRUTI"
"561";"2678";"PE-049-2024";"576/2024";"15439/2024";"PREGÃO";"SECRETARIA DE ADMINISTRAÇÃO";"Fracassado";"DUPLICIDADE_PROCESSO_INTERNO";"J? existe processo interno com o mesmo administrativo ou edital (0002/2024 / MANUAL).";"0002/2024";"MANUAL";"Contratação de empresa especializada no fornecimento de GÁS DE COZINHA, VASILHAMES E REGULADORES DE CILINDRO DE GÁS (material de consumo), a fim de atender as demandas da Secretaria Municipal de Administração e demais secretarias, conforme condições, quantidades e especificações no Edital, Termo de Referência e seus Anexos."
"588";"2707";"PE-XXX-2024";"760/2024";"37908/2024";"PREGÃO";"SECRETARIA DE ADMINISTRAÇÃO";"Arquivado";"DUPLICIDADE_PROCESSO_INTERNO";"J? existe processo interno com o mesmo administrativo ou edital (0066/2024 / LEGADO).";"0066/2024";"LEGADO";"[SRP] - FORNECIMENTO DE MATERIAIS DE LIMPEZA, A FIM DE ATENDER AS DEMANDAS DA SEC. MUN. DE ADMINISTRAÇÃO E DEMAIS SECRETARIAS."
"591";"2710";"3-DLE-046-2024";"844/2024";"";"DISPENSA";"SECRETARIA DE SAÚDE";"Homologado";"DUPLICIDADE_PROCESSO_INTERNO";"J? existe processo interno com o mesmo administrativo ou edital (0196/2024 / LEGADO).";"0196/2024";"LEGADO";"BRINQUEDOS PARA NOVA UMMI"
"610";"2734";"PE-070-2024";"861/2024";"24935/2024";"PREGÃO";"SECRETARIA DE ADMINISTRAÇÃO";"Suspenso";"DUPLICIDADE_PROCESSO_INTERNO";"J? existe processo interno com o mesmo administrativo ou edital (0207/2024 / LEGADO).";"0207/2024";"LEGADO";"PRESTAÇÃO DE SERVIÇOS DE MANUTENÇÃO PREVENTIVA E CORRETIVA E/COM REPOSIÇÃO DE PEÇAS DE GERADOR DE ENERGIA, A FIM DE ATENDER AS DEMANDAS DA SEC. MUN DE ADMINISTRAÇÃO E DEMAIS SECRETARIAS"
"611";"2735";"PE-071-2024";"928/2024";"29637/2024";"PREGÃO";"SECRETARIA DE SAÚDE";"Homologado";"DUPLICIDADE_PROCESSO_INTERNO";"J? existe processo interno com o mesmo administrativo ou edital (0216/2024 / LEGADO).";"0216/2024";"LEGADO";"AQUISIÇÃO DE APARELHO DE RAIO X PANORÂMICO (MATERIAL PERMANENTE), A FIM DE ATENDER AS DEMANDAS DA SEC. MUN. DE SAÚDE."
"625";"2751";"PE-XXX-2024";"1006/2024";"31780/2024";"PREGÃO";"SECRETARIA DE SAÚDE";"Devolvido à origem";"DUPLICIDADE_PROCESSO_INTERNO";"J? existe processo interno com o mesmo administrativo ou edital (0066/2024 / LEGADO).";"0066/2024";"LEGADO";"PRESTAÇÃO DE SERVIÇOS DE COLETA, TRANSPORTE, TRATAMENTO E DESTINAÇÃO FINAL DE RESÍDUOS HOSPITALARES, A FIM DE ATENDER AS DEMANDAS DA SEC. MUN. DE SAÚDE."
"628";"2754";"PE-074-2024";"828/2024";"24137/2024";"PREGÃO";"SECRETARIA DE SAÚDE";"Homologado";"DUPLICIDADE_PROCESSO_INTERNO";"J? existe processo interno com o mesmo administrativo ou edital (0191/2024 / LEGADO).";"0191/2024";"LEGADO";"contratação de empresa para aquisição de UTENSÍLIOS DOMÉSTIOS (material de consumo), a fim de atender as demandas da Secretaria Municipal de Saúde, conforme condições, quantidades e especificações no Edital, Termo de Referência e seus Anexos."
"635";"2761";"PE-090-2024";"464/2024";"32684/2024";"PREGÃO";"SECRETARIA DE SAÚDE";"Suspenso";"DUPLICIDADE_PROCESSO_INTERNO";"J? existe processo interno com o mesmo administrativo ou edital (0144/2024 / LEGADO).";"0144/2024";"LEGADO";"SERVIÇO DE MANUTENÇÃO CORRETIVA E PREVENTIVA E/COM REPOSIÇÃO DE PEÇAS DOS EQUIPAMENTOS HOSPITALARES/AMBULATORIAIS, A FIM DE ATENDER AS DEMANDAS DA SEC. MUN. DE SAÚDE."
"638";"2764";"ARP PE 300.2023";"1110/2024";"36135/2024";"LICITAÇÃO EXTERNA";"SECRETARIA DE SAÚDE";"Homologado";"DUPLICIDADE_PROCESSO_INTERNO";"J? existe processo interno com o mesmo administrativo ou edital (0220/2023 / LEGADO).";"0220/2023";"LEGADO";"ATA DE REGISTRO DE PREÇO COMPARTILHADO COM O GOVERNO DO ESTADO DA BAHIA E MUNICÍPIOS, PARA AQUISIÇÃO DE MEDICAMENTOS DO COMPONENTE BÁSICO DA ASSISTÊNCIA FARMACÊUTICA."
"641";"2768";"3-DLS-025-2024";"908/2024";"32276/2024";"DISPENSA";"SECRETARIA DE SAÚDE";"Homologado";"DUPLICIDADE_PROCESSO_INTERNO";"J? existe processo interno com o mesmo administrativo ou edital (0250/2024 / LEGADO).";"0250/2024";"LEGADO";"Contratação de empresa especializada em prestação de serviços de MANUTENÇÃO CORRETIVA DE ARCO CIRÚRGICO, para atender as necessidades da Secretaria Municipal de Saúde, conforme condições, quantidades e exigências estabelecidas neste Aviso de Contratação Direta, Termo de Referência - TR e seus Anexos."
"649";"2777";"ARP PE 211.2023";"1104/2024";"36150/2024";"LICITAÇÃO EXTERNA";"SECRETARIA DE SAÚDE";"Homologado";"DUPLICIDADE_PROCESSO_INTERNO";"J? existe processo interno com o mesmo administrativo ou edital (0242/2023 / LEGADO).";"0242/2023";"LEGADO";"ATA DE REGISTRO DE PREÇO COMPARTILHADO COM O GOVERNO DO ESTADO DA BAHIA E MUNICÍPIOS, PARA AQUISIÇÃO DE MEDICAMENTOS DO COMPONENTE BÁSICO DA ASSISTÊNCIA FARMACÊUTICA."
"650";"2778";"";"976/2024";"37629/2024";"PREGÃO";"SECRETARIA DE ADMINISTRAÇÃO";"Devolvido à origem";"DUPLICIDADE_PROCESSO_INTERNO";"J? existe processo interno com o mesmo administrativo ou edital (0227/2024 / LEGADO).";"0227/2024";"LEGADO";"[SRP] - FORNECIMENTO DE ELETRÔNICOS E ELETRODOMÉSTICOS PARA ATENDER AS DEMANDAS DA SEC. MUN. DE ADMINISTRAÇÃO E DEMAIS SECRETARIAS."
"662";"2791";"ARP PE 171.2023";"1125/2024";"36842/2024";"LICITAÇÃO EXTERNA";"SECRETARIA DE SAÚDE";"Arquivado";"DUPLICIDADE_PROCESSO_INTERNO";"J? existe processo interno com o mesmo administrativo ou edital (0231/2023 / LEGADO).";"0231/2023";"LEGADO";"ACIDO VALPROICO 500MG COMPRIMIDO"
"663";"2792";"ARP PE 326.2023";"1122/2024";"36849/2024";"LICITAÇÃO EXTERNA";"SECRETARIA DE SAÚDE";"Homologado";"DUPLICIDADE_PROCESSO_INTERNO";"J? existe processo interno com o mesmo administrativo ou edital (0217/2023 / LEGADO).";"0217/2023";"LEGADO";"AQUISIÇÃO DE MEDICAMENTOS, INSUMOS FARMACÊUTICOS E CORRELATOS PARA ASSISTÊNCIA FARMACÊUTICA (ACIDO valproico, xarope 50mg/mL fr. com 100mL, DEXAMETASONA, fosfato dissodico, 4mg/ml, solucao injetavel, ampola ou frasco-ampola com 2,5mL, etc.)"
"664";"2793";"ARP PE 314.2023";"1121/2024";"36853/2024";"LICITAÇÃO EXTERNA";"SECRETARIA DE SAÚDE";"Arquivado";"DUPLICIDADE_PROCESSO_INTERNO";"J? existe processo interno com o mesmo administrativo ou edital (0215/2023 / LEGADO).";"0215/2023";"LEGADO";"ATA DE REGISTRO DE PREÇO COMPARTILHADO COM O GOVERNO DO ESTADO DA BAHIA E MUNICÍPIOS PARA AQUISIÇÃO DE MEDICAMENTOS DO COMPONENTE BÁSICO DA ASSISTêNCIA FARMACÊUTICA."
"665";"2794";"ARP PE 314.2023";"1121/2024";"36853/2024";"LICITAÇÃO EXTERNA";"SECRETARIA DE SAÚDE";"Homologado";"DUPLICIDADE_PROCESSO_INTERNO";"J? existe processo interno com o mesmo administrativo ou edital (0215/2023 / LEGADO).";"0215/2023";"LEGADO";"ATA DE REGISTRO DE PREÇO COMPARTILHADO COM O GOVERNO DO ESTADO DA BAHIA E MUNICÍPIOS PARA AQUISIÇÃO DE MEDICAMENTOS PARA O COMPONENTE BÁSICO DA ASSISTÊNCIA FARMACÊUTICA."
"666";"2795";"ARP PE 291.2023";"1120/2024";"36855/2024";"LICITAÇÃO EXTERNA";"SECRETARIA DE SAÚDE";"Homologado";"DUPLICIDADE_PROCESSO_INTERNO";"J? existe processo interno com o mesmo administrativo ou edital (0240/2023 / LEGADO).";"0240/2023";"LEGADO";"ATA DE RGISTRO DE PREÇOS COMPARTILHADO COM O GOVERNO DO ESTADO DA BAHIA E MUNICÍPIOS PARA AQUISIÇÃO DE MEDICAMENTOS DO COMPENENTE BÁSICO DA ASSISTÊNCIA FARCÊUTICA"
"667";"2796";"ARP PE 288.2023";"1126/2024";"36847/2024";"LICITAÇÃO EXTERNA";"SECRETARIA DE SAÚDE";"Homologado";"DUPLICIDADE_PROCESSO_INTERNO";"J? existe processo interno com o mesmo administrativo ou edital (0232/2023 / LEGADO).";"0232/2023";"LEGADO";"ATA DE REGISTRO DE PREÇOS COMPARTILHADO COM O GOVERNO DO ESTADO DA BAHIA E MUNICIPIOS PARA AQUISIÇÃO DE MEDICAMENTOS PARA O COMPONENTE BÁSICO DA ASSISSTÊNCIA FARMACÊUTICA."
"670";"2800";"ARP PE 306.2023";"1188/2024";"36147/2024";"LICITAÇÃO EXTERNA";"SECRETARIA DE SAÚDE";"Homologado";"DUPLICIDADE_PROCESSO_INTERNO";"J? existe processo interno com o mesmo administrativo ou edital (0216/2023 / LEGADO).";"0216/2023";"LEGADO";"AQUISIÇÃO DE MEDICAMENTOS, INSUMOS FARMACÊUTICOS E CORRELATOS PARA ASSISTÊNCIA FARMACÊUTIC (PREDNISONA, 5mg, comprimido, ONDANSETRONA, cloridrato 5mg ( ondansetrona 4mg ), comprimido orodispersivel (RP MUNICÍPIOS), etc)"
"677";"2808";"PE-087-2024";"880/2024";"38223/2024";"PREGÃO";"SECRETARIA DE SAÚDE";"Homologado";"DUPLICIDADE_PROCESSO_INTERNO";"J? existe processo interno com o mesmo administrativo ou edital (0231/2024 / LEGADO).";"0231/2024";"LEGADO";"SRP - FORNECIMENTO DE COMPRESSAS DE GAZE HIDRÓFILA, ALGODÃO, AVENTAIS PARA PROCEDIMENTO E AVENTAIS RADIOLÓGICOS, A FIM DE ATENDER AS DEMANDAS DA SEC. MUN. DE SAÚDE"
"680";"2811";"ARP PE 086.2024";"1123/2024";"36850/2024";"LICITAÇÃO EXTERNA";"SECRETARIA DE SAÚDE";"Arquivado";"DUPLICIDADE_PROCESSO_INTERNO";"J? existe processo interno com o mesmo administrativo ou edital (0261/2024 / LEGADO).";"0261/2024";"LEGADO";"ATA DE REGISTRO DE PREÇOS COMPARTILHADO COM O GOVERNO DO ESTADO DA BAHIA E MUNICIPIOS PARA AQUISIÇÃO DE MEDICAMENTOS E INSUMOS FARMACEUTICOS DO COMPONENTE BASICO DA ASSISTENCIA FARMACEUTICA."
"725";"3141";"3-IL-268-2021";"1214/2021";"3733";"INEXIGIBILIDADE";"SECRETARIA DE SAÚDE";"Homologado";"DUPLICIDADE_PROCESSO_INTERNO";"J? existe processo interno com o mesmo administrativo ou edital (0056/2021 / LEGADO).";"0056/2021";"LEGADO";"CREDENCIAMENTO MÉDICO PARA FINS DE CONTRATAÇÃO DE PROFISSIONAL ESPECIALIZADO PARA PRESTAÇÃO DE SERVIÇOS DESTINADOS AO COMPLEXO REGULADOR DE TEIXEIRA DE FREITAS/BAHIA"
"795";"3218";"4-DL-139-2016";"4/DL/139/2016";"15184848";"DISPENSA";"SECRETARIA DE ADMINISTRAÇÃO";"Homologado";"OBJETO_INCOMPLETO";"O objeto saneado ainda est? incompleto para importa??o.";"";"";"."
"812";"4139";"PP-004-2022";"1892/2021";"38671";"PREGÃO";"SECRETARIA DE ADMINISTRAÇÃO";"Homologado";"DUPLICIDADE_PROCESSO_INTERNO";"J? existe processo interno com o mesmo administrativo ou edital (0041/2022 / LEGADO).";"0041/2022";"LEGADO";"O Município de Teixeira de Freitas-BA, torna público, para conhecimento dos interessados, que promoverá licitação, na modalidade PREGÃO PRESENCIAL PARA SISTEMA DE REGISTRO DE PREÇOS, do tipo MENOR PREÇO GLOBAL, visando a futura e eventual contratação de empresa especializada na prestação de serviços em pneus (manutenção, vulcanização, troca, reforma/recauchutagem), conforme especificações, quantitativos e condições descritas no Termo de Referência e seu Anexo."
"843";"4171";"3-DL-023-2022";"050/2022";"3875";"DISPENSA";"SECRETARIA DE SAÚDE";"Homologado";"DUPLICIDADE_PROCESSO_INTERNO";"J? existe processo interno com o mesmo administrativo ou edital (0246/2023 / LEGADO).";"0246/2023";"LEGADO";"SOLICITA-SE, EM CARATER EMERGENCIAL, A LOCAÇÃO DE GERADOR PARA ATENDER DEMANDA DA VIGILANCIA EPIDEMIOLOGICA - VIEP DO MUNICIPIO DE TEIXEIRA DE FREITAS."
"856";"4185";"3-IL-195-2022";"1030/2022";"3996";"INEXIGIBILIDADE";"SECRETARIA DE SAÚDE";"Homologado";"DUPLICIDADE_PROCESSO_INTERNO";"J? existe processo interno com o mesmo administrativo ou edital (0051/2022 / LEGADO).";"0051/2022";"LEGADO";"Credenciamento de pessoas jurídicas para a prestação de SERVIÇOS MÉDICOS OFTALMOLÓGICOS, para o atendimento aos usuários SUS do Município de Teixeira de Freitas-BA, de acordo com às especificações da Tabela SIGTAP/SUS."
"857";"4186";"CD-001-2022";"1030/2022";"3953";"CREDENCIAMENTO";"SECRETARIA DE SAÚDE";"Em Andamento";"DUPLICIDADE_PROCESSO_INTERNO";"J? existe processo interno com o mesmo administrativo ou edital (0051/2022 / LEGADO).";"0051/2022";"LEGADO";"O Município de Teixeira de Freitas-BA, torna público, para conhecimento dos interessados, que promoverá Credenciamento de pessoas jurídicas para a prestação de serviços médicos oftalmológicos, para o atendimento aos usuários SUS do Município de Teixeira de Freitas-BA, conforme especificações e quantitativos contidos no anexo I do presente edital, de acordo com a conveniência e necessidade da Administração Pública Municipal, podendo o atendimento vir a ser prestado em unidade disponibilizada pelo ente público, em unidade móvel, em espaço próprio pertencente ao interessado, em espaço locado ou terceirizado, às expensas do contratado e em regime de mutirão, nos procedimentos relacionados neste Edital"
"870";"4199";"TP-009-2022";"1056/2022";"3968";"TOMADA DE PREÇO";"SECRETARIA DE ADMINISTRAÇÃO";"Homologado";"DUPLICIDADE_PROCESSO_INTERNO";"J? existe processo interno com o mesmo administrativo ou edital (0054/2022 / LEGADO).";"0054/2022";"LEGADO";"O Município de Teixeira de Freitas-BA, torna público, para conhecimento dos interessados, que promoverá licitação, na modalidade TOMADA DE PREÇOS para contratação de empresa especializada visando a execução dos serviços do Projeto Técnico Social, através do Programa de Saneamento integrado nas Bacia do Rio Itanhém - 1ª Fase da 3ª etapa - Bacia do Lava-Pés 1, no Município de Teixeira de Freitas/BA, conforme especificações e quantitativos estimados constantes no Termo de Referência e seus anexos."
"874";"4203";"PE-075-2022";"1061/2022";"3985";"PREGÃO";"SECRETARIA DE SAÚDE";"Deserta";"DUPLICIDADE_PROCESSO_INTERNO";"J? existe processo interno com o mesmo administrativo ou edital (0128/2022 / LEGADO).";"0128/2022";"LEGADO";"PREGÃO ELETRÔNICO, para SISTEMA DE REGISTRO DE PREÇOS do tipo MENOR PREÇO GLOBAL, visando a futura e eventual contratação de empresa para aquisição de materiais de consumo médico-hospitalares (MATERIAIS PARA PROCEDIMENTO CIRÚRGICO DE ARTROSCOPIA DE JOELHO), com cessão de uso gratuito, em regime de comodato, dos equipamentos necessários à completa execução dos procedimentos, a fim de atender as demandas do Centro Cirúrgico do Hospital Municipal de Teixeira de Freitas (HMTF), sob responsabilidade da Secretaria Municipal de Saúde, conforme condições, quantidades e especificações no Edital, Termo de Referência e seus Anexos"
"892";"4229";"TP-008-2022";"1110/2022";"3958";"TOMADA DE PREÇO";"SECRETARIA DE ADMINISTRAÇÃO";"Arquivado";"DUPLICIDADE_PROCESSO_INTERNO";"J? existe processo interno com o mesmo administrativo ou edital (0052/2022 / LEGADO).";"0052/2022";"LEGADO";"O Município de Teixeira de Freitas-BA, torna público, para conhecimento dos interessados, que promoverá licitação, na modalidade TOMADA DE PREÇOS PARA CONTRATAÇÃO DE EMPRESA ESPECIALIZADA PARA EXECUÇÃO DE OBRAS DE PAVIMENTAÇÃO, DRENAGEM, PASSEIOS COM ACESSIBILIDADE, SINALIZAÇÃO HORIZONTAL E VERTICAL NO ENTORNO DA PRAÇA JOANA ANGELICA NO MUNICÍPIO DE TEIXEIRA DE FREITAS-BA."
"895";"4232";"PP-061-2022";"1117/2022";"2186";"PREGÃO";"SECRETARIA DE ADMINISTRAÇÃO";"Suspenso";"DUPLICIDADE_PROCESSO_INTERNO";"J? existe processo interno com o mesmo administrativo ou edital (0072/2023 / LEGADO).";"0072/2023";"LEGADO";"Contratação de empresa especializada na prestação de serviço de manutenção de geradores de energia com fornecimento de peças, a fim de atender às demandas da Secretaria Municipal de Administração e Planejamento e demais secretarias, conforme especificações, quantitativos e condições descritas no Edital, Termo de Referência e seus Anexos."
"911";"4248";"PE-116-2022";"1151/2022";"1937";"PREGÃO";"SECRETARIA DE ADMINISTRAÇÃO";"Homologado";"DUPLICIDADE_PROCESSO_INTERNO";"J? existe processo interno com o mesmo administrativo ou edital (0002/2022 / MANUAL).";"0002/2022";"MANUAL";"Contratação de empresa especializada na prestação de serviços de despachante, para conduzir a tramitação de documentos necessários aos processos de matrículas de imóveis, protocolamento e autenticação de documentos para atender as demandas do Município de Teixeira de Freitas-BA, conforme especificações, quantitativos e condições descritas no Termo de Referência e seu Anexos"
"921";"4258";"PE-137-2022";"1163/2022";"2010";"PREGÃO";"SECRETARIA DE ADMINISTRAÇÃO";"Homologado";"DUPLICIDADE_PROCESSO_INTERNO";"J? existe processo interno com o mesmo administrativo ou edital (0003/2022 / MANUAL).";"0003/2022";"MANUAL";"Contratação de empresa especializada para aquisição de equipamento e material permanente: Rádios Comunicadores Portáteis, com acessórios, a fim de atender às demandas da Secretaria Municipal de Segurança e Cidadania, conforme especificações, quantitativos e condições descritas no Edital, Termo de Referência e seus Anexos."
"922";"4259";"PE-119-2022";"1163/2022";"1938";"PREGÃO";"SECRETARIA DE ADMINISTRAÇÃO";"Fracassada";"DUPLICIDADE_PROCESSO_INTERNO";"J? existe processo interno com o mesmo administrativo ou edital (0003/2022 / MANUAL).";"0003/2022";"MANUAL";"Contratação de empresa especializada para aquisição de equipamento e material permanente: Rádios Comunicadores Portáteis, com acessórios, a fim de atender às demandas da Secretaria Municipal de Segurança e Cidadania, conforme especificações, quantitativos e condições descritas no Edital, Termo de Referência e seus Anexos."
"977";"4315";"TP-011-2022";"1280/2022";"3982";"TOMADA DE PREÇO";"SECRETARIA DE ADMINISTRAÇÃO";"Homologado";"DUPLICIDADE_PROCESSO_INTERNO";"J? existe processo interno com o mesmo administrativo ou edital (0057/2022 / LEGADO).";"0057/2022";"LEGADO";"O Município de Teixeira de Freitas-BA, torna público, para conhecimento dos interessados, que promoverá licitação, na modalidade TOMADA DE PREÇOS para CONTRATAÇÃO DE EMPRESA ESPECIALIZADA EM SERVIÇOS DE ARQUITETURA, URBANISMO E ENGENHARIA NA ELABORAÇÃO DE PROJETOS DE INFRAESTRUTURA URBANA E DE EQUIPAMENTOS PÚBLICOS E SUPORTE CONSULTIVO E TÉCNICO PARA DIVERSAS DEMANDAS NA ÁREA URBANA DO MUNICÍPIO DE TEIXEIRA DE FREITAS."
"982";"4320";"PE-098-2022";"1294/2022";"3993";"PREGÃO";"SECRETARIA DE SAÚDE";"Suspensa";"DUPLICIDADE_PROCESSO_INTERNO";"J? existe processo interno com o mesmo administrativo ou edital (0010/2022 / MANUAL).";"0010/2022";"MANUAL";"O Município de Teixeira de Freitas-BA, torna público, para conhecimento dos interessados, que promoverá licitação, na modalidade PREGÃO ELETRÔNICO do tipo MENOR PREÇO GLOBAL, visando a contratação de empresa para aquisição de material permanente (SECADORA INDUSTRIAL), para atender as demandas da Lavanderia Hospitalar de Teixeira de Freitas, sob responsabilidade do Fundo Municipal de Saúde, conforme condições, quantidades e especificações no Edital, Termo de Referência e seus Anexos."
"1002";"4340";"PE-117-2022";"1334/2022";"2018";"PREGÃO";"SECRETARIA DE SAÚDE";"Suspenso";"DUPLICIDADE_PROCESSO_INTERNO";"J? existe processo interno com o mesmo administrativo ou edital (0004/2022 / MANUAL).";"0004/2022";"MANUAL";"Registro de preços para aquisição de anticoncepcionais em forma de Implante Subdérmico de Etonogestrel 68mg, a fim de atender às demandas da Secretaria Municipal de Saúde, conforme condições, quantidades e especificações no Edital, Termo de Referência e seus Anexos."
"1005";"4343";"PE-171-2022";"1337/2022";"2323";"PREGÃO";"SECRETARIA DE SAÚDE";"Suspenso";"DUPLICIDADE_PROCESSO_INTERNO";"J? existe processo interno com o mesmo administrativo ou edital (0048/2023 / LEGADO).";"0048/2023";"LEGADO";"Pregão Eletrônico nº 171-2022, Processo Administrativo: 1337/2022, do tipo MAIOR PERCENTUAL DE DESCONTO GLOBAL. OBJETO: Contratação de empresa especializada na prestação de serviço de manutenção preventiva e corretiva em câmaras conservadoras, com reposição de peças e fornecimento de material, a fim de atender às demandas da Secretaria Municipal de Saúde, conforme especificações, quantitativos e condições descritas no Edital, Termo de Referência e seus Anexos"
"1006";"4344";"PP-058-2022";"1337/2022";"2108";"PREGÃO";"SECRETARIA DE SAÚDE";"Suspenso";"DUPLICIDADE_PROCESSO_INTERNO";"J? existe processo interno com o mesmo administrativo ou edital (0048/2023 / LEGADO).";"0048/2023";"LEGADO";"Registro de Preços para futura e eventual contratação de empresa especializada na prestação de serviço de manutenção preventiva e corretiva em câmaras conservadoras, com reposição de peças e fornecimento de material, a fim de atender às demandas da Secretaria Municipal de Saúde, conforme especificações, quantitativos e condições descritas no Edital, Termo de Referência e seus Anexos."
"1020";"4358";"PE-101-2022";"1352/2022";"3995";"PREGÃO";"SECRETARIA DE ADMINISTRAÇÃO";"Homologado";"DUPLICIDADE_PROCESSO_INTERNO";"J? existe processo interno com o mesmo administrativo ou edital (0262/2022 / LEGADO).";"0262/2022";"LEGADO";"O Município de Teixeira de Freitas-BA, torna público, para conhecimento dos interessados, que promoverá licitação, na modalidade PREGÃO ELETRÔNICO do tipo MENOR PREÇO POR ITEM, visando a contratação de empresa especializada para aquisição de bens permanentes (CAMINHONETE PICK-UP E VEÍCULO TIPO HATCH), a fim de atender as necessidades da Secretaria Municipal de Educação e Cultura e Secretaria Municipal de Assistência Social, conforme especificações, quantitativos e condições descritas no Edital, Termo de Referência e seus Anexos"
"1035";"4373";"PP-055-2022";"1375/2022";"1898";"PREGÃO";"SECRETARIA DE ADMINISTRAÇÃO";"Suspenso";"DUPLICIDADE_PROCESSO_INTERNO";"J? existe processo interno com o mesmo administrativo ou edital (0276/2022 / LEGADO).";"0276/2022";"LEGADO";"O Município de Teixeira de Freitas-BA, torna público, para conhecimento dos interessados, que promoverá licitação, na modalidade PREGÃO PRESENCIAL, do tipo MENOR PREÇO POR ITEM, visando a futura e eventual contratação de empresa especializada para aquisição de material de consumo (DESCARTÁVEIS E EMBALAGENS), para atender às necessidades da Secretaria Municipal de Administração e Planejamento e demais Secretarias, conforme condições, quantidades e especificações no Edital, Termo de Referência e seus Anexos."
"1036";"4374";"PE-108-2022";"1375/2022";"1690";"PREGÃO";"SECRETARIA DE ADMINISTRAÇÃO";"Revogada";"DUPLICIDADE_PROCESSO_INTERNO";"J? existe processo interno com o mesmo administrativo ou edital (0276/2022 / LEGADO).";"0276/2022";"LEGADO";"O Município de Teixeira de Freitas-BA, torna público, para conhecimento dos interessados, que promoverá licitação, na modalidade PREGÃO ELETRÔNICO para SISTEMA DE REGISTRO DE PREÇOS do tipo MENOR PREÇO POR LOTE visando a futura e eventual contratação de empresa especializada para aquisição de material de consumo (DESCARTÁVEIS E EMBALAGENS), para atender as necessidades da Secretaria Municipal de Administração e Planejamento e demais Secretarias, conforme condições, quantidades e especificações no Edital, Termo de Referência e seus Anexos."
"1049";"4387";"PE-125-2022";"1408/2022";"2108";"PREGÃO";"SECRETARIA DE SAÚDE";"Suspenso";"DUPLICIDADE_PROCESSO_INTERNO";"J? existe processo interno com o mesmo administrativo ou edital (0023/2022 / LEGADO).";"0023/2022";"LEGADO";"Registro de Preços para a futura e eventual contratação de empresa especializada no fornecimento de óleos, graxas e demais lubrificantes automotivos, visando atender às demandas da Secretaria Municipal de Administração e Planejamento e demais secretarias, conforme condições, quantidades e especificações no Edital, Termo de Referência e seus Anexos."
"1075";"4413";"PP-051-2022";"1468/2022";"4000";"PREGÃO";"SECRETARIA DE ADMINISTRAÇÃO";"Suspenso";"DUPLICIDADE_PROCESSO_INTERNO";"J? existe processo interno com o mesmo administrativo ou edital (0312/2022 / LEGADO).";"0312/2022";"LEGADO";"O Município de Teixeira de Freitas-BA, torna público, para conhecimento dos interessados, que promoverá licitação, na modalidade PREGÃO PRESENCIAL do tipo MENOR PREÇO GLOBAL, visando a contratação de empresa para prestação de serviços de publicações dos atos oficiais nos Diários Oficiais do Município, União e Jornal de Grande Circulação e Locação de Sistema de Publicidade e Transparência Municipal nos padrões estabelecidos pela Lei de Acesso à Informação - LAI nº. 12.527/11, conforme condições, quantidades e especificações no Edital, Termo de Referência e seus Anexos."
"1078";"4416";"PE-143-2022";"1480/2022";"2074";"PREGÃO";"SECRETARIA DE SAÚDE";"Homologado";"DUPLICIDADE_PROCESSO_INTERNO";"J? existe processo interno com o mesmo administrativo ou edital (0005/2022 / MANUAL).";"0005/2022";"MANUAL";"futura e eventual contratação de empresa especializada para aquisição de material de consumo (BOLSA DE OSTOMIA e ADJUVANTES), a fim de atender às demandas da Secretaria Municipal de Saúde, conforme especificações, quantitativos e condições descritas no Edital, Termo de Referência e seus Anexos."
"1086";"4424";"TP-012-2022";"1507/2022";"4002";"TOMADA DE PREÇO";"SECRETARIA DE EDUCAÇÃO";"Homologado";"DUPLICIDADE_PROCESSO_INTERNO";"J? existe processo interno com o mesmo administrativo ou edital (0061/2022 / LEGADO).";"0061/2022";"LEGADO";"O Município de Teixeira de Freitas-BA, torna público, para conhecimento dos interessados, que promoverá licitação, na modalidade TOMADA DE PREÇOS, visando a CONTRATAÇÃO DE EMPRESA ESPECIALIZADA PARA CONSTRUÇÃO DE 01 (UMA) CRECHE ESCOLAR - TIPO 2 - BAIRRO LIBERDADE 1, NO MUNICÍPIO DE TEIXEIRA DE FREITAS-BA."
"1090";"4428";"TP-013-2022";"1516/2022";"1802";"TOMADA DE PREÇO";"SECRETARIA DE EDUCAÇÃO";"Homologado";"DUPLICIDADE_PROCESSO_INTERNO";"J? existe processo interno com o mesmo administrativo ou edital (0058/2022 / LEGADO).";"0058/2022";"LEGADO";"Contratação de empresa especializada para construção de 01 (uma) cobertura para a quadra poliesportiva na Escola Municipal Solidariedade no Município de Teixeira de Freitas-BA."
"1120";"4458";"TP-014-2022";"1588/2022";"1726";"TOMADA DE PREÇO";"SECRETARIA DE EDUCAÇÃO";"Homologado";"DUPLICIDADE_PROCESSO_INTERNO";"J? existe processo interno com o mesmo administrativo ou edital (0059/2022 / LEGADO).";"0059/2022";"LEGADO";"Contratação de empresa especializada para Construção de 06 (seis) coberturas para arquibancadas em unidades Escolares a serem definidas, no Município de Teixeira de Freitas-Ba"
"1132";"4470";"TP-015-2022";"1613/2022";"1763";"TOMADA DE PREÇO";"SECRETARIA DE EDUCAÇÃO";"Homologado";"DUPLICIDADE_PROCESSO_INTERNO";"J? existe processo interno com o mesmo administrativo ou edital (0060/2022 / LEGADO).";"0060/2022";"LEGADO";"Contratação de empresa especializada para construção de 06 (seis) refeitórios em Escolas Municipais a serem definidos conforme solicitação da Secretaria Municipal de Educação e Cultura do Município de Teixeira de Freitas-Ba. Na sala de reuniões da Comissão Permanente de Licitação-COPEL, sediado(a) à Rua Dr. Carlos Mostardeiro, nº 31, Jardim Caraípe, Teixeira de Freitas-BA"
"1138";"4476";"TP-001-2022";"162/2022";"3893";"TOMADA DE PREÇO";"SECRETARIA DE SAÚDE";"Homologado";"DUPLICIDADE_PROCESSO_INTERNO";"J? existe processo interno com o mesmo administrativo ou edital (0044/2022 / LEGADO).";"0044/2022";"LEGADO";"CONTRATAÇÃO DE EMPRESA ESPECIALIZADA PARA ELABORAÇÃO DE PROJETOS COMPLEMENTARES, VOLTADOS PARA A CONSOLIDAÇÃO DO PROJETO ARQUITETÔNICO DE ADEQUAÇÃO E AMPLIAÇÃO DA UNIDADE MUNICIPAL MATERNO INFANTIL DO MUNICÍPIO DE TEIXEIRA DE FREITAS-BA."
"1141";"4479";"CP-004-2022";"1653/2022";"1780";"CONCORRÊNCIA";"SECRETARIA DE ADMINISTRAÇÃO";"Suspenso";"DUPLICIDADE_PROCESSO_INTERNO";"J? existe processo interno com o mesmo administrativo ou edital (0063/2022 / LEGADO).";"0063/2022";"LEGADO";"CONCESSÃO DE GESTÃO DE APOIO AO MONITORAMENTO DE MOBILIDADE URBANA E OPERAÇÃO DE ESTACIONAMENTO ROTATIVO CONTROLADO DE VEÍCULOS EM VIAS E LOGRADOUROS PÚBLICOS DO MUNICÍPIO DE TEIXEIRA DE FREITAS-BA, DENOMINADO (ZONA AZUL) e deverá ser fornecido/executado na forma e condições estabelecidas neste edital e seus ANEXOS."
"1167";"4508";"PE-156-2022";"1727/2022";"2142";"PREGÃO";"SECRETARIA DE SAÚDE";"Homologado";"DUPLICIDADE_PROCESSO_INTERNO";"J? existe processo interno com o mesmo administrativo ou edital (0008/2022 / MANUAL).";"0008/2022";"MANUAL";"Contratação de empresa visando aquisição de material de materiais de Fisioterapia e acessórios de Ventiladores Mecânicos a fim de atender as demandas da Secretaria Municipal de Saúde, conforme especificações, quantitativos e condições descritas no Edital, Termo de Referência e seus Anexos."
"1180";"4521";"PE-132-2022";"177/2022";"2028";"PREGÃO";"SECRETARIA DE ADMINISTRAÇÃO";"Fracassada";"DUPLICIDADE_PROCESSO_INTERNO";"J? existe processo interno com o mesmo administrativo ou edital (0070/2023 / LEGADO).";"0070/2023";"LEGADO";"Contratação de empresa especializada para aquisição de materiais de consumo e material/ equipamento permanente: instrumento e acessórios para monitorização da qualidade da água, visando atender às demandas da Secretaria Municipal de Meio Ambiente, conforme condições, quantidades e especificações no Edital, Termo de Referência e seus Anexos."
"1181";"4522";"PE-154-2022";"1777/2022";"2138";"PREGÃO";"SECRETARIA DE ADMINISTRAÇÃO";"Homologado";"DUPLICIDADE_PROCESSO_INTERNO";"J? existe processo interno com o mesmo administrativo ou edital (0006/2022 / MANUAL).";"0006/2022";"MANUAL";"Registro de preços para a futura e eventual contratação de empresa visando aquisição de material de consumo (TELHAS GALVALUME, PERFIS, ARAME RECONDIZO, GRELHA, TAMPA ARTICULADA E OUTROS), a fim de atender as demandas da Secretaria Municipal de Infraestrutura, Transporte e Serviços Urbanos, conforme especificações, quantitativos e condições descritas no Edital, Termo de Referência e seus Anexos."
"1210";"4551";"PE-138-2022";"1837/2022";"2021";"PREGÃO";"SECRETARIA DE ADMINISTRAÇÃO";"Suspenso";"DUPLICIDADE_PROCESSO_INTERNO";"J? existe processo interno com o mesmo administrativo ou edital (0432/2022 / LEGADO).";"0432/2022";"LEGADO";"Contratação de empresa especializada para aquisição de material de consumo (UTENSÍLIOS DOMÉSTICOS), a fim de atender às demandas da Secretaria Municipal de Administração e Planejamento e demais secretarias, conforme especificações, quantitativos e condições descritas no Edital, Termo de Referência e seus Anexos."
"1220";"4561";"PE-002-2022";"186/2022";"3896";"PREGÃO";"SECRETARIA DE EDUCAÇÃO";"Suspenso";"DUPLICIDADE_PROCESSO_INTERNO";"J? existe processo interno com o mesmo administrativo ou edital (0441/2022 / LEGADO).";"0441/2022";"LEGADO";"PREGÃO ELETRÔNICO do tipo MENOR PREÇO POR ITEM , visando a futura e eventual contratação de empresa especializada para fornecimento de material de consumo (brinquedos), de acordo ao Termo de Compromisso PAR n° 201305460 (Ações Delimitadas no Plano de Ações Articuladas - PAR) para atender as demandas da Secretaria de Educação e Cultura, conforme especificações, quantitativos e condições descritas no Termo de Referência e seu Anexo."
"1242";"4584";"PE-155-2022";"1933/2022";"2138";"PREGÃO";"SECRETARIA DE SAÚDE";"Homologado";"DUPLICIDADE_PROCESSO_INTERNO";"J? existe processo interno com o mesmo administrativo ou edital (0007/2022 / MANUAL).";"0007/2022";"MANUAL";"Registro de preços para a futura e eventual contratação de empresa visando aquisição de material de consumo: medicamentos (ACICLOVIR E OUTROS), a fim de atender as demandas da Secretaria Municipal de Saúde, conforme especificações, quantitativos e condições descritas no Edital, Termo de Referência e seus Anexos."
"1245";"4587";"PE-176-2022";"1937/2022";"2323";"PREGÃO";"SECRETARIA DE ADMINISTRAÇÃO";"Homologado";"DUPLICIDADE_PROCESSO_INTERNO";"J? existe processo interno com o mesmo administrativo ou edital (0047/2023 / LEGADO).";"0047/2023";"LEGADO";"Futura e eventual contratação de empresa especializada para a aquisição de material de consumo (JOELHO DE ESGOTO 100MM, KIT LAVATÓRIO, PIA DE COZINHA e TELHA DE FIBROCIMENTO), a fim de atender as demandas da Secretaria Municipal de Infraestrutura, Transporte e Serviços Urbanos, conforme especificações, quantitativos e condições descritas no Edital, Termo de Referência e seus Anexos."
"1255";"4606";"PP-056-2022";"2008/2022";"2067";"PREGÃO";"SECRETARIA DE ADMINISTRAÇÃO";"Suspenso";"DUPLICIDADE_PROCESSO_INTERNO";"J? existe processo interno com o mesmo administrativo ou edital (0471/2022 / LEGADO).";"0471/2022";"LEGADO";"Futura e eventual contratação de empresa especializada para aquisição de material de consumo (CIMENTO CP V ARI SC 40KG), para suprir às necessidades da Secretaria Municipal de Infraestrutura, Transporte e Serviços Urbanos, conforme especificações, quantitativos e condições descritas no Edital, Termo de Referência e seus Anexos."
"1264";"4615";"PE-179-2022";"2026/2022";"240";"PREGÃO";"SECRETARIA DE SAÚDE";"Homologado";"DUPLICIDADE_PROCESSO_INTERNO";"J? existe processo interno com o mesmo administrativo ou edital (0056/2023 / LEGADO).";"0056/2023";"LEGADO";"contratação de empresa especializada visando a aquisição de material de consumo (MEDICAMENTOS SUJEITOS A CONTROLE ESPECIAL E RELAXANTES MUSCULARES), para suprir as necessidades da Secretaria Municipal de Saúde, conforme especificações, quantitativos e condições descritas no Edital, Termo de Referência e seus Anexos"
"1281";"4632";"CP-008-2022";"2082/2022";"2055";"CONCORRÊNCIA";"SECRETARIA DE ADMINISTRAÇÃO";"Revogado";"DUPLICIDADE_PROCESSO_INTERNO";"J? existe processo interno com o mesmo administrativo ou edital (0066/2022 / LEGADO).";"0066/2022";"LEGADO";"CONTRATAÇÃO DE EMPRESA ESPECIALIZADA PARA EXECUÇÃO DE PAVIMENTO SEXTAVADO DE CONCRETO SIMPLES MOLDADO IN LOCO EM DIVERSAS RUAS NO BAIRRO VILA CARAÍPE, NO MUNICÍPIO DE TEIXEIRA DE FREITAS."
"1293";"4644";"PE-159-2022";"2135/2022";"2374";"PREGÃO";"SECRETARIA DE EDUCAÇÃO";"Suspenso";"DUPLICIDADE_PROCESSO_INTERNO";"J? existe processo interno com o mesmo administrativo ou edital (0060/2023 / LEGADO).";"0060/2023";"LEGADO";"Registro de preços para futura e eventual contratação de empresa visando aquisição de material de consumo: MATERIAIS ESCOLARES (apontadores, borracha, cadernos, lápis, canetas e outros), a fim de atender as demandas da Secretaria Municipal de Educação e Cultura, conforme especificações, quantitativos e condições descritas no Edital, Termo de Referência e seus Anexos."
"1297";"4648";"PP 033-2022";"215/2022";"3890";"PREGÃO";"SECRETARIA DE ADMINISTRAÇÃO";"Homologado";"DUPLICIDADE_PROCESSO_INTERNO";"J? existe processo interno com o mesmo administrativo ou edital (0097/2022 / LEGADO).";"0097/2022";"LEGADO";"PREGÃO PRESENCIAL do tipo MENOR PREÇO POR ITEM, visando a Contratação de empresa especializada em fornecimento de Permanente de Informática (IMPRESSORA PLOTER), com a finalidade de atender as necessidades do Departamento de Engenharia de responsabilidade da Secretaria Municipal de Projetos Estratégicos e Gerenciamento de Convênios."
"1324";"4675";"PE-160-2022";"2211/2022";"2323";"PREGÃO";"SECRETARIA DE ADMINISTRAÇÃO";"Suspenso";"DUPLICIDADE_PROCESSO_INTERNO";"J? existe processo interno com o mesmo administrativo ou edital (0049/2023 / LEGADO).";"0049/2023";"LEGADO";"Registro de Preços para a contratação de empresa especializada no fornecimento de recarga de GÁS LIQUEFEITO DE PETRÓLEO (GLP) DE 13KG E 45KG e KIT REGULADOR DE CILÍNDRO DE GÁS DE 13KG, a fim de atender as demandas da Secretaria Municipal de Administração e Planejamento e demais secretarias, conforme especificações, quantitativos e condições descritas no Edital, Termo de Referência e seus Anexos"
"1325";"4676";"TP-016-2022";"2217/2022";"2179";"TOMADA DE PREÇO";"SECRETARIA DE ADMINISTRAÇÃO";"Homologado";"DUPLICIDADE_PROCESSO_INTERNO";"J? existe processo interno com o mesmo administrativo ou edital (0067/2022 / LEGADO).";"0067/2022";"LEGADO";"CONTRATAÇÃO DE EMPRESA ESPECIALIZADA PARA EXECUÇÃO DE PAVIMENTAÇÃO E MICRODRENAGEM EM DIVERSAS RUAS NO BAIRRO JARDIM CARAÍPE, NO MUNICÍPIO DE TEIXEIRA DE FREITAS."
"1361";"4713";"PE-181-2022";"2299/2022";"243";"PREGÃO";"SECRETARIA DE EDUCAÇÃO";"Homologado";"DUPLICIDADE_PROCESSO_INTERNO";"J? existe processo interno com o mesmo administrativo ou edital (0055/2023 / LEGADO).";"0055/2023";"LEGADO";"Futura e eventual contratação de empresa especializada no fornecimento de bandeiras oficiais internas e externas do Brasil, do Estado da Bahia e do Município de Teixeira de Freitas, base para bandeira e mastro para hasteamento de bandeira, a fim de atender as demandas da Secretaria Municipal de Educação e Cultura, conforme especificações, quantitativos e condições descritas no Edital, Termo de Referência e seus Anexos."
"1363";"4715";"PE-175-2022";"2300/2022";"";"PREGÃO";"SECRETARIA DE EDUCAÇÃO";"Suspenso";"DUPLICIDADE_PROCESSO_INTERNO";"J? existe processo interno com o mesmo administrativo ou edital (0053/2023 / LEGADO).";"0053/2023";"LEGADO";"Contratação de empresa especializada na aquisição de bem permanente (CÂMARA FRIGORÍFICA) para o Departamento da Merenda Escolar, sob responsabilidade da Secretaria Municipal de Educação e Cultura, conforme especificações, quantitativos e condições descritas no Edital, Termo de Referência e seus Anexos."
"1364";"4716";"PE-180-2022";"2301/2022";"243";"PREGÃO";"SECRETARIA DE EDUCAÇÃO";"Homologado";"DUPLICIDADE_PROCESSO_INTERNO";"J? existe processo interno com o mesmo administrativo ou edital (0054/2023 / LEGADO).";"0054/2023";"LEGADO";"Contratação de empresa especializada na aquisição de bens permanentes (BALANÇA ELETRÔNICA, CARRINHO PLATAFORMA, MÁQUINA SELADORA E PALETEIRA MANUAL) para o Departamento da Merenda Escolar, a fim de atender as demandas da Secretaria Municipal de Educação e Cultura, conforme especificações, quantitativos e condições descritas no Edital, Termo de Referência e seus Anexos."
"1366";"4718";"PE-178-2022";"2310/2022";"2355";"PREGÃO";"SECRETARIA DE ADMINISTRAÇÃO";"Suspenso";"DUPLICIDADE_PROCESSO_INTERNO";"J? existe processo interno com o mesmo administrativo ou edital (0051/2023 / LEGADO).";"0051/2023";"LEGADO";"Futura e eventual contratação de empresa especializada na prestação de serviços de CONFECÇÃO DE CARNÊS DE IPTU (EXERCÍCIO 2023), a fim de atender as necessidades do Departamento de Receita do SAC Municipal, de responsabilidade da Secretaria Municipal de Finanças, conforme especificações, quantitativos e condições descritas no Edital, Termo de Referência e seus Anexos."
"1369";"4721";"PE-182-2022";"2325/2022";"";"PREGÃO";"SECRETARIA DE SAÚDE";"Suspenso";"DUPLICIDADE_PROCESSO_INTERNO";"J? existe processo interno com o mesmo administrativo ou edital (0057/2023 / LEGADO).";"0057/2023";"LEGADO";"Futura e eventual contratação de empresa especializada visando a aquisição de material de consumo (BOLSAS DE OSTOMIA e ADJUVANTES), a fim de atender as demandas da Secretaria Municipal de Saúde, conforme especificações, quantitativos e condições descritas no Edital, Termo de Referência e seus Anexos."
"1372";"4724";"PE-183-2022";"2351/2022";"244";"PREGÃO";"SECRETARIA DE EDUCAÇÃO";"Homologado";"DUPLICIDADE_PROCESSO_INTERNO";"J? existe processo interno com o mesmo administrativo ou edital (0059/2023 / LEGADO).";"0059/2023";"LEGADO";"Futura e eventual contratação de empresa especializada visando a aquisição de material de consumo (UTENSÍLIOS DOMÉSTICOS DE COPA E COZINHA), a fim de atender as demandas da Secretaria Municipal de Administração e Planejamento e demais Secretarias, conforme especificações, quantitativos e condições descritas no Edital, Termo de Referência e seus Anexos."
"1384";"4736";"TP-018-2022";"2400/2022";"244";"TOMADA DE PREÇO";"SECRETARIA DE ADMINISTRAÇÃO";"Arquivado";"DUPLICIDADE_PROCESSO_INTERNO";"J? existe processo interno com o mesmo administrativo ou edital (0058/2023 / LEGADO).";"0058/2023";"LEGADO";"CONTRATAÇÃO DE EMPRESA ESPECIALIZADA PARA EXECUÇÃO DE PAVIMENTAÇÃO DO POLO INDUSTRIAL MUNICIPAL DE TEIXEIRA DE FREITAS, NO MUNICÍPIO DE TEIXEIRA DE FREITAS."
"1385";"4737";"TP-017-2022";"2401/2022";"244";"TOMADA DE PREÇO";"SECRETARIA DE ADMINISTRAÇÃO";"Homologado";"DUPLICIDADE_PROCESSO_INTERNO";"J? existe processo interno com o mesmo administrativo ou edital (0052/2023 / LEGADO).";"0052/2023";"LEGADO";"CONTRATAÇÃO DE EMPRESA ESPECIALIZADA PARA EXECUÇÃO DE OBRAS DE MICRODRENAGEM NA SUB-BACIA DOS BAIRROS KAIKAN E UNIVERSITÁRIO, NO MUNICÍPIO DE TEIXEIRA DE FREITAS."
"1389";"4741";"PP-039-2022";"248/2022";"3905";"PREGÃO";"SECRETARIA DE SAÚDE";"Suspenso";"DUPLICIDADE_PROCESSO_INTERNO";"J? existe processo interno com o mesmo administrativo ou edital (0588/2022 / LEGADO).";"0588/2022";"LEGADO";"O Município de Teixeira de Freitas-BA, torna público, para conhecimento dos interessados, que promoverá licitação, na modalidade PREGÃO PRESENCIAL, do tipo MENOR PREÇO POR ITEM, visando a contratação de empresa especializada no fornecimento de equipamento/material permanente (TRANSFORMADOR A SECO 13,8KV - 150 KVA 380/220V) para instalação na lavanderia hospitalar do Município, conforme especificações, quantitativos e condições descritas no Termo de Referência e seu Anexo."
"1400";"4752";"PE-029-2022";"271/2022";"3933";"PREGÃO";"SECRETARIA DE ADMINISTRAÇÃO";"Suspensa";"DUPLICIDADE_PROCESSO_INTERNO";"J? existe processo interno com o mesmo administrativo ou edital (0598/2022 / LEGADO).";"0598/2022";"LEGADO";"O Município de Teixeira de Freitas-BA, torna público, para conhecimento dos interessados, que promoverá licitação, na modalidade PREGÃO ELETRÔNICO para SISTEMA DE REGISTRO DE PREÇOS do tipo MENOR PREÇO POR LOTE, visando a futura e eventual contratação de empresa especializada para fornecimento de material de consumo (MATERIAIS E EQUIPAMENTOS GRÁFICOS), a fim de atender as demandas as Secretaria Municipal de Administração e Planejamento e demais Secretarias, conforme especificações, quantitativos e condições descritas no Edital, Termo de Referência e seus Anexos."
"1415";"4767";"5-IL-006-2022";"305/2022";"3904";"INEXIGIBILIDADE";"SECRETARIA DE ADMINISTRAÇÃO";"Homologado";"DUPLICIDADE_PROCESSO_INTERNO";"J? existe processo interno com o mesmo administrativo ou edital (0612/2022 / LEGADO).";"0612/2022";"LEGADO";"CONTRATAÇÃO DE EMPRESA ESPECIALIZADA NO FORNECIMENTO DE LINHA TELEFÔNICA, EM SUBSTITUIÇÃO AS LINHAS DA EMPRESA OI (TELEMAR NORTE E LESTE S.A.)."
"1420";"4772";"TP-002-2022";"320/2022";"3918";"TOMADA DE PREÇO";"SECRETARIA DE EDUCAÇÃO";"Arquivado";"DUPLICIDADE_PROCESSO_INTERNO";"J? existe processo interno com o mesmo administrativo ou edital (0045/2022 / LEGADO).";"0045/2022";"LEGADO";"O Município de Teixeira de Freitas-BA, torna público, para conhecimento dos interessados, que promoverá licitação, na modalidade TOMADA DE PREÇOS visando a CONTRATAÇÃO DE EMPRESA ESPECIALIZADA EM CONSTRUÇÃO CIVIL PARA CONSTRUIR 06 (SEIS) NOVOS REFEITÓRIOS NAS ESCOLAS MUNICIPAIS ALCENOR ALVES BARBOSA, SÃO LOURENÇO, VEREADOR GENIVALDO BISPO DE OLIVEIRA, PROFESSOR SHENEIDER C. CORREIA, AMIGOS DA NATUREZA E RACHEL DE QUEIROZ NO MUNICÍPIO DE TEIXEIRA DE FREITAS-BA."
"1432";"4784";"PE-017-2022";"349/2022";"3929";"PREGÃO";"SECRETARIA DE ADMINISTRAÇÃO";"Fracassada";"DUPLICIDADE_PROCESSO_INTERNO";"J? existe processo interno com o mesmo administrativo ou edital (0627/2022 / LEGADO).";"0627/2022";"LEGADO";"O Município de Teixeira de Freitas-BA, torna público, para conhecimento dos interessados, que promoverá licitação, na modalidade PREGÃO ELETRÔNICO, do tipo MENOR PREÇO POR ITEM, visando a futura e eventual contratação de empresa especializada para aquisição de material de consumo (CIMENTO CP III SC 50KG"
"1453";"4805";"PE-011-2022";"440/2022";"3971";"PREGÃO";"SECRETARIA DE SAÚDE";"Fracassada";"DUPLICIDADE_PROCESSO_INTERNO";"J? existe processo interno com o mesmo administrativo ou edital (0647/2022 / LEGADO).";"0647/2022";"LEGADO";"O Município de Teixeira de Freitas-BA, torna público, para conhecimento dos interessados, que promoverá licitação, na modalidade PREGÃO ELETRÔNICO, do tipo MENOR PREÇO POR ITEM, visando a contratação de empresa especializada no fornecimento de material de consumo (CONCRETO USINADO BOMBEÁVEL, CLASSE DE RESISTÊNCIA C20"
"1460";"4812";"TP-003-2022";"450/2022";"3923";"TOMADA DE PREÇO";"SECRETARIA DE ADMINISTRAÇÃO";"Homologado";"DUPLICIDADE_PROCESSO_INTERNO";"J? existe processo interno com o mesmo administrativo ou edital (0046/2022 / LEGADO).";"0046/2022";"LEGADO";"CONTRATAÇÃO DE EMPRESA ESPECIALIZADA EM CONSTRUÇÃO CIVIL E PAVIMENTAÇÃO PARA RECUPERAÇÃO DE TALUDE E RECOMPOSIÇÃO DA PAVIMENTAÇÃO ASFALTICA DA AVENIDA ADONIAS FILHO, BAIRRO COLINA VERDE NO MUNICÍPIO DE TEIXEIRA DE FREITAS-BA."
"1485";"4837";"PE-039-2022";"495/2022";"3975";"PREGÃO";"SECRETARIA DE ADMINISTRAÇÃO";"Deserta";"DUPLICIDADE_PROCESSO_INTERNO";"J? existe processo interno com o mesmo administrativo ou edital (0677/2022 / LEGADO).";"0677/2022";"LEGADO";"O Município de Teixeira de Freitas-BA, torna público, para conhecimento dos interessados, que promoverá licitação, na modalidade PREGÃO ELETRÔNICO para SISTEMA DE REGISTRO DE PREÇOS do tipo MENOR PREÇO GLOBAL, visando a futura e eventual contratação de empresa especializada para fornecimento de material de consumo (CALHAS, PARAFUSOS, VERGALHÃO, TRELIÇA E OUTROS) a fim de atender as demandas as Secretaria Municipal de Infraestrutura, Transporte e Serviços Urbanos, conforme especificações, quantitativos e condições descritas no Edital, Termo de Referência e seus Anexos."
"1492";"4844";"TP-004-2022";"514/2022";"3938";"TOMADA DE PREÇO";"SECRETARIA DE SAÚDE";"Homologado";"DUPLICIDADE_PROCESSO_INTERNO";"J? existe processo interno com o mesmo administrativo ou edital (0047/2022 / LEGADO).";"0047/2022";"LEGADO";"Contratação de empresa especializada para construir uma UBS (Unidade Básica de Saúde) Padrão 1 no Residencial Santos Guimarães no Município de Teixeira de Freitas-BA."
"1503";"4855";"TP-010-2022";"539/2022";"3974";"TOMADA DE PREÇO";"SECRETARIA DE ADMINISTRAÇÃO";"Homologado";"DUPLICIDADE_PROCESSO_INTERNO";"J? existe processo interno com o mesmo administrativo ou edital (0056/2022 / LEGADO).";"0056/2022";"LEGADO";"O Município de Teixeira de Freitas-BA, torna público, para conhecimento dos interessados, que promoverá licitação, na modalidade TOMADA DE PREÇOS para a CONTRATAÇÃO DE EMPRESA DE CONSULTORIA, ESPECIALIZADA PARA A EXECUÇÃO DO GERENCIAMENTO DAS OBRAS E DO PROJETO SOCIOAMBIENTAL DO PROGRAMA SANEAMENTO INTEGRADO NA BACIA DO RIO ITANHÉM - TEIXEIRA DE FREITAS-BAHIA - 3ª. FASE - BACIA DO LAVA PÉS 1."
"1531";"4883";"TP-006-2022";"597/2022";"3949";"TOMADA DE PREÇO";"SECRETARIA DE SAÚDE";"Homologado";"DUPLICIDADE_PROCESSO_INTERNO";"J? existe processo interno com o mesmo administrativo ou edital (0049/2022 / LEGADO).";"0049/2022";"LEGADO";"CONTRATAÇÃO DE EMPRESA ESPECIALIZADA PARA FORNECIMENTO E INSTALAÇÃO DE LAJE PRÉ FABRICADA PARA A OBRA DE AMPLIAÇÃO DA UMMI COM CARACTERÍSTICAS TÉCNICAS ESPECIFICADAS EM PLANILHA ANEXA."
"1535";"4887";"3-IL-046-2022";"602/2022";"3989";"INEXIGIBILIDADE";"SECRETARIA DE SAÚDE";"Homologado";"DUPLICIDADE_PROCESSO_INTERNO";"J? existe processo interno com o mesmo administrativo ou edital (0723/2022 / LEGADO).";"0723/2022";"LEGADO";"Médico(a) Anestesista para a Unidade Municipal Materno Infantil (UMMI), conforme Processo Administrativo 2008/2021 - Empresa Credenciada: GHL SERVICOS MEDICOS LTDA - ME, CNPJ: 09.569.920/0001-08"
"1559";"4911";"PE-061-2022";"628/2022";"3956";"PREGÃO";"SECRETARIA DE SAÚDE";"Fracassada";"DUPLICIDADE_PROCESSO_INTERNO";"J? existe processo interno com o mesmo administrativo ou edital (0745/2022 / LEGADO).";"0745/2022";"LEGADO";"O Município de Teixeira de Freitas-BA, torna público, para conhecimento dos interessados, que promoverá licitação, na modalidade PREGÃO ELETRÔNICO, para SISTEMA DE REGISTRO DE PREÇOS do tipo MENOR PREÇO POR ITEM, visando a contratação de empresa para aquisição de material de consumo (CONTRASTES RADIOLÓGICOS), visando atender as necessidades da rede hospitalar - Secretaria Municipal de Saúde do Município de Teixeira de Freitas, conforme condições, quantidades e especificações no Edital, Termo de Referência e seus Anexos."
"1576";"4928";"3-IL-067-2022";"693/2022";"3971";"INEXIGIBILIDADE";"SECRETARIA DE SAÚDE";"Homologado";"DUPLICIDADE_PROCESSO_INTERNO";"J? existe processo interno com o mesmo administrativo ou edital (0024/2022 / LEGADO).";"0024/2022";"LEGADO";"SOLICITA-SE CONTRATAÇÃO DE PROFISSIONAL MEDICO DA EMPRESA MEDMINAS S/S LTDA ME, CNPJ: 11.070.272/0001-84 PARA PRESTAR SERVIÇOS AO HOSPITAL MUNICIPAL DE TEIXEIRA DE FREITAS (HMTF)"
"1578";"4930";"TP-005-2022";"696/2022";"3940";"TOMADA DE PREÇO";"SECRETARIA DE ADMINISTRAÇÃO";"Homologado";"DUPLICIDADE_PROCESSO_INTERNO";"J? existe processo interno com o mesmo administrativo ou edital (0048/2022 / LEGADO).";"0048/2022";"LEGADO";"CONTRATAÇÃO DE EMPRESA ESPECIALIZADA EM OBRAS E SERVIÇOS DE ENGENHARIA, PARA EXECUTAR A 1ª ETAPA DE REQUALIFICAÇÃO DA PRAÇA DA BÍBLIA - CONSTRUÇÃO DA ÁREA GOURMET."
"1598";"4950";"3-IL-075-2022";"749/2022";"3949";"INEXIGIBILIDADE";"SECRETARIA DE SAÚDE";"Homologado";"DUPLICIDADE_PROCESSO_INTERNO";"J? existe processo interno com o mesmo administrativo ou edital (0781/2022 / LEGADO).";"0781/2022";"LEGADO";"Médico(a) Psiquiatria para o Centro de Atenção Psicossocial (CAPS), conforme Processo Administrativo 2008/2021 - Empresa Credenciada: NEUROCLINICA SERVICOS MEDICOS ESPECIALIZADOS, CNPJ: 05.792.989/0001-37"
"1599";"5121";"3-DL-122-2023";"3/DL/122/2023";"3413";"DISPENSA";"";"Homologado";"SECRETARIA_SEM_CORRESPONDENCIA";"A secretaria saneada n?o corresponde a nenhum cadastro interno.";"";"";"O presente Termo tem como objetivo a contratação de empresa especializada na prestação de serviços CONSULTA COM ESPECIALISTA EM TERAPEUTA OCUPACIONAL uma vez por semana com o objetivo de atender a demanda judicial em favor de ARIEL FELIPE SANTOS PADUA deferida nos autos do processo n° 8005418-67.2023.8.05.0256."
"1600";"5122";"3-DL-123-2023";"3/DL/123/2023";"3413";"DISPENSA";"";"Arquivado";"SECRETARIA_SEM_CORRESPONDENCIA";"A secretaria saneada n?o corresponde a nenhum cadastro interno.";"";"";"O presente termo tem como objetivo consulta com especialista Terapeuta Ocupacional com objetivo de atender a demanda judicial em favor de AYLLA VICTÓRIA RODRIGUES MACHADO deferida nos autos do processo 8001897-17.2023.8.05.0256 ."
"1601";"5123";"3-DL-124-2023";"3/DL/124/2023";"3233";"DISPENSA";"";"Homologado";"SECRETARIA_SEM_CORRESPONDENCIA";"A secretaria saneada n?o corresponde a nenhum cadastro interno.";"";"";"Aquisição de material ou bem para distribuição gratuita em caráter de urgência (Bolsas de Colostomia, Urostomia e Adjuvantes), conforme condições, quantidades e exigências estabelecidas neste instrumento."
"1602";"5124";"3-DL-125-2023";"3/DL/125/2023";"3223";"DISPENSA";"";"Homologado";"SECRETARIA_SEM_CORRESPONDENCIA";"A secretaria saneada n?o corresponde a nenhum cadastro interno.";"";"";"LOCAÇÃO DE IMÓVEL localizado na rua Frei Olavo, n° 165, Nova América, Teixeira de Freitas-BA, para reinstalação do PSF NOVA AMÉRICA, para atender as necessidades da Secretaria Municipal de Saúde."
"1603";"5125";"3-DL-127-2023";"3/DL/127/2023";"3250";"DISPENSA";"";"Homologado";"SECRETARIA_SEM_CORRESPONDENCIA";"A secretaria saneada n?o corresponde a nenhum cadastro interno.";"";"";"Empresa especializada no fornecimento de medicamentos (MIDODRINE 5MG), com o objetivo de atender a demanda judicial em favor de ERICO CAVALCANTI LEDO deferida nos autos do processo n° 8013552-20.2022.8.05.0256, de responsabilidade da Secretaria Municipal de Saúde."
"1604";"5126";"3-DL-128-2023";"3/DL/128/2023";"3253";"DISPENSA";"";"Homologado";"SECRETARIA_SEM_CORRESPONDENCIA";"A secretaria saneada n?o corresponde a nenhum cadastro interno.";"";"";"A presente SD Tem por objetivo a AQUISIÇÃO DE MEDICAMENTO, com a finalidade de atender a antecipação de tutela proposta por, DIOGO SANTOS PEREIRA, GENEVALDO DAMASCENO DOS REIS, ELIAN MONTEIRO LYRIO COSTA, JOSÉ CARLOS CARMO PERREIRA e RYANA SOUZA SANTOS"
"1605";"5127";"3-DL-133-2023";"3/DL/133/2023";"3250";"DISPENSA";"";"Homologado";"SECRETARIA_SEM_CORRESPONDENCIA";"A secretaria saneada n?o corresponde a nenhum cadastro interno.";"";"";"Aquisição dos medicamentos, RIVAROXABANA, 20MG COMPRIMIDO REVESTIDO destinados aos pacientes: ADILEUZA SILVA DOS SANTOS, ADRIANA SANTOS SILVA, CONSUELO LEITE DE OLIVEIRA, CARLITO MIRANDA DOS SANTOS, IDALMI PEREIRA NUNES, IZIDRO ALVES DO NASCIMENTO, JOSE LEITE DA SILVA, JOSÉ RODRIGUES COIMBRA, JOSÉ VAILTON DA SILVA, JOVITA GALDINO, MARIA DAS DORES, MARIA DA PENHA BALDAN PAZETTO, sob números de processo nº 0503838-87.2018.8.05.0256, nº 8000469-39.2019.8.05.0256, nº 0501026-08.2019.8.05.0256, nº 8014757-21.2021.8.05.0256, nº 801475721.2021.8.05.0256, nº 80144082-24.2022.8.05.0256, nº 0503494-76.2018.8.05.0256, nº 0504069 -84.2018.8.05.0256, nº 0503741-28.0216.8.05.0256, nº 8012707-22.2021.8.05.0256, nº 0503344-95.2018.8.05.0256, nº 8006414-02.2022.8.05.0256, nº 0504372-98.2018.8.05.0256"
"1606";"5128";"3-DL-134-2023";"3/DL/134/2023";"3250";"DISPENSA";"";"Homologado";"SECRETARIA_SEM_CORRESPONDENCIA";"A secretaria saneada n?o corresponde a nenhum cadastro interno.";"";"";"AQUISIÇÃO DOS MEDICAMENTOS, destinados aos pacientes listados a seguir, sob os seus respectivos números de processo, através da Secretaria Municipal de Saúde: JOSÉ DIMAS nº 8019119.66.2021.8.05.0256 ATORVASTATINA 20MG"
"1607";"5129";"3-DL-135-2023";"3/DL/135/2023";"3470";"DISPENSA";"";"Homologado";"SECRETARIA_SEM_CORRESPONDENCIA";"A secretaria saneada n?o corresponde a nenhum cadastro interno.";"";"";"O presente Termo tem como objetivo a aquisição do serviço (Manutenção Corretiva e Preventiva em Arco Cirúrgico marca GE modelo OEC 9800 PLUS) instalado no Hospital Municipal Teixeira de Freitas (HMTF), conforme condições, quantidades e exigências estabelecidas neste instrumento."
"1608";"5257";"3-IL-097-2023";"3458";"3458";"INEXIGIBILIDADE";"";"Homologado";"SECRETARIA_SEM_CORRESPONDENCIA";"A secretaria saneada n?o corresponde a nenhum cadastro interno.";"";"";"Referente prestação de serviços de manutenção do painel eletrônico de votação, seus componentes e periféricos da Câmara Municipal de Teixeira de Freitas/BA, conforme especificações constantes no processo administrativo."
"1609";"5258";"3-IL-098-2023";"3530";"3530";"INEXIGIBILIDADE";"";"Homologado";"SECRETARIA_SEM_CORRESPONDENCIA";"A secretaria saneada n?o corresponde a nenhum cadastro interno.";"";"";"Solicita-se médico(a) Anestesiologista para o Hospital Municipal de Teixeira de Freitas (HMTF), conforme Processo Administrativo 2008/2021 - Empresa Credenciada:MED MINAS S/S LTDA, CNPJ: 11.070.272/0001-84"
"1610";"5259";"3-IL-099-2023";"3327";"3327";"INEXIGIBILIDADE";"";"Homologado";"SECRETARIA_SEM_CORRESPONDENCIA";"A secretaria saneada n?o corresponde a nenhum cadastro interno.";"";"";"Solicito a contratação de profissional médico ALEX SERAPIÃO DE SOUZA, da empresa ASS ODONTOLOGIA LTDA CNPJ 48.561.490/0001-21, para a prestação de serviços médicos especializados junto à unidade de saúde geridos pela Secretaria Municipal de Saúde deste Município: Unidade HOSPITAL MUNICIPAL DE TEIXEIRA DE FREITAS (HMTF) conforme edital de credenciamento médico 01 2021, pelo período de 12 meses."
"1611";"5260";"3-IL-100-2023";"3530";"3530";"INEXIGIBILIDADE";"";"Homologado";"SECRETARIA_SEM_CORRESPONDENCIA";"A secretaria saneada n?o corresponde a nenhum cadastro interno.";"";"";"Solicita-se Empresa especializada em Radiologia para o Complexo Regulador, conforme Processo Administrativo 2008/2021 - Empresa Credenciada: SUL BAHIA - CLINICA RADIOLOGICA LTDA, CNPJ: 12.433.437/0001-06"
"1612";"5261";"3-IL-101-2023";"3458";"3458";"INEXIGIBILIDADE";"";"Homologado";"SECRETARIA_SEM_CORRESPONDENCIA";"A secretaria saneada n?o corresponde a nenhum cadastro interno.";"";"";"Solicito a contratação de profissional médico da empresa CUCHI SERVIÇOS MEDICOS, para a prestação de serviços médicos especializados junto à unidade de saúde geridos pela Secretaria Municipal de Saúde deste Município: Unidade HOSPITAL MUNICIPAL DE TEIXEIRA DE FREITAS (HMTF) conforme edital de credenciamento médico 01/2021, pelo período de 12 meses."
"1613";"5262";"3-IL-102-2023";"3530";"3530";"INEXIGIBILIDADE";"";"Homologado";"SECRETARIA_SEM_CORRESPONDENCIA";"A secretaria saneada n?o corresponde a nenhum cadastro interno.";"";"";"CONTRATAÇÃO DE EMPRESA ESPECIALIZADA PARA PRESTAÇÃO DE SERVIÇO DE CONFIGURAÇÃO GERAL DE RAMAIS E LINHAS TELEFÔNICAS, PROGRAMAÇÃO E MONITORAÇÃO EM PABX DIGISTAR XIP-500, SUPORTE TÉCNICO E ATUALIZAÇÃO DO SISTEMA, SUPORTE REMOTO VIA WEB, INSTALAÇÃO DE RAMAIS E LINHAS, NESTA CÂMARA MUNICIPAL."
"1614";"5263";"3-IL-107-2023";"3530";"3530";"INEXIGIBILIDADE";"";"Homologado";"SECRETARIA_SEM_CORRESPONDENCIA";"A secretaria saneada n?o corresponde a nenhum cadastro interno.";"";"";"Solicita-se Médico(a) Anestesista Para Unidade Municipal Materno Infantil (UMMI),Conforme Processo Administrativo 2008/2021 - Empresa Credenciada: TEIXEIRA CORTELETTI SERVICOS MEDICOS S/S LTDA, CMPJ: 29.272.048/0001-30"
"1615";"5264";"3-IL-109-2023";"3429";"3429";"INEXIGIBILIDADE";"";"Homologado";"SECRETARIA_SEM_CORRESPONDENCIA";"A secretaria saneada n?o corresponde a nenhum cadastro interno.";"";"";"Solicito a contratação do profissional médico DANIEL ALVES ANDRADE DOS ANJOS da empresa ANDRADE DOS ANJOS LTDA, para a prestação de serviços médicos especializados junto à unidade de saúde geridos pela Secretaria Municipal de Saúde deste Município: Unidade HOSPITAL MUNICIPAL DE TEIXEIRA DE FREITAS (HMTF) conforme edital de credenciamento médico 01/2021, pelo período de 12 meses."
"1616";"5265";"3-IL-110-2023";"3530";"3530";"INEXIGIBILIDADE";"";"Homologado";"SECRETARIA_SEM_CORRESPONDENCIA";"A secretaria saneada n?o corresponde a nenhum cadastro interno.";"";"";"Aquisição de uma nova assinatura anual eletrônica, para acessos aos serviços do SISTEMA BANCO DE PREÇOS, ferramenta de pesquisa e comparação de preços praticados pela Administração Pública, para atender as demandas da Secretaria de Finanças."
"1626";"5937";"PE-093-2025";"1062/2025";"7752/2025";"PREGÃO";"SECRETARIA DE SEGURANÇA E TRANSPORTE";"SUSPENSO";"DUPLICIDADE_PROCESSO_INTERNO";"J? existe processo interno com o mesmo administrativo ou edital (0040/2025 / MANUAL).";"0040/2025";"MANUAL";"futura e eventual contratação de empresa especializada na prestação de serviço de IMPLANTAÇÃO E MANUTENÇÃO DE SINALIZAÇÃO HORIZONTAL, VERTICAL, SEMAFÓRICA E MEDIDAS DE MODERAÇÃO DE TRÁFEGO - ZONA SEGURA (traffic calming), com FORNECIMENTO DE MATERIAIS NECESSÁRIOS, a fim de atender as demandas da Secretaria Municipal de Segurança e Transportes."
"1627";"5938";"PE-094-2025";"1000/2025";"7656/2025";"PREGÃO";"SECRETARIA DE HABITAÇÃO";"HOMOLOGADO";"DUPLICIDADE_PROCESSO_INTERNO";"J? existe processo interno com o mesmo administrativo ou edital (0038/2025 / MANUAL).";"0038/2025";"MANUAL";"Serviço especializado de REGULARIZAÇÃO FUNDIÁRIA URBANA, compreendendo os serviços de diagnóstico básico, cartografia, levantamento fundiário registral, elaboração de cadastro socioeconômico, projeto de obras e de infraestrutura essencial, notificação dos confrontantes, estudo técnico ambiental, estudo técnico de áreas de risco, registro das matrículas individuais e demais medidas administrativas e legais para completa regularização fundiária, a fim de atender as demandas da Secretaria Municipal de Habitação."
"1634";"6073";"PE-140-2025";"1317/2025";"";"PREGÃO";"SECRETARIA DE FINANÇAS";"HOMOLOGADO";"DUPLICIDADE_PROCESSO_INTERNO";"J? existe processo interno com o mesmo administrativo ou edital (0036/2025 / MANUAL).";"0036/2025";"MANUAL";"Contratação de empresa especializada na prestação de serviço de IMPLANTAÇÃO DE SISTEMA DE INFORMAÇÕES GEOGRÁFICAS E PRODUÇÃO DE BASE CARTOGRÁFICA ATRAVÉS DO AEROLEVANTAMENTO DO MUNICÍPIO DE TEIXEIRA DE FREITAS-BA, a fim de atender as demandas da Secretaria Municipal de Finanças."
"1638";"6159";"CE-XXX-2025";"1327/2025";"PMTF/PR/76358/2025";"CONCORRÊNCIA PÚBLICA";"SECRETARIA DE EDUCAÇÃO";"Devolvido à origem";"DUPLICIDADE_PROCESSO_INTERNO";"J? existe processo interno com o mesmo administrativo ou edital (0024/2025 / MANUAL).";"0024/2025";"MANUAL";"CONTRATAÇÃO DE EMPRESA ESPECIALIZADA EM EXECUÇÃO DE OBRAS DE CONSTRUÇÃO DE UMA MINI QUADRA NA ESCOLA AMIGOS DA NATUREZA, LOCALIZADA NO BAIRRO SÃO LOURENÇO, NO MUNICÍPIO DE TEIXEIRA DE FREITAS – BA."
"1639";"6160";"PE-178-2025";"1398/2025";"10170/2025";"PREGÃO";"SECRETARIA DE EDUCAÇÃO";"SUSPENSO";"DUPLICIDADE_PROCESSO_INTERNO";"J? existe processo interno com o mesmo administrativo ou edital (0033/2025 / MANUAL).";"0033/2025";"MANUAL";"Contratação de empresa especializada em fornecimento de CATRACAS ELETRÔNICAS e prestação de serviços de INSTALAÇÃO, LICENÇA DE USO DE SOFTWARE DE SOLUÇÃO DE CONTROLE DE ACESSO (SCA), COM SISTEMA INTEGRADO DE GESTÃO ESCOLAR, INCLUINDO IMPLANTAÇÃO E TREINAMENTO (material permanente e serviços), a fim de atender as demandas da Secretaria Municipal de Educação."
"1640";"6161";"CE-018-2025";"1327/2025";"XXXX/2025";"CONCORRÊNCIA PÚBLICA";"SECRETARIA DE EDUCAÇÃO";"Em Andamento";"DUPLICIDADE_PROCESSO_INTERNO";"J? existe processo interno com o mesmo administrativo ou edital (0024/2025 / MANUAL).";"0024/2025";"MANUAL";"CONTRATAÇÃO DE EMPRESA ESPECIALIZADA EM EXECUÇÃO DE OBRAS DE CONSTRUÇÃO DE UMA MINI QUADRA NA ESCOLA AMIGOS DA NATUREZA, LOCALIZADA NO BAIRRO SÃO LOURENÇO, NO MUNICÍPIO DE TEIXEIRA DE FREITAS – BA."
"1641";"6162";"CE-019-2025";"1230/2025";"XXXX/2025";"CONCORRÊNCIA PÚBLICA";"SECRETARIA DE INFRAESTRUTURA E SERVIÇOS URBANOS";"Adjudicado";"DUPLICIDADE_PROCESSO_INTERNO";"J? existe processo interno com o mesmo administrativo ou edital (0022/2025 / MANUAL).";"0022/2025";"MANUAL";"CONTRATAÇÃO DE EMPRESA ESPECIALIZADA EM EXECUÇÃO DE OBRAS DE CONSTRUÇÃO DE UM ESPAÇO PARA O ABRIGO DE ANIMAIS, NO BAIRRO LOTEAMENTO NANUQUE, NO MUNICÍPIO DE TEIXEIRA DE FREITAS – BA."
"1642";"6163";"2-DLE-013-2026";"1234/2025";"555/2026";"DISPENSA";"SECRETARIA DE ADMINISTRAÇÃO";"ELABORAÇÃO DE EDITAL";"DUPLICIDADE_PROCESSO_INTERNO";"J? existe processo interno com o mesmo administrativo ou edital (0014/2025 / MANUAL).";"0014/2025";"MANUAL";"Contratação de empresas para aquisição de ROÇADEIRA E MOTOCULTIVADOR (material permanente),a fim de atender as necessidades Secretaria Municipal de Administração e demais Secretarias"
"1679";"4984";"3-IL-304-2022";"811/2022";"2006";"INEXIGIBILIDADE";"SECRETARIA DE SAÚDE";"Homologado";"DUPLICIDADE_PROCESSO_INTERNO";"J? existe processo interno com o mesmo administrativo ou edital (0814/2022 / LEGADO).";"0814/2022";"LEGADO";"Solicita-se médico(a) Neurocirurgião para Hospital Municipal De Teixeira de Freitas (HMTF), conforme Processo Administrativo 2008/2021 - Empresa Credenciada: NEUROCURE MEDICINA ESPECIALIZADA, CNPJ: 10.971.484/0001-70."
"1709";"5014";"TP-007-2022";"965/2022";"3949";"TOMADA DE PREÇO";"SECRETARIA DE EDUCAÇÃO";"Homologado";"DUPLICIDADE_PROCESSO_INTERNO";"J? existe processo interno com o mesmo administrativo ou edital (0050/2022 / LEGADO).";"0050/2022";"LEGADO";"CONTRATAÇÃO DE EMPRESA ESPECIALIZADA EM CONSTRUÇÃO CIVIL PARA CONSTRUIR 06 (SEIS) NOVOS REFEITÓRIOS NAS ESCOLAS MUNICIPAIS ALCENOR ALVES BARBOSA, SÃO LOURENÇO, VEREADOR GENIVALDO BISPO DE OLIVEIRA, PROFESSOR SHENEIDER C. CORREIA, AMIGOS DA NATUREZA E RACHEL DE QUEIROZ NO MUNICÍPIO DE TEIXEIRA DE FREITAS-BA"
"1722";"5027";"PE-XXX-2024";"1156/2024";"39993/2024";"PREGÃO";"SECRETARIA DE ADMINISTRAÇÃO";"Arquivado";"DUPLICIDADE_PROCESSO_INTERNO";"J? existe processo interno com o mesmo administrativo ou edital (0066/2024 / LEGADO).";"0066/2024";"LEGADO";"[SRP] - FORNECIMENTO DE MOBILIÁRIOS EM GERAL, A FIM DE ATENDER AS DEMANDAS DA SEC. MUN. DE ADMINISTRAÇÃO E DEMAIS SECRETARIAS."
"1726";"5031";"4-DL-013-2023";"4/DL/013/2023";"2641";"DISPENSA";"";"Homologado";"SECRETARIA_SEM_CORRESPONDENCIA";"A secretaria saneada n?o corresponde a nenhum cadastro interno.";"";"";"SOLICITA-SE EMPRESA ESPECIALIZADA EM FORNECIMENTO DE FERRAMENTAS (ROÇADEIRAS, APARADOR E CORTADOR DE GRAMA) PARA ATENDER AS DEMANDAS DAS UNIDADES ESCOLARES."
"1727";"5032";"4-DL-020-2023";"4/DL/020/2023";"2550";"DISPENSA";"";"Homologado";"SECRETARIA_SEM_CORRESPONDENCIA";"A secretaria saneada n?o corresponde a nenhum cadastro interno.";"";"";"CONTRATAÇÃO DE PESSOA JURÍDICA PARA AQUISIÇÃO DE GÊNEROS ALIMENTÍCIOS PRODUZIDOS POR AGRICULTORES RURAIS PARA CUMPRIR O CARDÁPIO DA ALIMENTAÇÃO ESCOLAR, ORIUNDOS DA CHAMADA PÚBLICA 001-2023, VISANDO SUPRIR AS NECESSIDADES DA REDE MUNICIPAL DE ENSINO DA SECRETARIA MUNICIPAL DE EDUCAÇÃO E CULTURA. ASSOCIAÇÃO DOS TRABALHADORES NA AGRICULTURA FAMILIAR DA COMUNIDADE MENINO JESUS, CNPJ: 04.591.515/0001-64, DAP SDW0459151500010802220347"
"1728";"5033";"4-DL-021-2023";"4/DL/021/2023";"2549";"DISPENSA";"";"Homologado";"SECRETARIA_SEM_CORRESPONDENCIA";"A secretaria saneada n?o corresponde a nenhum cadastro interno.";"";"";"CONTRATAÇÃO DE PESSOA JURÍDICA PARA AQUISIÇÃO DE GÊNEROS ALIMENTÍCIOS PRODUZIDOS POR AGRICULTORES RURAIS PARA CUMPRIR O CARDÁPIO DA ALIMENTAÇÃO ESCOLAR, ORIUNDOS DA CHAMADA PÚBLICA 001-2023, VISANDO SUPRIR AS NECESSIDADES DA REDE MUNICIPAL DE ENSINO DA SECRETARIA MUNICIPAL DE EDUCAÇÃO E CULTURA. ASSOCIAÇÃO DE PRODUTORES RURAIS DO ASSENTAMENTO BELA MANHÃ, CNPJ: 21.264.228/0001-69, DAP SDW2126422800010102221153"
"1729";"5034";"4-DL-022-2023";"4/DL/022/2023";"2549";"DISPENSA";"";"Homologado";"SECRETARIA_SEM_CORRESPONDENCIA";"A secretaria saneada n?o corresponde a nenhum cadastro interno.";"";"";"Aquisição de gêneros alimentícios produzidos por agricultores familiares rurais, demais beneficiários e Organizadores como pessoa jurídica de direito nacional de agricultura Familiar - Pronaf - dpa especial pessoa jurídica ou outros documentos definidos por resolução do ggpaa, que se enquadrem nas disposições da Lei Federal nº 11.326, de 24 de julho de 2009, com povos e comunidades tradicionais e beneficiários de reforma agrária visando atender as demandas deste município, conforme os princípios e diretrizes estabelecidas pelo pnae. Em favor da ASSOCIACAO DE MULHERES PRODUTORAS RURAIS NA COMUNIDADE DE NOVA ESPERANCA - Cnpj: 24284247000145"
"1730";"5035";"4-DL-023-2023";"4/DL/023/2023";"2573";"DISPENSA";"";"Homologado";"SECRETARIA_SEM_CORRESPONDENCIA";"A secretaria saneada n?o corresponde a nenhum cadastro interno.";"";"";"CHAMADA PÚBLICA, VISANDO À AQUISIÇÃO DE GÊNEROS ALIMENTÍCIOS PRODUZIDOS POR AGRICULTORES FAMILIARES RURAIS, DEMAIS BENEFICIÁRIOS E ORGANIZADORES COMO PESSOA JURÍDICA DE DIREITO NACIONAL DE AGRICULTURA FAMILIAR - PRONAF - DPA ESPECIAL PESSOA JURÍDICA OU OUTROS DOCUMENTOS DEFINIDOS POR RESOLUÇÃO DO GGPAA, QUE SE ENQUADREM NAS DISPOSIÇÕES DA LEI FEDERAL N° 11.326, DE 24 DE JULHO DE 2006, LEI N.º 11.947, DE 16 DE JUNHO DE 2009, COM POVOS E COMUNIDADE TRADICIONAIS E BENEFICIÁRIOS DE REFORMA AGRÁRIA VISANDO ATENDER AS DEMANDAS DESTE MUNICÍPIO, CONFORME OS PRINCÍPIOS E DIRETRIZES ESTABELECIDAS PELO PNAE EM FAVOR DA ASSOCIAÇÃO DOS AGRICULTORES DO PRE-ASSENTAMENTO FABIO SANTOS, CNPJ: 42.154.315/0001-33, DAP SDW4215431500010902220404"
"1731";"5036";"4-DL-024-2023";"4/DL/024/2023";"2551";"DISPENSA";"";"Homologado";"SECRETARIA_SEM_CORRESPONDENCIA";"A secretaria saneada n?o corresponde a nenhum cadastro interno.";"";"";"Aquisição de gêneros alimentícios Produzidos por agricultores familiares rurais, demais beneficiários e Organizadores como pessoa jurídica de direito nacional de agricultura Familiar - PRONAF - DPA especial pessoa jurídica ou outros documentos Definidos por resolução do ggpaa, que se enquadrem nas disposições da Lei federal n° 11.326, de 24 de julho de 2006, lei n.º 11.947, de 16 de junho de 2009, Com povos e comunidade tradicionais e beneficiários de reforma agrária Visando atender as demandas deste município, conforme os princípios e Diretrizes estabelecidas pelo PNAE, em favor da Associação dos Produtores Rurais da Comunidade de São Sebastião-CNPJ: 21.977.531/0001-09 nº antigo da sd:3361"
"1732";"5037";"4-DL-025-2023";"4/DL/025/2023";"2564";"DISPENSA";"";"Homologado";"SECRETARIA_SEM_CORRESPONDENCIA";"A secretaria saneada n?o corresponde a nenhum cadastro interno.";"";"";"CHAMADA PÚBLICA, VISANDO À AQUISIÇÃO DE GÊNEROS ALIMENTÍCIOS PRODUZIDOS POR AGRICULTORES FAMILIARES RURAIS, DEMAIS BENEFICIÁRIOS E ORGANIZADORES COMO PESSOA JURÍDICA DE DIREITO NACIONAL DE AGRICULTURA FAMILIAR - PRONAF - DPA ESPECIAL PESSOA JURÍDICA OU OUTROS DOCUMENTOS DEFINIDOS POR RESOLUÇÃO DO GGPAA, QUE SE ENQUADREM NAS DISPOSIÇÕES DA LEI FEDERAL N° 11.326, DE 24 DE JULHO DE 2006, LEI N.º 11.947, DE 16 DE JUNHO DE 2009, COM POVOS E COMUNIDADE TRADICIONAIS E BENEFICIÁRIOS DE REFORMA AGRÁRIA VISANDO ATENDER AS DEMANDAS DESTE MUNICÍPIO, CONFORME OS PRINCÍPIOS E DIRETRIZES ESTABELECIDAS PELO PNAE, EM FAVOR DE: ALESSANDRO DA SILVA SANTOS, CPF: 068.351.615-90, DAP: SDW0068351615900802220932 nº antiga sd: 3362"
"1733";"5038";"4-DL-026-2023";"4/DL/026/2023";"2564";"DISPENSA";"";"Homologado";"SECRETARIA_SEM_CORRESPONDENCIA";"A secretaria saneada n?o corresponde a nenhum cadastro interno.";"";"";"CHAMADA PÚBLICA, VISANDO À AQUISIÇÃO DE GÊNEROS ALIMENTÍCIOS PRODUZIDOS POR AGRICULTORES FAMILIARES RURAIS, DEMAIS BENEFICIÁRIOS E ORGANIZADORES COMO PESSOA JURÍDICA DE DIREITO NACIONAL DE AGRICULTURA FAMILIAR - PRONAF - DPA ESPECIAL PESSOA JURÍDICA OU OUTROS DOCUMENTOS DEFINIDOS POR RESOLUÇÃO DO GGPAA, QUE SE ENQUADREM NAS DISPOSIÇÕES DA LEI FEDERAL N° 11.326, DE 24 DE JULHO DE 2006, LEI N.º 11.947, DE 16 DE JUNHO DE 2009, COM POVOS E COMUNIDADE TRADICIONAIS E BENEFICIÁRIOS DE REFORMA AGRÁRIA VISANDO ATENDER AS DEMANDAS DESTE MUNICÍPIO, CONFORME OS PRINCÍPIOS E DIRETRIZES ESTABELECIDAS PELO PNAE EM FAVOR DE ADEVALDO JESUS SOARES, CPF: 031.473.915-74, DAP: SDW0031473915742308220949 nº antiga sd:3363"
"1734";"5039";"4-DL-027-2023";"4/DL/027/2023";"2549";"DISPENSA";"";"Homologado";"SECRETARIA_SEM_CORRESPONDENCIA";"A secretaria saneada n?o corresponde a nenhum cadastro interno.";"";"";"CHAMADA PÚBLICA, VISANDO À AQUISIÇÃO DE GÊNEROS ALIMENTÍCIOS PRODUZIDOS POR AGRICULTORES FAMILIARES RURAIS, DEMAIS BENEFICIÁRIOS E ORGANIZADORES COMO PESSOA JURÍDICA DE DIREITO NACIONAL DE AGRICULTURA FAMILIAR - PRONAF - DPA ESPECIAL PESSOA JURÍDICA OU OUTROS DOCUMENTOS DEFINIDOS POR RESOLUÇÃO DO GGPAA, QUE SE ENQUADREM NAS DISPOSIÇÕES DA LEI FEDERAL N° 11.326, DE 24 DE JULHO DE 2006, LEI N.º 11.947, DE 16 DE JUNHO DE 2009, COM POVOS E COMUNIDADE TRADICIONAIS E BENEFICIÁRIOS DE REFORMA AGRÁRIA VISANDO ATENDER AS DEMANDAS DESTE MUNICÍPIO, CONFORME OS PRINCÍPIOS E DIRETRIZES ESTABELECIDAS PELO PNAE. EM FAVOR DE: DORIVALDO JESUS SOARES, CPF: 832.413.705-00, Dap: SDW0832413705001409210958 nº antiga sd:3364"
"1735";"5040";"4-DL-028-2023";"4/DL/028/2023";"2549";"DISPENSA";"";"Homologado";"SECRETARIA_SEM_CORRESPONDENCIA";"A secretaria saneada n?o corresponde a nenhum cadastro interno.";"";"";"CHAMADA PÚBLICA, VISANDO À AQUISIÇÃO DE GÊNEROS ALIMENTÍCIOS PRODUZIDOS POR AGRICULTORES FAMILIARES RURAIS, DEMAIS BENEFICIÁRIOS E ORGANIZADORES COMO PESSOA JURÍDICA DE DIREITO NACIONAL DE AGRICULTURA FAMILIAR - PRONAF - DPA ESPECIAL PESSOA JURÍDICA OU OUTROS DOCUMENTOS DEFINIDOS POR RESOLUÇÃO DO GGPAA, QUE SE ENQUADREM NAS DISPOSIÇÕES DA LEI FEDERAL N° 11.326, DE 24 DE JULHO DE 2006, LEI N.º 11.947, DE 16 DE JUNHO DE 2009, COM POVOS E COMUNIDADE TRADICIONAIS E BENEFICIÁRIOS DE REFORMA AGRÁRIA VISANDO ATENDER AS DEMANDAS DESTE MUNICÍPIO, CONFORME OS PRINCÍPIOS E DIRETRIZES ESTABELECIDAS PELO PNAE, EM FAVOR DE COSMILTON DOS ANJOS GUERRA - CPF:009.415.695-60 E DAP:SDW0832413705001409210958 nº antiga sd: 3365"
"1736";"5041";"4-DL-029-2023";"4/DL/029/2023";"2549";"DISPENSA";"";"Homologado";"SECRETARIA_SEM_CORRESPONDENCIA";"A secretaria saneada n?o corresponde a nenhum cadastro interno.";"";"";"CHAMADA PÚBLICA, VISANDO À AQUISIÇÃO DE GÊNEROS ALIMENTÍCIOS PRODUZIDOS POR AGRICULTORES FAMILIARES RURAIS, DEMAIS BENEFICIÁRIOS E ORGANIZADORES COMO PESSOA JURÍDICA DE DIREITO NACIONAL DE AGRICULTURA FAMILIAR - PRONAF - DPA ESPECIAL PESSOA JURÍDICA OU OUTROS DOCUMENTOS DEFINIDOS POR RESOLUÇÃO DO GGPAA, QUE SE ENQUADREM NAS DISPOSIÇÕES DA LEI FEDERAL N° 11.326, DE 24 DE JULHO DE 2006, LEI N.º 11.947, DE 16 DE JUNHO DE 2009, COM POVOS E COMUNIDADE TRADICIONAIS E BENEFICIÁRIOS DE REFORMA AGRÁRIA VISANDO ATENDER AS DEMANDAS DESTE MUNICÍPIO, CONFORME OS PRINCÍPIOS E DIRETRIZES ESTABELECIDAS PELO PNAE EM FAVOR DE LAIANE PEREIRA DE OLIVEIRA, CPF: 064.262.145-40, DAP SDW0064262145400107220914 nº antiga sd: 3366"
"1737";"5042";"4-DL-030-2023";"4/DL/030/2023";"2573";"DISPENSA";"";"Homologado";"SECRETARIA_SEM_CORRESPONDENCIA";"A secretaria saneada n?o corresponde a nenhum cadastro interno.";"";"";"CHAMADA PÚBLICA, VISANDO À AQUISIÇÃO DE GÊNEROS ALIMENTÍCIOS PRODUZIDOS POR AGRICULTORES FAMILIARES RURAIS, DEMAIS BENEFICIÁRIOS E ORGANIZADORES COMO PESSOA JURÍDICA DE DIREITO NACIONAL DE AGRICULTURA FAMILIAR - PRONAF - DPA ESPECIAL PESSOA JURÍDICA OU OUTROS DOCUMENTOS DEFINIDOS POR RESOLUÇÃO DO GGPAA, QUE SE ENQUADREM NAS DISPOSIÇÕES DA LEI FEDERAL N° 11.326, DE 24 DE JULHO DE 2006, LEI N.º 11.947, DE 16 DE JUNHO DE 2009, COM POVOS E COMUNIDADE TRADICIONAIS E BENEFICIÁRIOS DE REFORMA AGRÁRIA VISANDO ATENDER AS DEMANDAS DESTE MUNICÍPIO, CONFORME OS PRINCÍPIOS E DIRETRIZES ESTABELECIDAS PELO PNAE, EM FAVOR DE: ESLANE ALVES DA SILVA, CPF: 062.669.825-10, DAP: SDW0059266125350302220936 nº antiga sd:3368"
"1738";"5043";"4-DL-031-2023";"4/DL/031/2023";"2599";"DISPENSA";"";"Homologado";"SECRETARIA_SEM_CORRESPONDENCIA";"A secretaria saneada n?o corresponde a nenhum cadastro interno.";"";"";"CHAMADA PÚBLICA, VISANDO À AQUISIÇÃO DE GÊNEROS ALIMENTÍCIOS PRODUZIDOS POR AGRICULTORES FAMILIARES RURAIS, DEMAIS BENEFICIÁRIOS E ORGANIZADORES COMO PESSOA JURÍDICA DE DIREITO NACIONAL DE AGRICULTURA FAMILIAR - PRONAF - DPA ESPECIAL PESSOA JURÍDICA OU OUTROS DOCUMENTOS DEFINIDOS POR RESOLUÇÃO DO GGPAA, QUE SE ENQUADREM NAS DISPOSIÇÕES DA LEI FEDERAL N° 11.326, DE 24 DE JULHO DE 2006, LEI N.º 11.947, DE 16 DE JUNHO DE 2009, COM POVOS E COMUNIDADE TRADICIONAIS E BENEFICIÁRIOS DE REFORMA AGRÁRIA VISANDO ATENDER AS DEMANDAS DESTE MUNICÍPIO, CONFORME OS PRINCÍPIOS E DIRETRIZES ESTABELECIDAS PELO PNAE, EM FAVOR DE: EVERALDINO SILVA REBOUÇAS, CPF: 594.903.905-00, DAP: SDW0594903905001705220958. nº antiga sd:3369"
"1739";"5044";"4-DL-032-2023";"4/DL/032/2023";"2557";"DISPENSA";"";"Homologado";"SECRETARIA_SEM_CORRESPONDENCIA";"A secretaria saneada n?o corresponde a nenhum cadastro interno.";"";"";"CHAMADA PÚBLICA, VISANDO À AQUISIÇÃO DE GÊNEROS ALIMENTÍCIOS PRODUZIDOS POR AGRICULTORES FAMILIARES RURAIS, DEMAIS BENEFICIÁRIOS E ORGANIZADORES COMO PESSOA JURÍDICA DE DIREITO NACIONAL DE AGRICULTURA FAMILIAR - PRONAF - DPA ESPECIAL PESSOA JURÍDICA OU OUTROS DOCUMENTOS DEFINIDOS POR RESOLUÇÃO DO GGPAA, QUE SE ENQUADREM NAS DISPOSIÇÕES DA LEI FEDERAL N° 11.326, DE 24 DE JULHO DE 2006, LEI N.º 11.947, DE 16 DE JUNHO DE 2009, COM POVOS E COMUNIDADE TRADICIONAIS E BENEFICIÁRIOS DE REFORMA AGRÁRIA VISANDO ATENDER AS DEMANDAS DESTE MUNICÍPIO, CONFORME OS PRINCÍPIOS E DIRETRIZES ESTABELECIDAS PELO PNAE, EM FAVOR DE: MARCIO RICARDO ALVES DA SILVA, PFF: 040.520.665-88, DAP: SDW0040520665880910210229 nº antiga sd: 3370"
"1740";"5045";"4-DL-033-2023";"4/DL/033/2023";"2599";"DISPENSA";"";"Homologado";"SECRETARIA_SEM_CORRESPONDENCIA";"A secretaria saneada n?o corresponde a nenhum cadastro interno.";"";"";"CHAMADA PÚBLICA, VISANDO À AQUISIÇÃO DE GÊNEROS ALIMENTÍCIOS PRODUZIDOS POR AGRICULTORES FAMILIARES RURAIS, DEMAIS BENEFICIÁRIOS E ORGANIZADORES COMO PESSOA JURÍDICA DE DIREITO NACIONAL DE AGRICULTURA FAMILIAR - PRONAF - DPA ESPECIAL PESSOA JURÍDICA OU OUTROS DOCUMENTOS DEFINIDOS POR RESOLUÇÃO DO GGPAA, QUE SE ENQUADREM NAS DISPOSIÇÕES DA LEI FEDERAL N° 11.326, DE 24 DE JULHO DE 2006, LEI N.º 11.947, DE 16 DE JUNHO DE 2009, COM POVOS E COMUNIDADE TRADICIONAIS E BENEFICIÁRIOS DE REFORMA AGRÁRIA VISANDO ATENDER AS DEMANDAS DESTE MUNICÍPIO, CONFORME OS PRINCÍPIOS E DIRETRIZES ESTABELECIDAS PELO PNAE, EM FAVOR DE: FERNANDO ALVES DA SILVA, CPF: 407.470.935-04, DAP: SDW0407470935043101221215 nº antiga sd:3371"
"1741";"5046";"4-DL-034-2023";"4/DL/034/2023";"2566";"DISPENSA";"";"Homologado";"SECRETARIA_SEM_CORRESPONDENCIA";"A secretaria saneada n?o corresponde a nenhum cadastro interno.";"";"";"CHAMADA PÚBLICA, VISANDO À AQUISIÇÃO DE GÊNEROS ALIMENTÍCIOS PRODUZIDOS POR AGRICULTORES FAMILIARES RURAIS, DEMAIS BENEFICIÁRIOS E ORGANIZADORES COMO PESSOA JURÍDICA DE DIREITO NACIONAL DE AGRICULTURA FAMILIAR - PRONAF - DPA ESPECIAL PESSOA JURÍDICA OU OUTROS DOCUMENTOS DEFINIDOS POR RESOLUÇÃO DO GGPAA, QUE SE ENQUADREM NAS DISPOSIÇÕES DA LEI FEDERAL N° 11.326, DE 24 DE JULHO DE 2006, LEI N.º 11.947, DE 16 DE JUNHO DE 2009, COM POVOS E COMUNIDADE TRADICIONAIS E BENEFICIÁRIOS DE REFORMA AGRÁRIA VISANDO ATENDER AS DEMANDAS DESTE MUNICÍPIO, CONFORME OS PRINCÍPIOS E DIRETRIZES ESTABELECIDAS PELO PNAE, EM FAVOR DE: LEANDRA FERREIRA SANTANA, CPF: 831.202.385-20, DAP: SDW0831202385202112211222 nº antiga sd:3372"
"1742";"5047";"4-DL-035-2023";"4/DL/035/2023";"2578";"DISPENSA";"";"Homologado";"SECRETARIA_SEM_CORRESPONDENCIA";"A secretaria saneada n?o corresponde a nenhum cadastro interno.";"";"";"CHAMADA PÚBLICA, VISANDO À AQUISIÇÃO DE GÊNEROS ALIMENTÍCIOS PRODUZIDOS POR AGRICULTORES FAMILIARES RURAIS, DEMAIS BENEFICIÁRIOS E ORGANIZADORES COMO PESSOA JURÍDICA DE DIREITO NACIONAL DE AGRICULTURA FAMILIAR - PRONAF - DPA ESPECIAL PESSOA JURÍDICA OU OUTROS DOCUMENTOS DEFINIDOS POR RESOLUÇÃO DO GGPAA, QUE SE ENQUADREM NAS DISPOSIÇÕES DA LEI FEDERAL N° 11.326, DE 24 DE JULHO DE 2006, LEI N.º 11.947, DE 16 DE JUNHO DE 2009, COM POVOS E COMUNIDADE TRADICIONAIS E BENEFICIÁRIOS DE REFORMA AGRÁRIA VISANDO ATENDER AS DEMANDAS DESTE MUNICÍPIO, CONFORME OS PRINCÍPIOS E DIRETRIZES ESTABELECIDAS PELO PNAE, EM FAVOR DE: NERIVALDO DOS SANTOS OLIVEIRA CPF: 015.946.785-37, DAP: SDW0015946785372610210302. nº antiga sd: 3373"
"1743";"5048";"4-DL-036-2023";"4/DL/036/2023";"2573";"DISPENSA";"";"Homologado";"SECRETARIA_SEM_CORRESPONDENCIA";"A secretaria saneada n?o corresponde a nenhum cadastro interno.";"";"";"CHAMADA PÚBLICA, VISANDO À AQUISIÇÃO DE GÊNEROS ALIMENTÍCIOS PRODUZIDOS POR AGRICULTORES FAMILIARES RURAIS, DEMAIS BENEFICIÁRIOS E ORGANIZADORES COMO PESSOA JURÍDICA DE DIREITO NACIONAL DE AGRICULTURA FAMILIAR - PRONAF - DPA ESPECIAL PESSOA JURÍDICA OU OUTROS DOCUMENTOS DEFINIDOS POR RESOLUÇÃO DO GGPAA, QUE SE ENQUADREM NAS DISPOSIÇÕES DA LEI FEDERAL N° 11.326, DE 24 DE JULHO DE 2006, LEI N.º 11.947, DE 16 DE JUNHO DE 2009, COM POVOS E COMUNIDADE TRADICIONAIS E BENEFICIÁRIOS DE REFORMA AGRÁRIA VISANDO ATENDER AS DEMANDAS DESTE MUNICÍPIO, CONFORME OS PRINCÍPIOS E DIRETRIZES ESTABELECIDAS PELO PNAE, EM FAVOR DE:JOÃO MARLOS PEREIRA DA SILVA, CPF: 038.559.925-09, DAP: SDW0038559925090802221127 nº antigo sd: 3376"
"1744";"5049";"4-DL-037-2023";"4/DL/037/2023";"2594";"DISPENSA";"";"Homologado";"SECRETARIA_SEM_CORRESPONDENCIA";"A secretaria saneada n?o corresponde a nenhum cadastro interno.";"";"";"CHAMADA PÚBLICA, VISANDO À AQUISIÇÃO DE GÊNEROS ALIMENTÍCIOS PRODUZIDOS POR AGRICULTORES FAMILIARES RURAIS, DEMAIS BENEFICIÁRIOS E ORGANIZADORES COMO PESSOA JURÍDICA DE DIREITO NACIONAL DE AGRICULTURA FAMILIAR - PRONAF - DPA ESPECIAL PESSOA JURÍDICA OU OUTROS DOCUMENTOS DEFINIDOS POR RESOLUÇÃO DO GGPAA, QUE SE ENQUADREM NAS DISPOSIÇÕES DA LEI FEDERAL N° 11.326, DE 24 DE JULHO DE 2006, LEI N.º 11.947, DE 16 DE JUNHO DE 2009, COM POVOS E COMUNIDADE TRADICIONAIS E BENEFICIÁRIOS DE REFORMA AGRÁRIA VISANDO ATENDER AS DEMANDAS DESTE MUNICÍPIO, CONFORME OS PRINCÍPIOS E DIRETRIZES ESTABELECIDAS PELO PNAE EM FAVOR DE ADELSON JOSE D ANUNCIACAO PEREIRA, CPF: 554.499.485-49, DAP SDW0554499485490302220925 nº antiga sd: 3379"
"1745";"5050";"4-DL-038-2023";"4/DL/038/2023";"2594";"DISPENSA";"";"Homologado";"SECRETARIA_SEM_CORRESPONDENCIA";"A secretaria saneada n?o corresponde a nenhum cadastro interno.";"";"";"CHAMADA PÚBLICA, VISANDO À AQUISIÇÃO DE GÊNEROS ALIMENTÍCIOS PRODUZIDOS POR AGRICULTORES FAMILIARES RURAIS, DEMAIS BENEFICIÁRIOS E ORGANIZADORES COMO PESSOA JURÍDICA DE DIREITO NACIONAL DE AGRICULTURA FAMILIAR - PRONAF - DPA ESPECIAL PESSOA JURÍDICA OU OUTROS DOCUMENTOS DEFINIDOS POR RESOLUÇÃO DO GGPAA, QUE SE ENQUADREM NAS DISPOSIÇÕES DA LEI FEDERAL N° 11.326, DE 24 DE JULHO DE 2006, LEI N.º 11.947, DE 16 DE JUNHO DE 2009, COM POVOS E COMUNIDADE TRADICIONAIS E BENEFICIÁRIOS DE REFORMA AGRÁRIA VISANDO ATENDER AS DEMANDAS DESTE MUNICÍPIO, CONFORME OS PRINCÍPIOS E DIRETRIZES ESTABELECIDAS PELO PNAE. EM FAVOR DE: ROBERIO ROCHA PACHECO, CPF: 010.384.025-73, DAP: SDW0013600925520202220131. nº antigo sd: 3380"
"1746";"5051";"4-DL-039-2023";"4/DL/039/2023";"2594";"DISPENSA";"";"Homologado";"SECRETARIA_SEM_CORRESPONDENCIA";"A secretaria saneada n?o corresponde a nenhum cadastro interno.";"";"";"CHAMADA PÚBLICA, VISANDO À AQUISIÇÃO DE GÊNEROS ALIMENTÍCIOS PRODUZIDOS POR AGRICULTORES FAMILIARES RURAIS, DEMAIS BENEFICIÁRIOS E ORGANIZADORES COMO PESSOA JURÍDICA DE DIREITO NACIONAL DE AGRICULTURA FAMILIAR - PRONAF - DPA ESPECIAL PESSOA JURÍDICA OU OUTROS DOCUMENTOS DEFINIDOS POR RESOLUÇÃO DO GGPAA, QUE SE ENQUADREM NAS DISPOSIÇÕES DA LEI FEDERAL N° 11.326, DE 24 DE JULHO DE 2006, LEI N.º 11.947, DE 16 DE JUNHO DE 2009, COM POVOS E COMUNIDADE TRADICIONAIS E BENEFICIÁRIOS DE REFORMA AGRÁRIA VISANDO ATENDER AS DEMANDAS DESTE MUNICÍPIO, CONFORME OS PRINCÍPIOS E DIRETRIZES ESTABELECIDAS PELO PNAE EM FAVOR DE BENEDITO JOSE SOUZA FELIX, CPF: 737.742.605-59, DAP SDW07377442605590902220303 nº antiga sd: 3381"
"1747";"5052";"4-DL-040-2023";"4/DL/040/2023";"2594";"DISPENSA";"";"Homologado";"SECRETARIA_SEM_CORRESPONDENCIA";"A secretaria saneada n?o corresponde a nenhum cadastro interno.";"";"";"CHAMADA PÚBLICA, VISANDO À AQUISIÇÃO DE GÊNEROS ALIMENTÍCIOS PRODUZIDOS POR AGRICULTORES FAMILIARES RURAIS, DEMAIS BENEFICIÁRIOS E ORGANIZADORES COMO PESSOA JURÍDICA DE DIREITO NACIONAL DE AGRICULTURA FAMILIAR - PRONAF - DPA ESPECIAL PESSOA JURÍDICA OU OUTROS DOCUMENTOS DEFINIDOS POR RESOLUÇÃO DO GGPAA, QUE SE ENQUADREM NAS DISPOSIÇÕES DA LEI FEDERAL N° 11.326, DE 24 DE JULHO DE 2006, LEI N.º 11.947, DE 16 DE JUNHO DE 2009, COM POVOS E COMUNIDADE TRADICIONAIS E BENEFICIÁRIOS DE REFORMA AGRÁRIA VISANDO ATENDER AS DEMANDAS DESTE MUNICÍPIO, CONFORME OS PRINCÍPIOS E DIRETRIZES ESTABELECIDAS PELO PNAE, EM FAVOR DE REGINALDO DA ANUNCIAÇAO PEREIRA - CPF: 000.326.825-06 E DAP: SDW0000326825060302221011 nº antiga sd: 3382"
"1748";"5053";"4-DL-041-2023";"4/DL/041/2023";"2594";"DISPENSA";"";"Homologado";"SECRETARIA_SEM_CORRESPONDENCIA";"A secretaria saneada n?o corresponde a nenhum cadastro interno.";"";"";"CHAMADA PÚBLICA, VISANDO À AQUISIÇÃO DE GÊNEROS ALIMENTÍCIOS PRODUZIDOS POR AGRICULTORES FAMILIARES RURAIS, DEMAIS BENEFICIÁRIOS E ORGANIZADORES COMO PESSOA JURÍDICA DE DIREITO NACIONAL DE AGRICULTURA FAMILIAR - PRONAF - DPA ESPECIAL PESSOA JURÍDICA OU OUTROS DOCUMENTOS DEFINIDOS POR RESOLUÇÃO DO GGPAA, QUE SE ENQUADREM NAS DISPOSIÇÕES DA LEI FEDERAL N° 11.326, DE 24 DE JULHO DE 2006, LEI N.º 11.947, DE 16 DE JUNHO DE 2009, COM POVOS E COMUNIDADE TRADICIONAIS E BENEFICIÁRIOS DE REFORMA AGRÁRIA VISANDO ATENDER AS DEMANDAS DESTE MUNICÍPIO, CONFORME OS PRINCÍPIOS E DIRETRIZES ESTABELECIDAS PELO PNAE. EM FAVOR DE: NEUZENI ANUNCIAÇÃO PEREIRA. CPF:013.377.335-39, DAP:SDW001337733539030222. nº antiga sd: 3383"
"1749";"5054";"4-DL-042-2023";"4/DL/042/2023";"2594";"DISPENSA";"";"Homologado";"SECRETARIA_SEM_CORRESPONDENCIA";"A secretaria saneada n?o corresponde a nenhum cadastro interno.";"";"";"CHAMADA PÚBLICA, VISANDO À AQUISIÇÃO DE GÊNEROS ALIMENTÍCIOS PRODUZIDOS POR AGRICULTORES FAMILIARES RURAIS, DEMAIS BENEFICIÁRIOS E ORGANIZADORES COMO PESSOA JURÍDICA DE DIREITO NACIONAL DE AGRICULTURA FAMILIAR - PRONAF - DPA ESPECIAL PESSOA JURÍDICA OU OUTROS DOCUMENTOS DEFINIDOS POR RESOLUÇÃO DO GGPAA, QUE SE ENQUADREM NAS DISPOSIÇÕES DA LEI FEDERAL N° 11.326, DE 24 DE JULHO DE 2006, LEI N.º 11.947, DE 16 DE JUNHO DE 2009, COM POVOS E COMUNIDADE TRADICIONAIS E BENEFICIÁRIOS DE REFORMA AGRÁRIA VISANDO ATENDER AS DEMANDAS DESTE MUNICÍPIO, CONFORME OS PRINCÍPIOS E DIRETRIZES ESTABELECIDAS PELO PNAE EM FAVOR DE AGRARIO CORREIA DOS SANTOS, CPF: 258.484.295-53, DAP SDW0258484295530302220938 nº antiga sd: 3384"
"1750";"5055";"4-DL-043-2023";"4/DL/043/2023";"2594";"DISPENSA";"";"Homologado";"SECRETARIA_SEM_CORRESPONDENCIA";"A secretaria saneada n?o corresponde a nenhum cadastro interno.";"";"";"CHAMADA PÚBLICA, VISANDO À AQUISIÇÃO DE GÊNEROS ALIMENTÍCIOS PRODUZIDOS POR AGRICULTORES FAMILIARES RURAIS, DEMAIS BENEFICIÁRIOS E ORGANIZADORES COMO PESSOA JURÍDICA DE DIREITO NACIONAL DE AGRICULTURA FAMILIAR - PRONAF - DPA ESPECIAL PESSOA JURÍDICA OU OUTROS DOCUMENTOS DEFINIDOS POR RESOLUÇÃO DO GGPAA, QUE SE ENQUADREM NAS DISPOSIÇÕES DA LEI FEDERAL N° 11.326, DE 24 DE JULHO DE 2006, LEI N.º 11.947, DE 16 DE JUNHO DE 2009, COM POVOS E COMUNIDADE TRADICIONAIS E BENEFICIÁRIOS DE REFORMA AGRÁRIA VISANDO ATENDER AS DEMANDAS DESTE MUNICÍPIO, CONFORME OS PRINCÍPIOS E DIRETRIZES ESTABELECIDAS PELO PNAE, EM FAVOR DE NEGILDA D ANUNCIAÇÃO PEREIRA - CPF: 417.734.895-34 E DAP:SDW0054338945680302220951 nº antiga sd: 3385"
"1751";"5056";"4-DL-044-2023";"4/DL/044/2023";"2594";"DISPENSA";"";"Homologado";"SECRETARIA_SEM_CORRESPONDENCIA";"A secretaria saneada n?o corresponde a nenhum cadastro interno.";"";"";"CHAMADA PÚBLICA, VISANDO À AQUISIÇÃO DE GÊNEROS ALIMENTÍCIOS PRODUZIDOS POR AGRICULTORES FAMILIARES RURAIS, DEMAIS BENEFICIÁRIOS E ORGANIZADORES COMO PESSOA JURÍDICA DE DIREITO NACIONAL DE AGRICULTURA FAMILIAR - PRONAF - DPA ESPECIAL PESSOA JURÍDICA OU OUTROS DOCUMENTOS DEFINIDOS POR RESOLUÇÃO DO GGPAA, QUE SE ENQUADREM NAS DISPOSIÇÕES DA LEI FEDERAL N° 11.326, DE 24 DE JULHO DE 2006, LEI N.º 11.947, DE 16 DE JUNHO DE 2009, COM POVOS E COMUNIDADE TRADICIONAIS E BENEFICIÁRIOS DE REFORMA AGRÁRIA VISANDO ATENDER AS DEMANDAS DESTE MUNICÍPIO, CONFORME OS PRINCÍPIOS E DIRETRIZES ESTABELECIDAS PELO PNAE. EM FAVOR DE: MARINEIDE MELGAÇO DOS SANTOS. CPF:411.071.015-49, DAP:SDW0411071015491701221133. nº antiga sd: 3386"
"1752";"5057";"4-DL-045-2023";"4/DL/045/2023";"2594";"DISPENSA";"";"Homologado";"SECRETARIA_SEM_CORRESPONDENCIA";"A secretaria saneada n?o corresponde a nenhum cadastro interno.";"";"";"CHAMADA PÚBLICA, VISANDO À AQUISIÇÃO DE GÊNEROS ALIMENTÍCIOS PRODUZIDOS POR AGRICULTORES FAMILIARES RURAIS, DEMAIS BENEFICIÁRIOS E ORGANIZADORES COMO PESSOA JURÍDICA DE DIREITO NACIONAL DE AGRICULTURA FAMILIAR - PRONAF - DPA ESPECIAL PESSOA JURÍDICA OU OUTROS DOCUMENTOS DEFINIDOS POR RESOLUÇÃO DO GGPAA, QUE SE ENQUADREM NAS DISPOSIÇÕES DA LEI FEDERAL N° 11.326, DE 24 DE JULHO DE 2006, LEI N.º 11.947, DE 16 DE JUNHO DE 2009, COM POVOS E COMUNIDADE TRADICIONAIS E BENEFICIÁRIOS DE REFORMA AGRÁRIA VISANDO ATENDER AS DEMANDAS DESTE MUNICÍPIO, CONFORME OS PRINCÍPIOS E DIRETRIZES ESTABELECIDAS PELO PNAE, EM FAVOR DE MIGUEL LOPES NASCIMENTO - CPF:376.261.915-87 E DAP:SDW0376261915870610211044 nº antiga sd: 3387"
"1753";"5058";"4-DL-046-2023";"4/DL/046/2023";"2594";"DISPENSA";"";"Homologado";"SECRETARIA_SEM_CORRESPONDENCIA";"A secretaria saneada n?o corresponde a nenhum cadastro interno.";"";"";"CHAMADA PÚBLICA, VISANDO À AQUISIÇÃO DE GÊNEROS ALIMENTÍCIOS PRODUZIDOS POR AGRICULTORES FAMILIARES RURAIS, DEMAIS BENEFICIÁRIOS E ORGANIZADORES COMO PESSOA JURÍDICA DE DIREITO NACIONAL DE AGRICULTURA FAMILIAR - PRONAF - DPA ESPECIAL PESSOA JURÍDICA OU OUTROS DOCUMENTOS DEFINIDOS POR RESOLUÇÃO DO GGPAA, QUE SE ENQUADREM NAS DISPOSIÇÕES DA LEI FEDERAL N° 11.326, DE 24 DE JULHO DE 2006, LEI N.º 11.947, DE 16 DE JUNHO DE 2009, COM POVOS E COMUNIDADE TRADICIONAIS E BENEFICIÁRIOS DE REFORMA AGRÁRIA VISANDO ATENDER AS DEMANDAS DESTE MUNICÍPIO, CONFORME OS PRINCÍPIOS E DIRETRIZES ESTABELECIDAS PELO PNAE EM FAVOR DE JAIR VIEIRA MOTA, CPF: 002.292.055-26, DAP SDW0002292055261702211020 nº antiga sd: 3388"
"1754";"5059";"4-DL-047-2023";"4/DL/047/2023";"2594";"DISPENSA";"";"Homologado";"SECRETARIA_SEM_CORRESPONDENCIA";"A secretaria saneada n?o corresponde a nenhum cadastro interno.";"";"";"CHAMADA PÚBLICA, VISANDO À AQUISIÇÃO DE GÊNEROS ALIMENTÍCIOS PRODUZIDOS POR AGRICULTORES FAMILIARES RURAIS, DEMAIS BENEFICIÁRIOS E ORGANIZADORES COMO PESSOA JURÍDICA DE DIREITO NACIONAL DE AGRICULTURA FAMILIAR - PRONAF - DPA ESPECIAL PESSOA JURÍDICA OU OUTROS DOCUMENTOS DEFINIDOS POR RESOLUÇÃO DO GGPAA, QUE SE ENQUADREM NAS DISPOSIÇÕES DA LEI FEDERAL N° 11.326, DE 24 DE JULHO DE 2006, LEI N.º 11.947, DE 16 DE JUNHO DE 2009, COM POVOS E COMUNIDADE TRADICIONAIS E BENEFICIÁRIOS DE REFORMA AGRÁRIA VISANDO ATENDER AS DEMANDAS DESTE MUNICÍPIO, CONFORME OS PRINCÍPIOS E DIRETRIZES ESTABELECIDAS PELO PNAE, EM FAVOR DE JURACI MELGACO - CPF:036.474.475-87 E DAP:SDW0036474475870505210845 nº antiga sd: 3389"
"1755";"5060";"4-DL-048-2023";"4/DL/048/2023";"2566";"DISPENSA";"";"Homologado";"SECRETARIA_SEM_CORRESPONDENCIA";"A secretaria saneada n?o corresponde a nenhum cadastro interno.";"";"";"CHAMADA PÚBLICA, VISANDO À AQUISIÇÃO DE GÊNEROS ALIMENTÍCIOS PRODUZIDOS POR AGRICULTORES FAMILIARES RURAIS, DEMAIS BENEFICIÁRIOS E ORGANIZADORES COMO PESSOA JURÍDICA DE DIREITO NACIONAL DE AGRICULTURA FAMILIAR - PRONAF - DPA ESPECIAL PESSOA JURÍDICA OU OUTROS DOCUMENTOS DEFINIDOS POR RESOLUÇÃO DO GGPAA, QUE SE ENQUADREM NAS DISPOSIÇÕES DA LEI FEDERAL N° 11.326, DE 24 DE JULHO DE 2006, LEI N.º 11.947, DE 16 DE JUNHO DE 2009, COM POVOS E COMUNIDADE TRADICIONAIS E BENEFICIÁRIOS DE REFORMA AGRÁRIA VISANDO ATENDER AS DEMANDAS DESTE MUNICÍPIO, CONFORME OS PRINCÍPIOS E DIRETRIZES ESTABELECIDAS PELO PNAE, EM FAVOR DE: ILTON DUARTE DOS SANTOS, CPF: 385.247.835-91, DAP:SDW0385247835910802220410 nº antiga sd: 3391"
"1756";"5061";"4-DL-060-2023";"4/DL/060/2023";"2641";"DISPENSA";"";"Homologado";"SECRETARIA_SEM_CORRESPONDENCIA";"A secretaria saneada n?o corresponde a nenhum cadastro interno.";"";"";"LOCAÇÃO DE IMÓVEL localizado na Avenida Vinicius de Moraes, n° 290, Colina Verde, Teixeira de Freitas-BA, para instalação da EMEI GELSON OLIVEIRA COSTA, para atender as necessidades da Secretaria Municipal de Educação e Cultura."
"1757";"5062";"4-DL-076-2023";"4/DL/076/2023";"2922";"DISPENSA";"";"Homologado";"SECRETARIA_SEM_CORRESPONDENCIA";"A secretaria saneada n?o corresponde a nenhum cadastro interno.";"";"";"LOCAÇÃO DE IMÓVEL localizado na rua Eleosippo Cunha, n° 1294, Bela Vista, Teixeira de Freitas-BA, para instalação da EMEI CONTOS DE FADAS, para atender as necessidades da Secretaria Municipal de Educação e Cultura."
"1758";"5063";"4-DL-084-2023";"4/DL/084/2023";"2869";"DISPENSA";"";"Homologado";"SECRETARIA_SEM_CORRESPONDENCIA";"A secretaria saneada n?o corresponde a nenhum cadastro interno.";"";"";"SOLICITA-SE EMPRESA ESPECIALIZADA EM OFERECER CURSO DE FORMAÇÃO E ATUALIZAÇÃO DE CONDUTORES EM TRANSPORTE ESCOLAR PARA MOTORISTAS, COM O OBJETIVO DE HABILITAR PROFISSIONAIS DO TRANSPORTE ESCOLAR PARA RECONHECER, OBSERVAR, APERFEIÇOAR, INSTRUIR, QUALIFICAR , ATUALIZAR E APLICAR DISPOSIÇÕES CONTIDAS NO CÓDIGO DE TRÂNSITO BRASILEIRO (CTB), NA LEGISLAÇÃO DE TRÂNSITO E LEGISLAÇÃO ESPECÍFICA SOBRE O TRANSPORTE ESPECIALIZADO PARA O QUAL ESTÁ SE HABILITADO, ATENDENDO À RESOLUÇÃO 168/2004 DO CONSELHO NACIONAL DE TRÂNSITO (CONTRAN), POSTERIORMENTE ALTERADA PELA RESOLUÇÃO 789/2020."
"1759";"5064";"4-DL-096-2023";"4/DL/096/2023";"2966";"DISPENSA";"";"Homologado";"SECRETARIA_SEM_CORRESPONDENCIA";"A secretaria saneada n?o corresponde a nenhum cadastro interno.";"";"";"Contratação de empresa especializada no fornecimento de material e equipamento permanente (CAMA ELÁSTICA PULA-PULA), para atender a Secretaria Municipal de Educação e Cultura."
"1760";"5065";"4-DL-097-2023";"4/DL/097/2023";"2966";"DISPENSA";"";"Homologado";"SECRETARIA_SEM_CORRESPONDENCIA";"A secretaria saneada n?o corresponde a nenhum cadastro interno.";"";"";"Contratação de empresa especializada no fornecimento de material e equipamento permanente para eventos públicos (MÁQUINA DE PIPOCA E MÁQUINA DE ALGODÃO DOCE) promovidos pela Secretaria Municipal de Educação e Cultura."
"1761";"5066";"4-DL-099-2023";"4/DL/099/2023";"3124";"DISPENSA";"";"Homologado";"SECRETARIA_SEM_CORRESPONDENCIA";"A secretaria saneada n?o corresponde a nenhum cadastro interno.";"";"";"Contratação de empresa especializada no fornecimento de material permanente (TENDA PIRAMIDAL) para atender as demandas de eventos públicos promovidos pela Secretaria Municipal de Educação e Cultura."
"1762";"5067";"4-DL-104-2023";"4/DL/104/2023";"3108";"DISPENSA";"";"Homologado";"SECRETARIA_SEM_CORRESPONDENCIA";"A secretaria saneada n?o corresponde a nenhum cadastro interno.";"";"";"LOCAÇÃO DE IMÓVEL localizado na rua Sargento Pedro, n° 199, São Lourenço, Teixeira de Freitas-BA, para instalação da DEPARTAMENTO DE CULTURA, para atender as necessidades da Secretaria Municipal de Educação e Cultura."
"1763";"5068";"4-DL-130-2023";"4/DL/130/2023";"3205";"DISPENSA";"";"Homologado";"SECRETARIA_SEM_CORRESPONDENCIA";"A secretaria saneada n?o corresponde a nenhum cadastro interno.";"";"";"Solicita-se a contratação de empresa especializada no fornecimento de mastros de bandeiras oficiais do Brasil."
"1764";"5069";"4-DL-131-2023";"4/DL/131/2023";"3223";"DISPENSA";"";"Homologado";"SECRETARIA_SEM_CORRESPONDENCIA";"A secretaria saneada n?o corresponde a nenhum cadastro interno.";"";"";"Solicita-se empresa em fornecimento de malha em 100% poliéster, com o propósito específico de aplicá-la na ornamentação do palco das comemorações do dia 07 de setembro. A aquisição deste material tem como finalidade de criação de ambientes visualmente marcantes, contribuindo significativamente para o sucesso e a qualidade das atividades promovidas pela Prefeitura Municipal de Teixeira de Freitas."
"1765";"5070";"4-DL-139-2023";"4/DL/139/2023";"3500";"DISPENSA";"";"Homologado";"SECRETARIA_SEM_CORRESPONDENCIA";"A secretaria saneada n?o corresponde a nenhum cadastro interno.";"";"";"LOCAÇÃO DE IMÓVEL localizado na rua Eleozippo Cunha, n° 290, Bela Vista, Teixeira de Freitas-BA, para reinstalação do CENTRO DE EDUCAÇÃO INCLUSIVA - CEI, para atender as necessidades da Secretaria Municipal de Educação."
"1766";"5071";"4-DL-145-2023";"4/DL/145/2023";"1234";"DISPENSA";"";"Homologado";"SECRETARIA_SEM_CORRESPONDENCIA";"A secretaria saneada n?o corresponde a nenhum cadastro interno.";"";"";"Contratação de empresa especializada em fornecimento de material permanente, BOMBA SUBMERSA VIBRATÓRIA PARA POÇO - 900 5G 450W Sapo 220 volts, para atender as necessidade da Secretaria Municipal de Educação e Cultura."
"1767";"5072";"4-DL-149-2023";"4/DL/149/2023";"3610";"DISPENSA";"";"Homologado";"SECRETARIA_SEM_CORRESPONDENCIA";"A secretaria saneada n?o corresponde a nenhum cadastro interno.";"";"";"SOLICITAÇÃO DE DISPENSA PARA CONTRATAÇÃO DE EMPRESA ESPECIALIZADA NA AFERIÇÃO DE TACÓGRAFO DE 11 ÔNIBUS/MICRO-ÔNIBUS, CONFORME MARCA/MODELO ABAIXO - ÔNIBUS VW 15.190 EOD ESCOLAR HD ORE2, PLACA OZQ-0183, RENAVAM 1026702906. - ÔNIBUS VW 15.190 EOD ESCOLAR HD ORE2, PLACA OZQ-7807, RENAVAM 1026699310. - ÔNIBUS VW 15.190 EOD ESCOLAR HD ORE2, PLACA OZQ-4838, RENAVAM 1026703228. - MICRO-ÔNIBUS IVECO CITYCLASS 70C17, PLACA PKH-8362, RENAVAM 1108658234. - ÔNIBUS MB OF 1519 R.ORE, PLACA OUX-1811, RENAVAN 599642386. - MICRO-ÔNIBUS MARCOPOLO/VOLARE V8L EO, PLACA OUZ-7074, RENAVAM 1000141834. - MICRO-ÔNIBUS MARCOPOLO/VOLARE V8L EO, PLACA OUZ-1639, RENAVAM 1000142105. - ÔNIBUS MB OF 1519 R.ORE, PLACA PJC-5306, RENAVAM 1043191272. - MICRO-ÔNIBUS MARCOPOLO/VOLARE V8L, PLACA OUZ-5383, RENAVAM 992089646. - ÔNIBUS IVECO/BUS 10-190E V8L 4X2, PLACA RCW9G31, RENAVAM 1246429397. - ÔNIBUS IVECO/BUS 10-190E V8L 4X2, PLACA RCW6D96, RENAVAM 1243231588."
"1768";"5073";"4-DL-151-2023";"4/DL/151/2023";"3597";"DISPENSA";"";"Homologado";"SECRETARIA_SEM_CORRESPONDENCIA";"A secretaria saneada n?o corresponde a nenhum cadastro interno.";"";"";"SOLICITAÇÃO DE COMPRA DE TABELA DE BASQUETE EM LAMINADO NAVAL COM PERFIL METÁLICO GALVANIZADO, MODELO OFICIAL, NA COR BRANCA, NAS DIMENSÕES APROXIMADAS DO PRODUTO (A x L x P) 1,80M X 1,05 X 0,18CM COM ARO E REDE"
"1769";"5074";"5-DL-095-2023";"5/DL/095/2023";"3062";"DISPENSA";"";"Homologado";"SECRETARIA_SEM_CORRESPONDENCIA";"A secretaria saneada n?o corresponde a nenhum cadastro interno.";"";"";"Este Termo de Referência tem por objeto contratação de empresa especializada em prestação de serviços técnicos para aferição de tacógrafo de ônibus para serviço de Transporte da Secretaria Municipal de Assistência Social, conforme condições, quantidades e exigências estabelecidas neste instrumento."
"1770";"5075";"5-DL-098-2023";"5/DL/098/2023";"3062";"DISPENSA";"";"Homologado";"SECRETARIA_SEM_CORRESPONDENCIA";"A secretaria saneada n?o corresponde a nenhum cadastro interno.";"";"";"Solicita a contratação de empresa especializada em fornecimento de bem permanente VIOLÃO E ACESSÓRIOS para atender as necessidades da Secretaria Municipal de Assistência Social de Teixeira de Freitas BA."
"1771";"5076";"5-DL-120-2023";"5/DL/120/2023";"3125";"DISPENSA";"";"Homologado";"SECRETARIA_SEM_CORRESPONDENCIA";"A secretaria saneada n?o corresponde a nenhum cadastro interno.";"";"";"Empresa especializada em prestação de serviços com equipe técnica de psicólogas/psicólogos, para realizar AVALIAÇÃO PSICOLÓGICA com os(as) candidatos(as) classificados(as) no processo de Escolha Unificada do Conselho Tutelar da Secretaria Municipal de Assistência Social."
"1772";"5077";"5-DL-129-2023";"5/DL/129/2023";"3202";"DISPENSA";"";"Homologado";"SECRETARIA_SEM_CORRESPONDENCIA";"A secretaria saneada n?o corresponde a nenhum cadastro interno.";"";"";"Contratação de empresa especializada em fornecimento de material de consumo, (TECIDO E ITENS PARA CONFECÇÃO DE ROUPAS), para atender a Secretaria Municipal de Assistência Social."
"1773";"5078";"5-DL-161-2023";"5/DL/161/2023";"3704";"DISPENSA";"";"Homologado";"SECRETARIA_SEM_CORRESPONDENCIA";"A secretaria saneada n?o corresponde a nenhum cadastro interno.";"";"";"LOCAÇÃO DE IMÓVEL localizado na rua Prudente de Moraes, n° 220, Centro, Teixeira de Freitas-BA, para reinstalação da Secretaria de Promoção Social e Cultura."
"1774";"5079";"5-DL-162-2023";"5/DL/162/2023";"1222";"DISPENSA";"";"Homologado";"SECRETARIA_SEM_CORRESPONDENCIA";"A secretaria saneada n?o corresponde a nenhum cadastro interno.";"";"";"Empresa especializada em fornecimento de material de bens permanente (MÁQUINA DE ALGODÃO DOCE) para atender a Secretaria Municipal de Promoção Social e Cultura."
"1775";"5080";"5-DL-163-2023";"5/DL/163/2023";"1222";"DISPENSA";"";"Homologado";"SECRETARIA_SEM_CORRESPONDENCIA";"A secretaria saneada n?o corresponde a nenhum cadastro interno.";"";"";"Contratação de empresa especializada em fornecimento de material de consumo, (PNEUS), para atender a Secretaria Municipal de Promoção Social e Cultura."
"1776";"5081";"5-DL-164-2023";"5/DL/164/2023";"3715";"DISPENSA";"";"Homologado";"SECRETARIA_SEM_CORRESPONDENCIA";"A secretaria saneada n?o corresponde a nenhum cadastro interno.";"";"";"Solicita-se empresa especializada em Material Permanente de informática (NOTEBOOK) com a finalidade de atender as necessidades da Secretaria Municipal de Promoção Social e Cultura de responsabilidade desta Prefeitura Municipal."
"1777";"5082";"3-DL-004-2023";"3/DL/004/2023";"2526";"DISPENSA";"";"Homologado";"SECRETARIA_SEM_CORRESPONDENCIA";"A secretaria saneada n?o corresponde a nenhum cadastro interno.";"";"";"Aquisição de Medicamentos (MIDODRINE), Demanda Judicial n° 8013552-20.2022.8.05.0256, de responsabilidade do Fundo Municipal de Saúde de Teixeira de Freitas"
"1778";"5083";"3-DL-005-2023";"3/DL/005/2023";"2552";"DISPENSA";"";"Homologado";"SECRETARIA_SEM_CORRESPONDENCIA";"A secretaria saneada n?o corresponde a nenhum cadastro interno.";"";"";"Aquisição de bens de consumo ESFIGMOMANOMETRO DIGITAL aparelho digital de pressão com 01 braçadeira de pulso tamanho 13 a 20 centímetros (circunferência de pulso), conforme condições, quantidades e exigências estabelecidas neste instrumento."
"1779";"5084";"3-DL-007-2023";"3/DL/007/2023";"2609";"DISPENSA";"";"Homologado";"SECRETARIA_SEM_CORRESPONDENCIA";"A secretaria saneada n?o corresponde a nenhum cadastro interno.";"";"";"MENOR PREÇO POR ITEM, visando contratação de empresa especializada para fornecimento de material de consumo (CONTRASTES RADIOLÓGICOS) para rede hospitalar de Teixeira de Freitas, de responsabilidade do Fundo Municipal de Saúde deste município, pelo período de 06 meses, com entregas programadas, conforme condições e especificações contidas neste instrumento."
"1780";"5085";"3-DL-010-2023";"3/DL/010/2023";"2533";"DISPENSA";"";"Homologado";"SECRETARIA_SEM_CORRESPONDENCIA";"A secretaria saneada n?o corresponde a nenhum cadastro interno.";"";"";"Aquisição de equipamento permanente (CANETA AUTOCLAVÁCEL PARA BISTURI ELÉTRICO. EMAI. COMPATIVEL COM BISTURI ELÉTRICO WEM), para atender as necessidades do Hospital Municipal de Teixeira de Freitas - HMTF de responsabilidade Fundo Municipal de Saúde deste município."
"1781";"5086";"3-DL-011-2023";"3/DL/011/2023";"2526";"DISPENSA";"";"Homologado";"SECRETARIA_SEM_CORRESPONDENCIA";"A secretaria saneada n?o corresponde a nenhum cadastro interno.";"";"";"Considerando tratar-se de Procedimento Comum Cível para antecipação de tutela de direito individual com pedido de processo sob nº 8010575-55.2022.8.05.0256 proposta por RYANA SOUZA SANTOS para determinar que a parte demandada forneça ao(à) autor(a), de forma gratuita e pelo tempo necessário ao seu tratamento, o medicamento: CLOBAZAM 10MG CAIXA:CLOBAZAM 10MG CAIXA COM 20 COMPRIMIDOS"
"1782";"5087";"3-DL-012-2023";"3/DL/012/2023";"2526";"DISPENSA";"";"Homologado";"SECRETARIA_SEM_CORRESPONDENCIA";"A secretaria saneada n?o corresponde a nenhum cadastro interno.";"";"";"Aquisição de Medicamentos (DIMESILATO), Demanda Judicial n° 80136466-58.2022.8.05.0256, de responsabilidade do Fundo Municipal de Saúde de Teixeira de Freitas."
"1783";"5088";"3-DL-014-2023";"3/DL/014/2023";"2526";"DISPENSA";"";"Homologado";"SECRETARIA_SEM_CORRESPONDENCIA";"A secretaria saneada n?o corresponde a nenhum cadastro interno.";"";"";"Aquisição de Medicamentos (DAPAGLIFLOZINA), Demanda Judicial n° 8000252-54.2023.8.05.0256, de responsabilidade do Fundo Municipal de Saúde de Teixeira de Freitas."
"1784";"5089";"3-DL-015-2023";"3/DL/015/2023";"2609";"DISPENSA";"";"Homologado";"SECRETARIA_SEM_CORRESPONDENCIA";"A secretaria saneada n?o corresponde a nenhum cadastro interno.";"";"";"O presente Termo de Referência tem por objeto a AQUISIÇÃO DE MEDICAMENTO, com a finalidade de atender a antecipação de tutela proposta por ISABEL OLIVEIRA BASTISTA"
"1785";"5090";"3-DL-018-2023";"3/DL/018/2023";"1234";"DISPENSA";"";"Homologado";"SECRETARIA_SEM_CORRESPONDENCIA";"A secretaria saneada n?o corresponde a nenhum cadastro interno.";"";"";"Aquisição de equipamento para manutenção de UBS São Lourenço 5 e UBS Estância Biquini (JANELAS DE VIDRO) de responsabilidade Fundo Municipal de Saúde deste município."
"1786";"5091";"3-DL-019-2023";"3/DL/019/2023";"2609";"DISPENSA";"";"Homologado";"SECRETARIA_SEM_CORRESPONDENCIA";"A secretaria saneada n?o corresponde a nenhum cadastro interno.";"";"";"Tem por objeto a AQUISIÇÃO DE MEDICAMENTO, com a finalidade de atender a antecipação de tutela proposta por ELIANE VIEIRA DA SILVA MEDEIROS."
"1787";"5092";"3-DL-049-2023";"3/DL/049/2023";"1234";"DISPENSA";"";"Homologado";"SECRETARIA_SEM_CORRESPONDENCIA";"A secretaria saneada n?o corresponde a nenhum cadastro interno.";"";"";"Aquisição de equipamento para manutenção de UBS (PORTAS DE AÇO GALVANIZADA) de responsabilidade Fundo Municipal de Saúde deste município."
"1789";"5094";"3-DL-052-2023";"3/DL/052/2023";"2609";"DISPENSA";"";"Homologado";"SECRETARIA_SEM_CORRESPONDENCIA";"A secretaria saneada n?o corresponde a nenhum cadastro interno.";"";"";"Solicita aquisição de Bobina de Papel para Eletrocardiógrafo - para atender as necessidades do Ambulatório Central de Teixeira de Freitas, suprindo as demandas básicas dos usuários dos serviços especializados assistidos pela unidade."
"1790";"5095";"3-DL-053-2023";"3/DL/053/2023";"2623";"DISPENSA";"";"Homologado";"SECRETARIA_SEM_CORRESPONDENCIA";"A secretaria saneada n?o corresponde a nenhum cadastro interno.";"";"";"Contratação de empresa especializada para fornecimento de material de consumo (MEDICAMENTOS INJETÁVEIS) para rede hospitalar, atenção básica e demais serviços de Teixeira de Freitas, de responsabilidade do Fundo Municipal de Saúde deste município, em compra única, com entrega única."
"1791";"5096";"3-DL-056-2023";"3/DL/056/2023";"2640";"DISPENSA";"";"Homologado";"SECRETARIA_SEM_CORRESPONDENCIA";"A secretaria saneada n?o corresponde a nenhum cadastro interno.";"";"";"COMPRA EMERGENCIAL com dispensa de licitação, visando contratação de empresa especializada para fornecimento de medicamentos oncológicos para a UNACON de Teixeira de Freitas, de responsabilidade do Fundo Municipal de Saúde deste município."
"1792";"5097";"3-DL-058-2023";"3/DL/058/2023";"2623";"DISPENSA";"";"Homologado";"SECRETARIA_SEM_CORRESPONDENCIA";"A secretaria saneada n?o corresponde a nenhum cadastro interno.";"";"";"Solicita-se a aquisição de material de consumo (Cateter Central de Inserção Periférica PICC), conforme condições, quantidades e exigências estabelecidas neste instrumento."
"1793";"5098";"3-DL-059-2023";"3/DL/059/2023";"2619";"DISPENSA";"";"Homologado";"SECRETARIA_SEM_CORRESPONDENCIA";"A secretaria saneada n?o corresponde a nenhum cadastro interno.";"";"";"Faz-se necessário a aquisição dos materiais de consumo (DIVISORIAS/PAREDES DE GESSO) pois são destinadas as obras das unidades de saúde, atendendo as demandas da Atenção Básica e demais unidades de saúde do Município de Teixeira de Freitas-BA. Visando manter instalações adequadas a um ambiente seguro e conservado, proporcionando estímulo, saúde e bem estar para os usuários, pois essas instalações são de suma de importância para o funcionamento das unidades, não somente aos servidores, mas principalmente aos usuários, pois as demandas nesses setores são contínuos, diários e essenciais."
"1794";"5099";"3-DL-063-2023";"3/DL/063/2023";"2670";"DISPENSA";"";"Revogada";"SECRETARIA_SEM_CORRESPONDENCIA";"A secretaria saneada n?o corresponde a nenhum cadastro interno.";"";"";"Aquisição de material permanente, com objetivo de atender as necessidades da Oficina Ortopédica do Centro Especializado em Reabilitação para que sejam facilitados os processos diários que são enfrentados quanto à necessidade de encher pneus de cadeiras de rodas e afins."
"1795";"5100";"3-DL-065-2023";"3/DL/065/2023";"2712";"DISPENSA";"";"Homologado";"SECRETARIA_SEM_CORRESPONDENCIA";"A secretaria saneada n?o corresponde a nenhum cadastro interno.";"";"";"Contratação de serviços para calibração de aparelhos para avaliações audiológicas, conforme condições, quantidades e exigências estabelecidas neste instrumento."
"1796";"5101";"3-DL-070-2023";"3/DL/070/2023";"2754";"DISPENSA";"";"Homologado";"SECRETARIA_SEM_CORRESPONDENCIA";"A secretaria saneada n?o corresponde a nenhum cadastro interno.";"";"";"Aquisição de material de consumo tipo (SOLUÇÕES E REAGENTES) que serão utilizados pelo LACEN Laboratório Municipal de Referência Regional de Teixeira de Freitas e Laboratório Municipal do HMTF / Hospital Municipal Teixeira de Freitas e CTA / SAE Centro de Testagem e Aconselhamento Serviço de Assistência Especializada, sob responsabilidade da Secretaria Municipal de Saúde de Teixeira de Freitas / BA, pelo período de 12 meses."
"1797";"5102";"3-DL-071-2023";"3/DL/071/2023";"2915";"DISPENSA";"";"Homologado";"SECRETARIA_SEM_CORRESPONDENCIA";"A secretaria saneada n?o corresponde a nenhum cadastro interno.";"";"";"tem por objeto a AQUISIÇÃO DE MEDICAMENTO, com a finalidade de atender a antecipação de tutela proposta por ILDETE DIAS ALMEIDA."
"1798";"5103";"3-DL-074-2023";"3/DL/074/2023";"2726";"DISPENSA";"";"Homologado";"SECRETARIA_SEM_CORRESPONDENCIA";"A secretaria saneada n?o corresponde a nenhum cadastro interno.";"";"";"A presente Solicitação de Despesa tem por objeto a aquisição de material de consumo (LUVAS), sob a responsabilidade da Secretaria Municipal de Saúde de Teixeira De Freitas-Ba, conforme quantidades descritas, pelo período de 01 (MES) mês, por meio de MENOR PREÇO POR ITEM, com entregas programadas, conforme condições e especificações neste instrumento."
"1799";"5104";"3-DL-075-2023";"3/DL/075/2023";"2728";"DISPENSA";"";"Revogada";"SECRETARIA_SEM_CORRESPONDENCIA";"A secretaria saneada n?o corresponde a nenhum cadastro interno.";"";"";"Aquisição de fórmulas nutricionais para atender as demandas das Unidades de Alimentação e Nutrição do Hospital Municipal de Teixeira de Freitas (HMTF), Unidade Municipal Materno Infantil (UMMI) e Ordens Judiciais (Secretaria M. de Saúde), conforme condições, quantidades e exigências estabelecidas neste instrumento."
"1800";"5105";"3-DL-077-2023";"3/DL/077/2023";"2915";"DISPENSA";"";"Homologado";"SECRETARIA_SEM_CORRESPONDENCIA";"A secretaria saneada n?o corresponde a nenhum cadastro interno.";"";"";"CONTRATAÇÃO de serviço de manutenção do equipamento Cabine de fluxo Laminar, visando contratação de empresa especializada para fornecimento do Serviço de manutenção especializada em equipamento de Fluxo Laminar Classe II B2 para a UNACON ONCOLOGIA HMTF, de responsabilidade do Fundo Municipal de Saúde deste município, conforme condições e especificações contidas no Termo de Referência."
"1801";"5106";"3-DL-079-2023";"3/DL/079/2023";"2948";"DISPENSA";"";"Homologado";"SECRETARIA_SEM_CORRESPONDENCIA";"A secretaria saneada n?o corresponde a nenhum cadastro interno.";"";"";"Contratação de empresa especializada no fornecimento de material de consumo (MATERIAL PARA LIMPEZA LEVE DE AR-CONDICIONADO), para atender demandas da Secretaria Municipal de Saúde e suas unidades."
"1802";"5107";"3-DL-088-2023";"3/DL/088/2023";"2962";"DISPENSA";"";"Homologado";"SECRETARIA_SEM_CORRESPONDENCIA";"A secretaria saneada n?o corresponde a nenhum cadastro interno.";"";"";"Aquisição de fórmulas nutricionais para atender as demandas das Unidades de Alimentação e Nutrição do Hospital Municipal de Teixeira de Freitas (HMTF), Unidade Municipal Materno Infantil (UMMI) e Ordens Judiciais (Secretaria M. de Saúde), conforme condições, quantidades e exigências estabelecidas neste instrumento."
"1803";"5108";"3-DL-090-2023";"3/DL/090/2023";"2962";"DISPENSA";"";"Homologado";"SECRETARIA_SEM_CORRESPONDENCIA";"A secretaria saneada n?o corresponde a nenhum cadastro interno.";"";"";"Aquisição de fórmulas nutricionais para atender as demandas das Unidades de Alimentação e Nutrição do Hospital Municipal de Teixeira de Freitas (HMTF), Unidade Municipal Materno Infantil (UMMI) e Ordens Judiciais (Secretaria M. de Saúde), conforme condições, quantidades e exigências estabelecidas neste instrumento"
"1804";"5109";"3-DL-094-2023";"3/DL/094/2023";"3062";"DISPENSA";"";"Homologado";"SECRETARIA_SEM_CORRESPONDENCIA";"A secretaria saneada n?o corresponde a nenhum cadastro interno.";"";"";"Tem por objeto a AQUISIÇÃO DOS MEDICAMENTOS MANIPULADOS, CARBONATO DE CALCIO 500MG+VITAMINA D3 200UI e ROSUVASTATINA 40MG + EZETIMIBE 10MG destinados a paciente ILDETE DIAS DE ALMEIDA sob processo de nº 0504244-49.2016.8.05.0256 , através da Secretaria Municipal de Saúde."
"1805";"5110";"3-DL-100-2023";"3/DL/100/2023";"3124";"DISPENSA";"";"Homologado";"SECRETARIA_SEM_CORRESPONDENCIA";"A secretaria saneada n?o corresponde a nenhum cadastro interno.";"";"";"Solicita-se a contratação de empresa especializada na aquisição de material de consumo (POLICARBONATO), para atender as necessidades das unidades da Secretária Municipal de Saúde, conforme condições, quantidades descritas, com entregas programadas, conforme condições e especificações contidas neste Instrumento."
"1806";"5111";"3-DL-105-2023";"3/DL/105/2023";"3108";"DISPENSA";"";"Homologado";"SECRETARIA_SEM_CORRESPONDENCIA";"A secretaria saneada n?o corresponde a nenhum cadastro interno.";"";"";"LOCAÇÃO DE IMÓVEL localizado na rua Jardim Botânicos, n° 68, Redenção, Teixeira de Freitas-BA, para reinstalação do ESF REDENÇÃO, para atender as necessidades da Secretaria Municipal de Saúde."
"1807";"5112";"3-DL-107-2023";"3/DL/107/2023";"3103";"DISPENSA";"";"Homologado";"SECRETARIA_SEM_CORRESPONDENCIA";"A secretaria saneada n?o corresponde a nenhum cadastro interno.";"";"";"Empresa especializada no fornecimento de medicamentos (COENZIMA Q10, RIBOFLAVINA E VITAMINA C), com o objetivo de atender a demanda judicial em favor do menor A. T. R. deferida nos autos do processo n° 8001965-06.2019.8.05.0256, de responsabilidade da Secretaria Municipal de Saúde."
"1808";"5113";"3-DL-109-2023";"3/DL/109/2023";"3118";"DISPENSA";"";"Homologado";"SECRETARIA_SEM_CORRESPONDENCIA";"A secretaria saneada n?o corresponde a nenhum cadastro interno.";"";"";"Empresa especializada no fornecimento de medicamentos (APLICAÇÃO OCULAR DE EYLIA, MEDICAMENTO OFTÁLMICO), com o objetivo de atender a demanda judicial em favor de MARIA DA CONCEIÇAO BENEDITA DOS SANTOS deferida nos autos do processo n° 8006560-09.2023.8.05.0256, de responsabilidade da Secretaria Municipal de Saúde."
"1809";"5114";"3-DL-110-2023";"3/DL/110/2023";"3103";"DISPENSA";"";"Homologado";"SECRETARIA_SEM_CORRESPONDENCIA";"A secretaria saneada n?o corresponde a nenhum cadastro interno.";"";"";"Tem por objeto a AQUISIÇÃO DOS MEDICAMENTOS MANIPULADOS, CAPSAICINA 0,075% + ALFA BISABOLOL 2% + CERAMIDAS 0,2% + ÁCIDO COLOIDAL 4% + UREIA 5% CREME HIDRATANTE PARA PELES SENSÍVEIS E EXTREMAMENTE SECAS QSP 100G destinados a paciente ADILSON XAVIER DOS SANTOS sob processo de Nº 8003622-41.2023.8.05.0256 , através da Secretaria Municipal de Saúde, conforme quantidades descritas, pelo período de 06 meses, por meio de menor preço por item, com entregas programadas, conforme condições e especificações contidas neste Termo de Referência"
"1810";"5115";"3-DL-111-2023";"3/DL/111/2023";"3103";"DISPENSA";"";"Homologado";"SECRETARIA_SEM_CORRESPONDENCIA";"A secretaria saneada n?o corresponde a nenhum cadastro interno.";"";"";"O presente Termo de Referência tem por objeto a AQUISIÇÃO DE MEDICAMENTO, com a finalidade de atender a antecipação de tutela proposta por ZENILDO SENA SANTOS."
"1811";"5116";"3-DL-112-2023";"3/DL/112/2023";"3115";"DISPENSA";"";"Homologado";"SECRETARIA_SEM_CORRESPONDENCIA";"A secretaria saneada n?o corresponde a nenhum cadastro interno.";"";"";"Empresa especializada no fornecimento de medicamento (INFLIXIMABE 100MG FRASCO AMPOLA PÓ LIOFILIZADO USO INTRAVENOSO), com o objetivo de atender a demanda judicial em favor do menor J. G. G. O. deferida nos autos do processo n° 800415-34.2023.8.05.0256, de responsabilidade da Secretaria Municipal de Saúde."
"1812";"5117";"3-DL-113-2023";"3/DL/113/2023";"3103";"DISPENSA";"";"Homologado";"SECRETARIA_SEM_CORRESPONDENCIA";"A secretaria saneada n?o corresponde a nenhum cadastro interno.";"";"";"Empresa especializada na prestação de CONSULTA MÉDICA COM OTORRINOLARINGOLOGISTA ESPECIALISTA EM IMPLANTE COCLEAR, com o objetivo de atender a demanda judicial em favor de LORENA FERREIRA DE JESUS deferida nos autos do processo n° 8003528-93.2023.8.05.0256, de responsabilidade da Secretaria Municipal de Saúde."
"1813";"5118";"3-DL-114-2023";"3/DL/114/2023";"3103";"DISPENSA";"";"Homologado";"SECRETARIA_SEM_CORRESPONDENCIA";"A secretaria saneada n?o corresponde a nenhum cadastro interno.";"";"";"Termo de Referencia tem por objeto a AQUISIÇÃO DE MEDICAMENTO, com a finalidade de atender a antecipação de tutela proposta por ARTHUR HENRIQUE DE ARAUJO."
"1814";"5119";"3-DL-116-2023";"3/DL/116/2023";"3158";"DISPENSA";"";"Homologado";"SECRETARIA_SEM_CORRESPONDENCIA";"A secretaria saneada n?o corresponde a nenhum cadastro interno.";"";"";"Objeto a ser contratado: Empresa especializada no fornecimento de DIVERSOS MEDICAMENTOS, com o objetivo de atender a demanda judicial em favor da menor J. M. M. deferida nos autos do processo n° 80003592-06.2023.8.05.0256, em favor do J. V.N. deferida nos autos do processo n° 80002759-27.2019.8.05.0256 e em favor do menor M. M. R. deferida nos autos do processo n° 80004211-33.2023.8.05.0256 de responsabilidade da Secretaria Municipal de Saúde."
"1815";"5120";"3-DL-117-2023";"3/DL/117/2023";"3110";"DISPENSA";"";"Homologado";"SECRETARIA_SEM_CORRESPONDENCIA";"A secretaria saneada n?o corresponde a nenhum cadastro interno.";"";"";"O presente Termo tem como objetivo a contratação de empresa especializada na prestação de serviços médico oftalmológico (PROCEDIMENTO MÉDICO OFTALMOLÓGICO), com o objetivo de atender a demanda judicial em favor de JOSÉ RAMOS DA SILVA."
"1816";"5130";"3-DL-136-2023";"3/DL/136/2023";"3701";"DISPENSA";"";"Homologado";"SECRETARIA_SEM_CORRESPONDENCIA";"A secretaria saneada n?o corresponde a nenhum cadastro interno.";"";"";"O presente Termo tem como objetivo a autorização de compra do procedimento na rede privada na prestação de CONSULTA COM OFTALMOLOGISTA ESPECIALISTA EM PROCEDIMENTO DE EXÉRESE DE CALÁZIO, com o objetivo de atender a demanda judicial em favor de AGATHA PIRES TEIXEIRA deferida nos autos do processo n° 8005342-43.2023.8.05.0256."
"1817";"5131";"3-DL-138-2023";"3/DL/138/2023";"3469";"DISPENSA";"";"Homologado";"SECRETARIA_SEM_CORRESPONDENCIA";"A secretaria saneada n?o corresponde a nenhum cadastro interno.";"";"";"O presente Termo tem como objetivo a contratação de empresa especializada na prestação de EXAME PAINEL HEREDITÁRIO DA MAMA E OVÁRIO 35 GENES e MLPA BRCA 1 E BRCA 2, com o objetivo de atender a demanda judicial em favor de MARIA DO SOCORRO MEDEIROS BATISTA deferida nos autos do processo n°8007860-06.2023.8.05.0256"
"1818";"5132";"3-DL-141-2023";"3/DL/141/2023";"3490";"DISPENSA";"";"Homologado";"SECRETARIA_SEM_CORRESPONDENCIA";"A secretaria saneada n?o corresponde a nenhum cadastro interno.";"";"";"Aquisição de medicamentos com a finalidade de atender a antecipação de tutela proposta por W. F. N. nº 0500978.20.2017.8.05.0256, B. A. n° 0502886.15.2017.8.05.0256, D. L. C. P. n° 8001757-22.2019.8.05.0256, ISABEL OLIVEIRA BATISTA n° 0504557.10.2016.8.05.025, ZENILDO SENA SANTOS n° 000770-49.2020.8.05.026 e JOÃO VICTOR PORTO LEITE n° 8031245.77.2020.8.05.0000, através da Secretaria Municipal de Saúde."
"1819";"5133";"3-DL-142-2023";"3/DL/142/2023";"3598";"DISPENSA";"";"Homologado";"SECRETARIA_SEM_CORRESPONDENCIA";"A secretaria saneada n?o corresponde a nenhum cadastro interno.";"";"";"A presente Solicitação de Despesa tem como objetivo a autorização de compra do procedimento na rede privada na prestação de CONSULTA DE AVALIAÇÃO PRÉ - ANESTÉSICA, com o objetivo de atender a demanda judicial em favor de A. P. T. deferida nos autos do processo n° 8005342-43.2023.8.05.0256."
"1820";"5134";"3-DL-143-2023";"3/DL/143/2023";"3490";"DISPENSA";"";"Homologado";"SECRETARIA_SEM_CORRESPONDENCIA";"A secretaria saneada n?o corresponde a nenhum cadastro interno.";"";"";"AQUISIÇÃO DE MEDICAMENTOS, com a finalidade de atender a antecipação de tutela proposta por RISALVA STAUFFER FERREIRA DOS REIS nº 8013600-76.2022.8.05.0256, LUCAS VILAS BOAS nº 8020852-67.2021.8.05.0256 e J. M. M. nº 8003592-06.2023.8.05.0256, através da Secretaria Municipal de Saúde."
"1821";"5135";"3-DL-144-2023";"3/DL/144/2023";"3490";"DISPENSA";"";"Homologado";"SECRETARIA_SEM_CORRESPONDENCIA";"A secretaria saneada n?o corresponde a nenhum cadastro interno.";"";"";"Tem por objeto a AQUISIÇÃO DE MEDICAMENTOS destinados aos pacientes WALTER FALCÃO, LANUZIA CAMPANA, LIVIA FARIAS DE SOUZA, RAMON CHAVES, SOFHIA OLIVEIRA, SILVANA SÁ, GENEVALDO DAMASCENO, JESSIE MENEZES e KLERIA SILVA SANTOS, ZENILDO SENA SANTOS através da Secretaria Municipal de Saúde, conforme quantidades descritas, pelo período de 12 meses, por meio de menor preço por item, com entregas programadas, conforme condições e especificações contidas neste Termo de Referência."
"1822";"5136";"3-DL-146-2023";"3/DL/146/2023";"3472";"DISPENSA";"";"Arquivado";"SECRETARIA_SEM_CORRESPONDENCIA";"A secretaria saneada n?o corresponde a nenhum cadastro interno.";"";"";"O presente Termo de Referência tem por objeto a AQUISIÇÃO DE MATERIAL DE CONSUMO destinados aos pacientes FERNANDO RAIMUNDO DA SILVA e MARIANA GOMES BEROLA através da Secretaria Municipal de Saúde, conforme quantidades descritas, pelo período de 12 meses, por meio de menor preço por item, com entregas programadas, conforme condições e especificações contidas neste Termo de Referência."
"1823";"5137";"3-DL-147-2023";"3/DL/147/2023";"3688";"DISPENSA";"";"Homologado";"SECRETARIA_SEM_CORRESPONDENCIA";"A secretaria saneada n?o corresponde a nenhum cadastro interno.";"";"";"Contratação de outros serviços de terceiros (seguro veicular ambulância), para cumprir com as recomendações SESAB e para atender as demandas da secretaria municipal de Saúde Teixeira de Freitas, conforme condições, quantidades e exigências estabelecidas neste instrumento."
"1824";"5138";"3-DL-155-2023";"3/DL/155/2023";"3673";"DISPENSA";"";"Homologado";"SECRETARIA_SEM_CORRESPONDENCIA";"A secretaria saneada n?o corresponde a nenhum cadastro interno.";"";"";"Aquisição de medicamentos (MEXILETINA 200MG), com o objetivo de atender a demanda judicial em favor de V. G. P. C. deferida nos autos do processo n° 8000982-36.2021.8.05.0256, com o objetivo de atender a demanda da Secretaria Municipal de Saúde."
"1825";"5139";"3-DL-157-2023";"3/DL/157/2023";"3615";"DISPENSA";"";"Homologado";"SECRETARIA_SEM_CORRESPONDENCIA";"A secretaria saneada n?o corresponde a nenhum cadastro interno.";"";"";"Empresa especializada para fornecimento de material de consumo (MEDICAMENTOS ANESTÉSICOS, SEDATIVOS, RELAXANTES), para rede hospitalar de Teixeira de Freitas, de responsabilidade do Fundo Municipal de Saúde deste município."
"1826";"5140";"3-DL-221-2022";"3/DL/221/2022";"2423";"DISPENSA";"";"Homologado";"SECRETARIA_SEM_CORRESPONDENCIA";"A secretaria saneada n?o corresponde a nenhum cadastro interno.";"";"";"Solicita-se uma Dispensa de Licitação para uma COMPRA EMERGENCIAL de material de consumo (MATERIAL PARA LIMPEZA LEVE DE AR CONDICIONADO), para atender a demanda da Secretaria Municipal de Saúde e suas Unidades, de responsabilidade do Fundo Municipal de Saúde deste município, conforme condições, quantidades e exigências estabelecidas neste instrumento."
"1827";"5141";"3-DL-223-2022";"3/DL/223/2022";"2410";"DISPENSA";"";"Homologado";"SECRETARIA_SEM_CORRESPONDENCIA";"A secretaria saneada n?o corresponde a nenhum cadastro interno.";"";"";"SOLICITA-SE AQUISIÇÃO DE MATERIAIS DE CONSUMO - FERRAMENTAS DIVERSAS, A SEREM UTILIZADAS PELA OFICINA ORTOPÉDICA DO CER - CENTRO ESPECIALIZADO EM REABILITAÇÃO TEIXEIRA DE FREITAS"
"1828";"5142";"2-DL-003-2023";"2/DL/003/2023";"2502";"DISPENSA";"";"Homologado";"SECRETARIA_SEM_CORRESPONDENCIA";"A secretaria saneada n?o corresponde a nenhum cadastro interno.";"0211/2023";"LEGADO";"Aquisição de material permanente (BOMBA HIDRAÚLICA SUBMERSA MONOFÁSICA) para atender as necessidades da Secretaria Municipal de Infraestrutura, Transportes e Serviços Urbanos."
"1829";"5143";"2-DL-009-2023";"2/DL/009/2023";"2456";"DISPENSA";"";"Homologado";"SECRETARIA_SEM_CORRESPONDENCIA";"A secretaria saneada n?o corresponde a nenhum cadastro interno.";"";"";"Contratação de empresa especializada na prestação de serviços (LOCAÇÃO DE CARRETA PRANCHA PARA TRANSPORTES RETROESCAVADEIRA), para atender necessidades da Secretaria Municipal de Infraestrutura, Transportes e Serviços Urbanos."
"1830";"5144";"2-DL-016-2023";"2/DL/016/2023";"2645";"DISPENSA";"";"Revogada";"SECRETARIA_SEM_CORRESPONDENCIA";"A secretaria saneada n?o corresponde a nenhum cadastro interno.";"";"";"MATERIAL NECESSÁRIO PARA DESENVOLVER O PROGRAMA MAIS PECUÁRIA BRASIL, EM PARCERIA COM A CONFEDERAÇÃO DOS AGRICULTORES FAMILIARES E EMPREENDEDORES FAMILIARES (CONAFER). ESSE PROGRAMA CONSISTE NO MELHORAMENTO GENÉTICO DO REBANHO DOS PEQUENOS E MÉDIOS PECUARISTAS DO MUNICIPIO DE TEIXEIRA DE FREITAS-BAHIA, ONDE RECEBEMOS 600 DOSES DE SÉMEM POR ANO E HORMÓNIOS GRATÚITOS DA ALTA GENÉTICS. ONDE JA FOI FIRMADO CONVÊNIO COM A PREFEITURA DE TEIXEIRA DE FREITAS ATRAVÉS DA SECRETARIA DE AGRICULTURA."
"1831";"5145";"2-DL-017-2023";"2/DL/017/2023";"2660";"DISPENSA";"";"Homologado";"SECRETARIA_SEM_CORRESPONDENCIA";"A secretaria saneada n?o corresponde a nenhum cadastro interno.";"";"";"Aquisição de materiais utilizáveis (ÓLEO DIESEL E HIDRÁULICO E GRAXA) para que a secretaria possa dar suporte para o funcionamento do maquinário agrícola, Secretaria Municipal de Agricultura e Pecuária e Abastecimento."
"1832";"5146";"2-DL-055-2023";"2/DL/055/2023";"2552";"DISPENSA";"";"Homologado";"SECRETARIA_SEM_CORRESPONDENCIA";"A secretaria saneada n?o corresponde a nenhum cadastro interno.";"";"";"Solicita-se a contratação de empresa especializada na locação e instalação de ARQUIBANCADA COM CAPACIDADE PARA 300 PESSOAS, para atender as demandas da Secretaria Municipal de Esporte e Lazer na execução do TEIXEIRA SPORT FESTIVAL EDIÇÃO VERÃO a ser realizado entre os dias 4 e 12 de março do corrente ano na Praça Padre Aparecido R. Stautt em Teixeira de Freitas - Bahia."
"1833";"5147";"2-DL-057-2023";"2/DL/057/2023";"2611";"DISPENSA";"";"Homologado";"SECRETARIA_SEM_CORRESPONDENCIA";"A secretaria saneada n?o corresponde a nenhum cadastro interno.";"";"";"Contratação de empresa para prestação serviços de retirada de ANTENA DE ESTAÇÃO DE TELECOMUNICAÇÃO, transmissoras de radiocomunicação, localizado localizada na Rua Clemente Mariane, n 490, Bairro Colina Verde, neste município de Teixeira de Freitas, Bahia. nº antiga sd:3374"
"1834";"5148";"2-DL-061-2023";"2/DL/061/2023";"2619";"DISPENSA";"";"Homologado";"SECRETARIA_SEM_CORRESPONDENCIA";"A secretaria saneada n?o corresponde a nenhum cadastro interno.";"";"";"Contratação de empresa especializada em fornecimento de material consumo, BANCADA DE GRANITO, para atender as necessidades da Secretaria Municipal de Infraestrutura, Transporte e Serviços Urbanos, conforme especificações e quantidades estabelecidas abaixo."
"1835";"5149";"2-DL-064-2023";"2/DL/064/2023";"2640";"DISPENSA";"";"Homologado";"SECRETARIA_SEM_CORRESPONDENCIA";"A secretaria saneada n?o corresponde a nenhum cadastro interno.";"";"";"Empresa especializada em fornecimento de material de consumo (MATERIAL ESPORTIVO), para atender as demandas da Secretaria de Esporte e Lazer."
"1836";"5150";"2-DL-066-2023";"2/DL/066/2023";"2658";"DISPENSA";"";"Homologado";"SECRETARIA_SEM_CORRESPONDENCIA";"A secretaria saneada n?o corresponde a nenhum cadastro interno.";"";"";"SOLICITA-SE EMPRESA ESPECIALIZADA EM QUE VAI SER EFETUADO A CONTRATAÇÃO DE UM TECNICO ENGENHEIRO AGRÔNOMO PARA ATUALIZAR A VTN (VALOR DE TERRA NUA) PARA QUE SEJA COLETADO DADOS PARA ENVIO E TRANSMISSÃO PARA A RECEITA FEDERAL DESTE EXERCÍCIO. QUE TEM A FINALIDADE DE ATENDER O DEPARTAMENTO DE RECEITA DE RESPONSABILIDADE DA SECRETARIA MUNICIPAL DE FINANÇAS."
"1837";"5151";"2-DL-067-2023";"2/DL/067/2023";"2660";"DISPENSA";"";"Revogada";"SECRETARIA_SEM_CORRESPONDENCIA";"A secretaria saneada n?o corresponde a nenhum cadastro interno.";"";"";"Contratação de empresa especializada em fornecimento de material permanente, BOMBA HIUDRAÚLICA SUBMERSA MONOFASICA, para atender as necessidades da Secretaria Municipal de Infraestrutura, Transporte e Serviços Urbanos, conforme especificações e quantidades estabelecidas abaixo."
"1838";"5152";"2-DL-072-2023";"2/DL/072/2023";"2792";"DISPENSA";"";"Homologado";"SECRETARIA_SEM_CORRESPONDENCIA";"A secretaria saneada n?o corresponde a nenhum cadastro interno.";"";"";"Contratação de empresa especializada em fornecimento de material permanente, BATERIA, para atender as necessidades da Secretaria Municipal de Infraestrutura, Transporte e Serviços Urbanos, conforme especificações e quantidades estabelecidas abaixo."
"1839";"5153";"2-DL-078-2023";"2/DL/078/2023";"2881";"DISPENSA";"";"Homologado";"SECRETARIA_SEM_CORRESPONDENCIA";"A secretaria saneada n?o corresponde a nenhum cadastro interno.";"";"";"SOLICITA-SE EMPRESA ESPECIALIZADA EM FORNECIMENTO DE MATERIAL DE CONSUMO E PERMAENENTE DE INFORMÁTICA COM A FINALIDADE DE ATENDER AS NECESSIDADES ADM GERAL (DEPARTAMENTOS, SETORES, SECRETARIAS), FUNDO MUNICIPAL DE SAÚDE DE TEIXEIRA DE FREITAS (UBS, HMTF, UMMI) DE RESPONSABILIDADE DESTA PREFEITURA."
"1840";"5154";"2-DL-080-2023";"2/DL/080/2023";"2813";"DISPENSA";"";"Homologado";"SECRETARIA_SEM_CORRESPONDENCIA";"A secretaria saneada n?o corresponde a nenhum cadastro interno.";"";"";"Contratação de empresa especializada em fornecimento de material permanente, BOMBA HIUDRAÚLICA, para atender as necessidades da Secretaria Municipal de Infraestrutura, Transporte e Serviços Urbanos, conforme especificações e quantidades estabelecidas abaixo."
"1841";"5155";"2-DL-081-2023";"2/DL/081/2023";"2817";"DISPENSA";"";"Homologado";"SECRETARIA_SEM_CORRESPONDENCIA";"A secretaria saneada n?o corresponde a nenhum cadastro interno.";"";"";"Contratação de empresa especializada para fornecimento de material de consumo ELÉTRICO, para atender as demandas da Secretária de Infraestrutura e Serviços Urbanos - conforme condições, quantidades e exigências estabelecidas neste instrumento."
"1842";"5156";"2-DL-082-2023";"2/DL/082/2023";"2916";"DISPENSA";"";"Homologado";"SECRETARIA_SEM_CORRESPONDENCIA";"A secretaria saneada n?o corresponde a nenhum cadastro interno.";"";"";"MATERIAL NECESSÁRIO PARA DESENVOLVER O PROGRAMA MAIS PECUÁRIA BRASIL, EM PARCERIA COM A CONFEDERAÇÃO DOS AGRICULTORES FAMILIARES E EMPREENDEDORES FAMILIARES (CONAFER). ESSE PROGRAMA CONSISTE NO MELHORAMENTO GENÉTICO DO REBANHO DOS PEQUENOS E MÉDIOS PECUARISTAS DO MUNICIPIO DE TEIXEIRA DE FREITAS-BAHIA, ONDE RECEBEMOS 600 DOSES DE SÉMEM POR ANO E HORMÓNIOS GRATÚITOS DA ALTA GENÉTICS. ONDE JA FOI FIRMADO CONVÊNIO COM A PREFEITURA DE TEIXEIRA DE FREITAS ATRAVÉS DA SECRETARIA DE AGRICULTURA."
"1843";"5157";"2-DL-083-2023";"2/DL/083/2023";"2913";"DISPENSA";"";"Homologado";"SECRETARIA_SEM_CORRESPONDENCIA";"A secretaria saneada n?o corresponde a nenhum cadastro interno.";"";"";"Contratação de empresa especializada em fornecimento de material permanente, PLAINA ELÉTRICA, para atender as necessidades da Secretaria Municipal de Infraestrutura, Transporte e Serviços Urbanos, conforme especificações e quantidades estabelecidas abaixo."
"1844";"5158";"2-DL-085-2023";"2/DL/085/2023";"2913";"DISPENSA";"";"Homologado";"SECRETARIA_SEM_CORRESPONDENCIA";"A secretaria saneada n?o corresponde a nenhum cadastro interno.";"";"";"Contratação de empresa especializada em fornecimento de material consumo, BACANDA DE GRANITO E SOLEIRA, para atender as necessidades da Secretaria Municipal de Infraestrutura, Transporte e Serviços Urbanos, conforme especificações e quantidades estabelecidas abaixo."
"1845";"5159";"2-DL-086-2023";"2/DL/086/2023";"2881";"DISPENSA";"";"Homologado";"SECRETARIA_SEM_CORRESPONDENCIA";"A secretaria saneada n?o corresponde a nenhum cadastro interno.";"";"";"Contratação de empresa especializada em fornecimento de material permanente, BOMBA HIUDRAÚLICA, para atender as necessidades da Secretaria Municipal de Infraestrutura, Transporte e Serviços Urbanos, conforme especificações e quantidades estabelecidas abaixo."
"1846";"5160";"2-DL-087-2023";"2/DL/087/2023";"3064";"DISPENSA";"";"Homologado";"SECRETARIA_SEM_CORRESPONDENCIA";"A secretaria saneada n?o corresponde a nenhum cadastro interno.";"";"";"Contratação de empresa especializada em fornecimento de materiais consumo, PIA DE COZINHA E TANQUE PARA LAVANDERIA, para atender as necessidades da Secretaria Municipal de Infraestrutura, Transporte e Serviços Urbanos, conforme especificações e quantidades estabelecidas abaixo."
"1847";"5161";"2-DL-093-2023";"2/DL/093/2023";"3124";"DISPENSA";"";"Homologado";"SECRETARIA_SEM_CORRESPONDENCIA";"A secretaria saneada n?o corresponde a nenhum cadastro interno.";"";"";"Contratação de empresa especializada em fornecimento de materiais consumo, POLICARBONATO para atender as necessidades da Secretaria Municipal de Infraestrutura, Transporte e Serviços Urbanos, conforme especificações e quantidades estabelecidas abaixo."
"1848";"5162";"2-DL-102-2023";"2/DL/102/2023";"3025";"DISPENSA";"";"Homologado";"SECRETARIA_SEM_CORRESPONDENCIA";"A secretaria saneada n?o corresponde a nenhum cadastro interno.";"";"";"Solicita-se contratação de empresa especializada no transporte de passageiros para o deslocamento de 42 atletas da Associação de Karatê de Teixeira de Freitas (ASKATEF) para a cidade de ALAGOINHAS - BAHIA para participarem do CAMPEONATO BAIANO KARATÊ INTERESTILOS, que acontecerá entre os dias 21, 22 e 23 julho de 2023. Saída de Teixeira de Freitas no dia 20 de julho do corrente ano."
"1849";"5163";"2-DL-108-2023";"2/DL/108/2023";"3124";"DISPENSA";"";"Homologado";"SECRETARIA_SEM_CORRESPONDENCIA";"A secretaria saneada n?o corresponde a nenhum cadastro interno.";"";"";"Contratação de empresa para aquisição de material de consumo (PLAQUETA DE TOMBO EM ALUMÍNIO), com objetivo de atender as necessidades da Secretaria Municipal de Administração e Planejamento e demais Secretarias."
"1850";"5164";"2-DL-115-2023";"2/DL/115/2023";"3250";"DISPENSA";"";"Homologado";"SECRETARIA_SEM_CORRESPONDENCIA";"A secretaria saneada n?o corresponde a nenhum cadastro interno.";"";"";"SOLICITA AQUISIÇÃO DE MATERIAIS DE CONSUMO (NITROGÊNIO LÍQUIDO) PARA SUPRIR AS NECESSIDADES DO DEPARTAMENTO DE INSPEÇÃO ANIMAL E VEGETAL DA SECRETARIA MUNICIPAL DE AGRICULTURA, PECUÁRIA E ABASTECIMENTO DE TEIXEIRA DE FREITAS"
"1851";"5165";"2-DL-118-2023";"2/DL/118/2023";"3155";"DISPENSA";"";"Homologado";"SECRETARIA_SEM_CORRESPONDENCIA";"A secretaria saneada n?o corresponde a nenhum cadastro interno.";"";"";"Contratação de software para gerenciamento de processos seletivos, incluindo concursos públicos, compreendendo todas as etapas desde a publicação de editais até a divulgação do resultado final, para atender as demandas da Secretaria Municipal de Administração e Planejamento, cuja especificações técnicas, quantidades e demais condições encontram-se detalhados neste instrumento."
"1852";"5166";"2-DL-121-2023";"2/DL/121/2023";"3198";"DISPENSA";"";"Homologado";"SECRETARIA_SEM_CORRESPONDENCIA";"A secretaria saneada n?o corresponde a nenhum cadastro interno.";"";"";"Contratação de empresa especializada no fornecimento de material de consumo, (ÓLEO ARLA 32), para atender as necessidades da Secretaria Municipal de Administração e Planejamento e demais secretarias."
"1853";"5167";"2-DL-137-2023";"2/DL/137/2023";"3328";"DISPENSA";"";"Homologado";"SECRETARIA_SEM_CORRESPONDENCIA";"A secretaria saneada n?o corresponde a nenhum cadastro interno.";"";"";"Solicita-se contratação de empresa especializada no transporte de passageiros para o deslocamento de 45 atletas da Seleção de Handebol de Teixeira de Freitas Bahia para a cidade de VITORIA ESPIRITO SANTO, para participarem da V COPA SUDESTE DE HANDEBOL 2023, que acontecerá entre os dias 30/09/2023 a 01/10/2023. Saída de Teixeira de Freitas no dia 29 de setembro do corrente ano."
"1854";"5168";"2-DL-140-2023";"2/DL/140/2023";"3509";"DISPENSA";"";"Homologado";"SECRETARIA_SEM_CORRESPONDENCIA";"A secretaria saneada n?o corresponde a nenhum cadastro interno.";"";"";"LOCAÇÃO DE IMÓVEL localizado na avenida Euclides da Cunha, n° 381, Nova Teixeira, Teixeira de Freitas-BA, para instalação de um Ponto de Apoio ao DEPARTAMENTO DE CULTURA - CEU."
"1855";"5169";"2-DL-150-2023";"2/DL/150/2023";"3547";"DISPENSA";"";"Homologado";"SECRETARIA_SEM_CORRESPONDENCIA";"A secretaria saneada n?o corresponde a nenhum cadastro interno.";"";"";"Contratação de empresa especializada e devidamente registrada no CREA (Conselho Regional de Engenharia e Agronomia) ou CAU (Conselho de Arquitetura e Urbanismo) destinada à prestação de serviços de avaliação imobiliária de bens imóveis pertencentes ao Município de Teixeira de Freitas-BA."
"1856";"5170";"2-DL-152-2023";"2/DL/152/2023";"3554";"DISPENSA";"";"Homologado";"SECRETARIA_SEM_CORRESPONDENCIA";"A secretaria saneada n?o corresponde a nenhum cadastro interno.";"";"";"Contratação de empresa especializada na prestação de serviços de locação de trio elétrico e demais serviços conforme anexo a este Termo de Referência, para atender as necessidades dos eventos promovidos pela Prefeitura Municipal de Teixeira de Freitas/BA."
"1857";"5171";"2-DL-153-2023";"2/DL/153/2023";"3641";"DISPENSA";"";"Homologado";"SECRETARIA_SEM_CORRESPONDENCIA";"A secretaria saneada n?o corresponde a nenhum cadastro interno.";"";"";"LOCAÇÃO DE IMÓVEL localizado na rua Itália, n° 394, Monte Castelo, Teixeira de Freitas-BA, para reinstalação da SEDE DA SECRETARIA MUNICIPAL DE AGRICULTURA, PECUÁRIA E ABASTECIMENTO, para atender as necessidades da Secretaria Municipal de Agricultura, Pecuária e Abastecimento."
"1858";"5172";"2-DL-154-2023";"2/DL/154/2023";"3606";"DISPENSA";"";"Homologado";"SECRETARIA_SEM_CORRESPONDENCIA";"A secretaria saneada n?o corresponde a nenhum cadastro interno.";"";"";"Contratação de empresa especializada no fornecimento de GRAMA SINTÉTICA e COLA DE CONTATO, para o parque da praça Padre Aparecido Rodrigues Staut, sob responsabilidade da Secretaria Municipal de Administração."
"1859";"5173";"2-DL-231-2022";"2/DL/231/2022";"2399";"DISPENSA";"";"Homologado";"SECRETARIA_SEM_CORRESPONDENCIA";"A secretaria saneada n?o corresponde a nenhum cadastro interno.";"";"";"Locação de imóvel, localizado na Rua Prudente de Morais, n° 119, Centro, Teixeira de Freitas-BA, para INSTALAÇÃO DA SEDE DA SECRETARIA MUNICIPAL DE SEGURANÇA E CIDADANIA, pelo período de 12 meses."
"1860";"5175";"2-IL-001-2023";"2488";"2488";"INEXIGIBILIDADE";"";"Homologado";"SECRETARIA_SEM_CORRESPONDENCIA";"A secretaria saneada n?o corresponde a nenhum cadastro interno.";"";"";"Solicita-se médico Clinico Geral Intensivista para o Hospital Municipal de Teixeira de Freitas (HMTF), conforme Processo Administrativo 2008/2021 Edital de Credenciamento 01/2021 - Empresa Credenciada: M1 SERVICOS MEDICOS LTDA, CNPJ: 35.854.911/0001-60"
"1861";"5176";"2-IL-020-2023";"2640";"2640";"INEXIGIBILIDADE";"";"Homologado";"SECRETARIA_SEM_CORRESPONDENCIA";"A secretaria saneada n?o corresponde a nenhum cadastro interno.";"";"";"Empresa especializada em prestação de serviço em passagens terrestres (EMPRESA GONTIJO DE TRANPORTES S/A), para atender as necessidades da Secretaria Municipal de Administração e demais secretarias."
"1862";"5177";"2-IL-039-2023";"2723";"2723";"INEXIGIBILIDADE";"";"Homologado";"SECRETARIA_SEM_CORRESPONDENCIA";"A secretaria saneada n?o corresponde a nenhum cadastro interno.";"";"";"PAGAMENTO DA FRANQUIA DO SEGURO AUTOMOTIVO CONTRATADO POR ESTA CÂMARA COM A PORTO SEGURO COMPANHIA DE SEGUROS GERAIS, NOS TERMOS DO CONTRATO 062/2022, ORIUNDO DA DISPENSA DE LICITAÇÃO DL 026/2022, PARA RETÍFICA DO VEÍCULO RENAULT KWID ZEN 1.0, ANO 2022, PLACA RPF1C27, CHASSI 93YRBB003PJ250012, CONFORME APÓLICE."
"1863";"5178";"2-IL-040-2023";"2718";"2718";"INEXIGIBILIDADE";"";"Homologado";"SECRETARIA_SEM_CORRESPONDENCIA";"A secretaria saneada n?o corresponde a nenhum cadastro interno.";"";"";"Solicita-se médico(a) Clinico Geral para o CENTRO REGIONAL DE REFERÊNCIA SAÚDE DO TRABALHADOR (CEREST), conforme Edital 001/2021 Credenciamento Médico - Empresa Credenciada: GOLD MED - SERVICOS MEDICOS LTDA, CNPJ: 29.663.751/0001-70"
"1864";"5179";"2-IL-041-2023";"2718";"2718";"INEXIGIBILIDADE";"";"Homologado";"SECRETARIA_SEM_CORRESPONDENCIA";"A secretaria saneada n?o corresponde a nenhum cadastro interno.";"";"";"Solicita-se médico(a) Clinico Geral para o Hospital Municipal de Teixeira de Freitas (HMTF), conforme Processo Administrativo 2008/2021 - Edital de Credenciamento Médico - Empresa Credenciada: CLAF SERVICOS MEDICOS S/C LTDA, CNPJ: 22.575.498/0001-53"
"1865";"5180";"2-IL-042-2023";"2723";"2723";"INEXIGIBILIDADE";"";"Homologado";"SECRETARIA_SEM_CORRESPONDENCIA";"A secretaria saneada n?o corresponde a nenhum cadastro interno.";"";"";"Empresa para a prestação de serviço de CONSULTORIA TÉCNICA/JURÍDICA E ESPECIALIZADA, na modalidade Contrato de Êxito (Art. 2º, III, da Instrução TCM nº 01/2018), especificamente para propor ou acompanhar, mediante peticionamento, ação judicial ou procedimento administrativo que vise a prestação de SERVIÇO TÉCNICO DE CONSULTORIA ESPECIALIZADA TRIBUTÁRIA, visando o levantamento e recuperação de créditos referente a RETENÇÕES NÃO REALIZADAS DO IRRF SOBRE SERVIÇOS, BENS E CONSUMOS DOS FORNECEDORES DESSE ENTE, a fim de atender as demandas do Município de Teixeira de Freitas, Secretaria Municipal de Finanças."
"1866";"5181";"2-IL-044-2023";"2718";"2718";"INEXIGIBILIDADE";"";"Homologado";"SECRETARIA_SEM_CORRESPONDENCIA";"A secretaria saneada n?o corresponde a nenhum cadastro interno.";"";"";"Solicita-se médica(o) da Estratégia da Saúde da Família - 40 HORAS para a Unidade da ATENÇÃO BÁSICA, conforme Processo Administrativo 2008/2021 Edital Credenciamento Médico - Empresa Credenciada: SILVIA ALVAREZ RODRIGUEZ ALVES LTDA, CNPJ: 30.052.600/0001-64"
"1867";"5182";"2-IL-045-2023";"2723";"2723";"INEXIGIBILIDADE";"";"Homologado";"SECRETARIA_SEM_CORRESPONDENCIA";"A secretaria saneada n?o corresponde a nenhum cadastro interno.";"";"";"Aquisição do curso (SIAFIC - IMPLEMENTAÇÃO A OPERACIONALIZAÇÃO com a Visão dos Órgãos de Controle Externo (TCE/TCM) atualizado com novo Decreto 11.644/23), curso presencial, de responsabilidade da Secretaria Municipal de Administração."
"1868";"5183";"2-IL-051-2023";"2918";"2918";"INEXIGIBILIDADE";"";"Homologado";"SECRETARIA_SEM_CORRESPONDENCIA";"A secretaria saneada n?o corresponde a nenhum cadastro interno.";"";"";"Solicita-se médico(a) Neurocirurgião para o Hospital Municipal de Teixeira de Freitas (HMTF), conforme Processo Administrativo 2008/2021 - Edital de Credenciamento Médico - Empresa Credenciada: BAHIA MED SAUDE LTDA, CNPJ: 50.967.530/0001-81"
"1869";"5184";"2-IL-056-2023";"2802";"2802";"INEXIGIBILIDADE";"";"Homologado";"SECRETARIA_SEM_CORRESPONDENCIA";"A secretaria saneada n?o corresponde a nenhum cadastro interno.";"";"";"Prestação de serviço técnico de profissional especializado em consultoria e assessoria jurídica: contratação de escritório de advocacia para vindicar em juízo a recuperação dos valores do Fundo de Manutenção e Desenvolvimento do Ensino Fundamental e da Valorização do Magistério - FUNDEF, sob responsabilidade da Procuradoria Geral do Município."
"1870";"5185";"2-IL-067-2023";"2952";"2952";"INEXIGIBILIDADE";"";"Homologado";"SECRETARIA_SEM_CORRESPONDENCIA";"A secretaria saneada n?o corresponde a nenhum cadastro interno.";"";"";"Celebração de Termo de Fomento entre a Prefeitura Municipal de Teixeira de Freitas - PMTF e a Liga de Futebol de Teixeira de Freitas - LFTF, para realização do CAMPEONATO MUNICIPAL DE FUTEBOL SÉRIE A - B e SUB 17 EDIÇÃO 2023, Secretaria Municipal de Esporte e Lazer."
"1871";"5186";"2-IL-072-2023";"2986";"2986";"INEXIGIBILIDADE";"";"Homologado";"SECRETARIA_SEM_CORRESPONDENCIA";"A secretaria saneada n?o corresponde a nenhum cadastro interno.";"";"";"REFERENTE A CONTRATAÇÃO DE EMPRESA ESPECIALIZADA NA MINISTRAÇÃO DE SEMINÁRIO OS MUNÍCIPIOS E A NOVA LEI DE LICITAÇÕES. A publicação da Lei n 14.133 de abril de 2021, sobre a Nova Lei de Licitações, que substituirá a Lei nº 8.666/93, Lei nº 10.520 2002 (Lei do pregão) e o Regime Diferenciado de Contratações (RDC), está vigente e trouxe impactantes mudanças no regime das licitações e das contratações públicas."
"1872";"5187";"2-IL-073-2023";"3143";"3143";"INEXIGIBILIDADE";"";"Homologado";"SECRETARIA_SEM_CORRESPONDENCIA";"A secretaria saneada n?o corresponde a nenhum cadastro interno.";"";"";"Aquisição de uma nova assinatura anual eletrônica, para acessos aos serviços do SISTEMA BANCO DE PREÇOS, ferramenta de pesquisa e comparação de preços praticados pela Administração Pública, para atender as demandas da Secretaria de Educação e Cultura."
"1873";"5188";"2-IL-074-2023";"3144";"3144";"INEXIGIBILIDADE";"";"Homologado";"SECRETARIA_SEM_CORRESPONDENCIA";"A secretaria saneada n?o corresponde a nenhum cadastro interno.";"";"";"Aquisição de Curso Prático no Sistema COMPRASGOV, atualizado pela NLLc 14.133/21 e In Seges/me 73/2022 Capacitação de Pregoeiros e Agentes de Contratação curso presencial, para atender a Prefeitura Municipal de Teixeira de Freitas, de responsabilidade da Secretaria Municipal de Finanças."
"1874";"5189";"2-IL-080-2023";"3060";"3060";"INEXIGIBILIDADE";"";"Homologado";"SECRETARIA_SEM_CORRESPONDENCIA";"A secretaria saneada n?o corresponde a nenhum cadastro interno.";"";"";"Empresa especializada em prestação de serviço em passagens terrestres EXPRESSO BRASILEIRO TRANSPORTE LTDA, para atender as necessidades da Secretaria Municipal de Administração e Planejamento e demais secretarias."
"1875";"5190";"2-IL-089-2023";"3182";"3182";"INEXIGIBILIDADE";"";"Homologado";"SECRETARIA_SEM_CORRESPONDENCIA";"A secretaria saneada n?o corresponde a nenhum cadastro interno.";"";"";"Solicita-se médica(o) da Estratégia da Saúde da Família - 40 HORAS para a Unidade da ATENÇÃO BÁSICA, conforme Processo Administrativo 2008/2021 Edital de Credenciamento - Credenciamento Médico: G C SOUZA CLINICA MEDICA EIRELI, CNPJ 30.410.803/0001-85"
"1876";"5191";"2-IL-091-2023";"3286";"3286";"INEXIGIBILIDADE";"";"Homologado";"SECRETARIA_SEM_CORRESPONDENCIA";"A secretaria saneada n?o corresponde a nenhum cadastro interno.";"";"";"Solicita-se médica(o) da Estratégia da Saúde da Família - 40 HORAS para a Unidade da ATENÇÃO BÁSICA, conforme Processo Administrativo 2008/2021 Edital de Credenciamento - Credenciamento Médico: MEDCARE ASSISTENCIA MEDICA LTDA, CNPJ 31.996.297/0001-10"
"1877";"5192";"2-IL-096-2023";"3260";"3260";"INEXIGIBILIDADE";"";"Homologado";"SECRETARIA_SEM_CORRESPONDENCIA";"A secretaria saneada n?o corresponde a nenhum cadastro interno.";"";"";"Empresa especializada em prestação de serviço em passagens terrestres (VIAÇÃO ÁGUIA BRANCA S/A), para atender as necessidades da Secretaria Municipal de Administração e Planejamento e demais secretarias."
"1878";"5193";"2-IL-104-2023";"3366";"3366";"INEXIGIBILIDADE";"";"Homologado";"SECRETARIA_SEM_CORRESPONDENCIA";"A secretaria saneada n?o corresponde a nenhum cadastro interno.";"";"";"Solicita-se médico(a) Clinico Geral Plantonista para a Unidade de Pronto Atendimento (UPA), conforme Processo Administrativo 2008/2021 Edital Credenciamento Médico - Empresa Credenciada: L SILVEIRA SILVA SERVICOS MEDICOS LTDA, CNPJ: 46.830.466/0001-15"
"1879";"5194";"2-IL-105-2023";"3518";"3518";"INEXIGIBILIDADE";"";"Homologado";"SECRETARIA_SEM_CORRESPONDENCIA";"A secretaria saneada n?o corresponde a nenhum cadastro interno.";"";"";"Solicita-se médico(a) Psicóloga para o CENTRO DE ATENÇÃO PSICOSSOCIAL(CAPS), conforme Processo Administrativo 2008/2021 - Edital de Credenciamento Médico - Empresa Credenciada: G BRITO SOUSA ME, CNPJ: 28.881.634/0001-10"
"1880";"5195";"2-IL-108-2023";"3707";"3707";"INEXIGIBILIDADE";"";"Homologado";"SECRETARIA_SEM_CORRESPONDENCIA";"A secretaria saneada n?o corresponde a nenhum cadastro interno.";"";"";"Constitui objeto do presente a contratação de empresa para o fornecimento de passagens terrestres de acordo com as necessidades da Câmara de Vereadores, no tocante ao deslocamento dos vereadores e servidores para participação de eventos externos e cursos para esta Câmara Municipal. com destinos Teixeira de Freitas-BA x Vitória ES (ida e volta), Teixeira de Freitas-BA x Salvador BA (ida e volta)."
"1881";"5196";"2-IL-111-2023";"3454";"3454";"INEXIGIBILIDADE";"";"Homologado";"SECRETARIA_SEM_CORRESPONDENCIA";"A secretaria saneada n?o corresponde a nenhum cadastro interno.";"";"";"Solicita-se médica(o) da Estratégia da Saúde da Família - 40 HORAS para a Unidade da ATENÇÃO BÁSICA, conforme Processo Administrativo 2008/2021 Edital de Credenciamento - Credenciamento Médico: DRA. ARIELE MELLO - SERVICOS MEDICOS LTDA, CNPJ 40.191.445/0001-10"
"1882";"5197";"2-IL-115-2023";"3568";"3568";"INEXIGIBILIDADE";"";"Homologado";"SECRETARIA_SEM_CORRESPONDENCIA";"A secretaria saneada n?o corresponde a nenhum cadastro interno.";"";"";"Solicita-se médica(o) da Estratégia da Saúde da Família - 40 HORAS para a Unidade da ATENÇÃO BÁSICA, conforme Processo Administrativo 2008/2021 Edital de Credenciamento - Credenciamento Médico: MM SERVICOS DE SAUDE E GESTAO LTDA, CNPJ 36.515.192/0001-16"
"1883";"5198";"2-IL-120-2023";"3707";"3707";"INEXIGIBILIDADE";"";"Homologado";"SECRETARIA_SEM_CORRESPONDENCIA";"A secretaria saneada n?o corresponde a nenhum cadastro interno.";"";"";"Solicita-se médica(o) da Estratégia da Saúde da Família - 40 HORAS para a Unidade da ATENÇÃO BÁSICA, conforme Processo Administrativo 2008/2021 Edital de Credenciamento - Credenciamento Médico: MM SERVICOS DE SAUDE E GESTAO LTDA, CNPJ 36.515.192/0001-16"
"1884";"5199";"3-IL-002-2023";"2474";"2474";"INEXIGIBILIDADE";"";"Homologado";"SECRETARIA_SEM_CORRESPONDENCIA";"A secretaria saneada n?o corresponde a nenhum cadastro interno.";"";"";"Solicita-se médico(a) Cirurgião Cardiovascular para o Hospital Municipal de Teixeira de Freitas (HMTF), conforme Processo Administrativo 2008/2021 Edital de Credenciamento médico - Empresa Credenciada: CLINICA CARDIO CIRURGICA DA BAHIA LTDA, CNPJ: 23.851.192/0002-26"
"1885";"5200";"3-IL-003-2023";"2508";"2508";"INEXIGIBILIDADE";"";"Homologado";"SECRETARIA_SEM_CORRESPONDENCIA";"A secretaria saneada n?o corresponde a nenhum cadastro interno.";"";"";"Solicita-se médico(a) Pediatra para o Complexo Regulador de Teixeira de Freitas para atender as demandas da Secretaria de Saúde, conforme Edital 001/2021 - Credenciamento Médico - Empresa Credenciada: THAIS CARDOSO E CIA LTDA, CNPJ: 37.069.288/0001-60"
"1886";"5201";"3-IL-004-2023";"2447";"2447";"INEXIGIBILIDADE";"";"Homologado";"SECRETARIA_SEM_CORRESPONDENCIA";"A secretaria saneada n?o corresponde a nenhum cadastro interno.";"";"";"Solicita-se médico(a) Clinico Geral Plantonista para a Unidade de Pronto Atendimento (UPA), conforme Processo Administrativo 2008/2021 Edital Credenciamento Médico - Empresa Credenciada: MED CORP LTDA, CNPJ: 46.447.054/0001-09"
"1887";"5202";"3-IL-006-2023";"2474";"2474";"INEXIGIBILIDADE";"";"Homologado";"SECRETARIA_SEM_CORRESPONDENCIA";"A secretaria saneada n?o corresponde a nenhum cadastro interno.";"";"";"ADESÃO DE COTA PATROCÍNIO TIPO COTA PREMIUM (PATROCINADOR PREMIUM), PARA A 1ª CORRIDA DOS GUARDIÕES DO EXTREMO SUL BAIANO - 13 BEIC PMBA, DE RESPONSABILIDADE DO GABINETE DO PREFEITO."
"1888";"5203";"3-IL-007-2023";"2474";"2474";"INEXIGIBILIDADE";"";"Homologado";"SECRETARIA_SEM_CORRESPONDENCIA";"A secretaria saneada n?o corresponde a nenhum cadastro interno.";"";"";"AQUISIÇÃO DE 04 PASSAGENS RODOVIÁRIAS, SENDO 2 (DUAS) PARA O DIA 16/07/2023, COM SAÍDA DE TEIXEIRA DE FREITAS BA E DESTINO A SALVADOR-BA, E 2(DUAS) PARA O DIA 19/07/2023, COM SAÍDA DA CIDADE DE SALVADOR - BA COM DESTINO A TEIXEIRA DE FREITASBA."
"1889";"5204";"3-IL-008-2023";"2552";"2552";"INEXIGIBILIDADE";"";"Homologado";"SECRETARIA_SEM_CORRESPONDENCIA";"A secretaria saneada n?o corresponde a nenhum cadastro interno.";"";"";"Empresa especializada de notória especialização para prestação de serviço de treinamento e aperfeiçoamento de servidores, mediante inscrição em seminário presencial: ""TEMAS EM DESTAQUE E IMPACTOS PRÁTICOS PARA APLICAÇÃO IMEDIATA DA NOVA LEI DE LICITAÇÕES"", nos dias 24 a 26 de julho de 2023."
"1890";"5205";"3-IL-009-2023";"2474";"2474";"INEXIGIBILIDADE";"";"Homologado";"SECRETARIA_SEM_CORRESPONDENCIA";"A secretaria saneada n?o corresponde a nenhum cadastro interno.";"";"";"Solicita-se médica Clinica Geral para a Unidade Municipal Materno Infantil (UMMI) de Teixeira de Freitas para atender as demandas da Secretaria de Saúde, conforme Edital 001/2021 - Credenciamento Médico - Empresa Credenciada: ALVILASBOAS SERVICOS MEDICOS LTDA, CNPJ:46.539.970/0001-60"
"1891";"5206";"3-IL-011-2023";"2472";"2472";"INEXIGIBILIDADE";"";"Homologado";"SECRETARIA_SEM_CORRESPONDENCIA";"A secretaria saneada n?o corresponde a nenhum cadastro interno.";"";"";"Solicita-se médico(a) Urologista para o Complexo Regulador, conforme Processo Administrativo 2008/2021 - Empresa Credenciada: LOPES & RONACHER SERVICOS MEDICOS LTDA, CNPJ: 30.386.974/0001-16"
"1892";"5207";"3-IL-012-2023";"2472";"2472";"INEXIGIBILIDADE";"";"Homologado";"SECRETARIA_SEM_CORRESPONDENCIA";"A secretaria saneada n?o corresponde a nenhum cadastro interno.";"";"";"Solicita-se médico(a) Pediatra para a Unidade Municipal Materno Infantil (UMMI) de Teixeira de Freitas para atender as demandas da Secretaria de Saúde, conforme Edital 001/2021 - Credenciamento Médico - Empresa Credenciada: THAIS CARDOSO E CIA LTDA, CNPJ: 37.069.288/0001-60"
"1893";"5208";"3-IL-013-2023";"2547";"2547";"INEXIGIBILIDADE";"";"Homologado";"SECRETARIA_SEM_CORRESPONDENCIA";"A secretaria saneada n?o corresponde a nenhum cadastro interno.";"";"";"Solicita-se médico Pediatra para a Unidade Municipal Materno Infantil (UMMI) de Teixeira de Freitas para atender as demandas da Secretaria de Saúde, conforme Edital 001/2021 - Credenciamento Médico - Empresa Credenciada: SEMPRE S SERVICOS MEDICOS LTDA, CNPJ: 34.706.377/0001-82"
"1894";"5209";"3-IL-014-2023";"2876";"2876";"INEXIGIBILIDADE";"";"Não Autorizado";"SECRETARIA_SEM_CORRESPONDENCIA";"A secretaria saneada n?o corresponde a nenhum cadastro interno.";"";"";"Constitui objeto do presente instrumento a prestação de serviços de manutenção preventiva, corretiva e substituição de elementos filtrantes dos purificadores de água da marca Hoken, pertencentes a Câmara Municipal de Vereadores de Teixeira de Freitas BA."
"1895";"5210";"3-IL-015-2023";"2508";"2508";"INEXIGIBILIDADE";"";"Homologado";"SECRETARIA_SEM_CORRESPONDENCIA";"A secretaria saneada n?o corresponde a nenhum cadastro interno.";"";"";"Aquisição de cursos para a IMPLEMENTAÇÃO DA LEI nº 14.133/2021 (Lei de Licitações e Contratos Administrativos) na modalidade online e ao vivo, oferecido pela empresa ZENITE INFORMACAO E CONSULTORIA S/A, para atender a Prefeitura Municipal de Teixeira de Freitas/BA."
"1896";"5211";"3-IL-016-2023";"2523";"2523";"INEXIGIBILIDADE";"";"Homologado";"SECRETARIA_SEM_CORRESPONDENCIA";"A secretaria saneada n?o corresponde a nenhum cadastro interno.";"";"";"Empresa especializada em SOLUÇÕES DE TRÂNSITO, TRANSPORTE E MOBILIDADE URBANA, visando a prestação de serviços de assessoria técnica administrativa especializada em trânsito, para atender as necessidades da Secretaria Municipal de Segurança e Cidadania."
"1897";"5212";"3-IL-017-2023";"2618";"2618";"INEXIGIBILIDADE";"";"Homologado";"SECRETARIA_SEM_CORRESPONDENCIA";"A secretaria saneada n?o corresponde a nenhum cadastro interno.";"";"";"Solicita-se médico(a) Cirurgião Torácico e Cirurgião Geral pra o Hospital Municipal De Teixeira de Freitas (HMTF) conforme Processo Administrativo 2008/2021 - Empresa Credenciada: CLAF SERVIÇOS MÉDICOS S/C - CNPJ: 22.575.498/0001-53"
"1898";"5213";"3-IL-018-2023";"2566";"2566";"INEXIGIBILIDADE";"";"Homologado";"SECRETARIA_SEM_CORRESPONDENCIA";"A secretaria saneada n?o corresponde a nenhum cadastro interno.";"";"";"Empresa especializada em prestação de serviço de com ASSESSORIA/CONSULTORIA ESPECIALIZADA PARA QUALIFICAÇÃO DA GESTÃO DA ATENÇÃO BÁSICA, Secretaria Municipal de Saúde."
"1899";"5214";"3-IL-019-2023";"2585";"2585";"INEXIGIBILIDADE";"";"Homologado";"SECRETARIA_SEM_CORRESPONDENCIA";"A secretaria saneada n?o corresponde a nenhum cadastro interno.";"";"";"AQUISIÇÃO DE 04 PASSAGENS PASSAGENS RODOVIÁRIAS, SENDO 2 (DUAS) PARA O DIA 29/06/2023, COM SAÍDA DE TEIXEIRA DE FREITAS-BA E DESTINO A VITÓRIA-ES, E 2(DUAS) PARA O DIA 02/07/2023, COM SAÍDA DA CIDADE DE VITORIA- ES COM DESTINO A TEIXEIRA DE FREITAS-BA."
"1900";"5215";"3-IL-024-2023";"2618";"2618";"INEXIGIBILIDADE";"";"Homologado";"SECRETARIA_SEM_CORRESPONDENCIA";"A secretaria saneada n?o corresponde a nenhum cadastro interno.";"";"";"CONTRATAÇÃO DE EMPRESA ESPECIALIZADA PARA MINISTRAR CURSO DE CAPACITAÇÃO DOS SERVIDORES QUE ATUAM NO DEPARTAMENTO DE TECNOLOGIA DA INFORMAÇÃO."
"1901";"5216";"3-IL-026-2023";"2637";"2637";"INEXIGIBILIDADE";"";"Homologado";"SECRETARIA_SEM_CORRESPONDENCIA";"A secretaria saneada n?o corresponde a nenhum cadastro interno.";"";"";"Solicita-se médico(a) Pediatra para a Unidade Municipal Materno Infantil (UMMI), conforme Processo Administrativo 2008/2021 - Empresa Credenciada: NUCLEO DE ATENCAO PEDIATRICA SUL BAHIA LTDA, CNPJ: 10.747.125/0001-33"
"1902";"5217";"3-IL-027-2023";"2637";"2637";"INEXIGIBILIDADE";"";"Homologado";"SECRETARIA_SEM_CORRESPONDENCIA";"A secretaria saneada n?o corresponde a nenhum cadastro interno.";"";"";"Solicita-se médico(a) Pediatra para a Unidade Municipal Materno Infantil (UMMI), conforme Processo Administrativo 2008/2021 - Empresa Credenciada: NUCLEO DE ATENCAO PEDIATRICA SUL BAHIA LTDA, CNPJ: 10.747.125/0001-33"
"1903";"5218";"3-IL-028-2023";"2637";"2637";"INEXIGIBILIDADE";"";"Homologado";"SECRETARIA_SEM_CORRESPONDENCIA";"A secretaria saneada n?o corresponde a nenhum cadastro interno.";"";"";"Solicita-se médico(a) Anestesiologista para o Hospital Municipal de Teixeira de Freitas (HMTF), conforme Processo Administrativo 2008/2021 - Empresa Credenciada: GAB SERVICOS MEDICOS LTDA, CNPJ: 36.987.411/0001-60"
"1904";"5219";"3-IL-029-2023";"2637";"2637";"INEXIGIBILIDADE";"";"Homologado";"SECRETARIA_SEM_CORRESPONDENCIA";"A secretaria saneada n?o corresponde a nenhum cadastro interno.";"";"";"Solicita-se médico(a) Anestesiologista para o Hospital Municipal de Teixeira de Freitas (HMTF), conforme Processo Administrativo 2008/2021 - Empresa Credenciada: TEIXEIRA CORTELETTI SERVICOS MEDICOS S/S LTDA, CNPJ: 29.272.048/0001-30"
"1905";"5220";"3-IL-030-2023";"2637";"2637";"INEXIGIBILIDADE";"";"Homologado";"SECRETARIA_SEM_CORRESPONDENCIA";"A secretaria saneada n?o corresponde a nenhum cadastro interno.";"";"";"Solicita-se Empresa especializada em Radiologia para o Complexo Regulador, conforme Processo Administrativo 2008/2021 - Empresa Credenciada: CISP - CENTRO DE IMAGEM SAO PAULO LTDA, CNPJ: 08.835.264/0001-77"
"1906";"5221";"3-IL-031-2023";"2669";"2669";"INEXIGIBILIDADE";"";"Homologado";"SECRETARIA_SEM_CORRESPONDENCIA";"A secretaria saneada n?o corresponde a nenhum cadastro interno.";"";"";"Solicita-se médico Clinico Geral para o Hospital Municipal de Teixeira de Freitas (HMTF), conforme Processo Administrativo 2008/2021 Edital de Credenciamento 01/2021 - Empresa Credenciada: M1 SERVICOS MEDICOS LTDA, CNPJ: 35.854.911/0001-60"
"1907";"5222";"3-IL-032-2023";"2732";"2732";"INEXIGIBILIDADE";"";"Homologado";"SECRETARIA_SEM_CORRESPONDENCIA";"A secretaria saneada n?o corresponde a nenhum cadastro interno.";"";"";"Empresa especializada em CURSO DE CAPACITAÇÃO ""LEI PAULO GUSTAVO PARA MUNICÍPIOS: do acesso a execução dos recursos"". Orientações técnicas para o município realizar a implementação da Lei Paulo Gustavo (Lei Complementar 195/2022), com a finalidade de atender ao Departamento de Cultura de responsabilidade da Secretaria Municipal de Educação e Cultura."
"1908";"5223";"3-IL-033-2023";"2665";"2665";"INEXIGIBILIDADE";"";"Homologado";"SECRETARIA_SEM_CORRESPONDENCIA";"A secretaria saneada n?o corresponde a nenhum cadastro interno.";"";"";"Empresa especializada no fornecimento de peças e prestação de serviço de MANUTENÇÃO E ASSISTENCIA TÉCNICA EM EQUIPAMENTOS HOSPITALARES do HMTF, Secretaria Municipal de Saúde."
"1909";"5224";"3-IL-034-2023";"2665";"2665";"INEXIGIBILIDADE";"";"Homologado";"SECRETARIA_SEM_CORRESPONDENCIA";"A secretaria saneada n?o corresponde a nenhum cadastro interno.";"";"";"O presente contrato tem por objeto a contratação de empresa especializada na prestação de serviços de pesquisa e comparação de preços no sistema on line do BANCO DE PREÇOS com base nos preços praticados pela administração pública referente aos resultados de licitação adjudicados e homologados."
"1910";"5225";"3-IL-035-2023";"2665";"2665";"INEXIGIBILIDADE";"";"Homologado";"SECRETARIA_SEM_CORRESPONDENCIA";"A secretaria saneada n?o corresponde a nenhum cadastro interno.";"";"";"Médico Radiologista (Realização de laudos e Exames radiológicos) para o CENTRO DE TRATAMENTO ORTOPÉDICO - CTO."
"1911";"5226";"3-IL-036-2023";"2676";"2676";"INEXIGIBILIDADE";"";"Homologado";"SECRETARIA_SEM_CORRESPONDENCIA";"A secretaria saneada n?o corresponde a nenhum cadastro interno.";"";"";"Solicita-se médico(a) Clinico Geral para o CENTRO REGIONAL DE REFERÊNCIA SAÚDE DO TRABALHADOR (CEREST), conforme Edital 001/2021 Credenciamento Médico - Empresa Credenciada: G C SOUZA CLINICA MEDICA EIRELI, CNPJ: 30.410.803/0001-85"
"1912";"5227";"3-IL-037-2023";"2732";"2732";"INEXIGIBILIDADE";"";"Homologado";"SECRETARIA_SEM_CORRESPONDENCIA";"A secretaria saneada n?o corresponde a nenhum cadastro interno.";"";"";"Contratação de empresa para prestação de serviço de CONSULTORIA TÉCNICA/JURÍDICA E ESPECIALIZADA, na modalidade Contrato de Êxito (Art. 2º, III, da Instrução TCM n.º 01/2018), especificamente para propor ou acompanhar, mediante peticionamento, ação judicial ou procedimento administrativo que vise a suspensão da exigibilidade de contribuição social previdenciária incidente sobre a folha de pagamentos e/ou a restituição dos valores recolhidos indevidamente sobre estas no quinquênio anterior à contratação, a fim de atender as demandas do Município de Teixeira de Freitas."
"1913";"5228";"3-IL-038-2023";"2799";"2799";"INEXIGIBILIDADE";"";"Homologado";"SECRETARIA_SEM_CORRESPONDENCIA";"A secretaria saneada n?o corresponde a nenhum cadastro interno.";"";"";"Solicita-se Empresa Especializada em Exames de Imagem para o Complexo Regulador, conforme Processo Administrativo 2008/2021- Edital de credenciamento médico - Empresa Credenciada: GVA DIAGNOSTICO POR IMAGEM LTDA, CNPJ: 22.540.034/0001-01"
"1914";"5229";"3-IL-043-2023";"2712";"2712";"INEXIGIBILIDADE";"";"Homologado";"SECRETARIA_SEM_CORRESPONDENCIA";"A secretaria saneada n?o corresponde a nenhum cadastro interno.";"";"";"Solicita-se médico(a) Psiquiatra para o Complexo Regulador, conforme Processo Administrativo 2008/2021 - Empresa Credenciada: M1 SERVICOS MEDICOS LTDA, CNPJ: 35.854.911/0001-60"
"1915";"5230";"3-IL-046-2023";"2740";"2740";"INEXIGIBILIDADE";"";"Homologado";"SECRETARIA_SEM_CORRESPONDENCIA";"A secretaria saneada n?o corresponde a nenhum cadastro interno.";"";"";"Solicita-se médico Clinico Geral para a Unidade Municipal Materno Infantil (UMMI), conforme Processo Administrativo 2008/2021 - Empresa Credenciada: M1 SERVICOS MEDICOS LTDA, CNPJ: 35.854.911/0001-60"
"1916";"5231";"3-IL-047-2023";"2876";"2876";"INEXIGIBILIDADE";"";"Homologado";"SECRETARIA_SEM_CORRESPONDENCIA";"A secretaria saneada n?o corresponde a nenhum cadastro interno.";"";"";"Solicita-se médico Gastroenterologista para o Hospital Municipal de Teixeira de Freitas (HMTF), conforme Processo Administrativo 2008/2021 - Empresa Credenciada: SENSORIUM SERVICOS MEDICOS S/S LTDA, CNPJ: 07.409.677/0001-27"
"1917";"5232";"3-IL-048-2023";"2876";"2876";"INEXIGIBILIDADE";"";"Homologado";"SECRETARIA_SEM_CORRESPONDENCIA";"A secretaria saneada n?o corresponde a nenhum cadastro interno.";"";"";"Solicita-se médico(a) Ortopedista Plantonista para o Hospital Municipal de Teixeira de Freitas (HMTF), conforme Edital 001/2021 credenciamento medico -Empresa Credenciada: MEDICINA E ORTOPEDIA GARRIDO LTDA, CNPJ: 22.996.108/0001-19"
"1918";"5233";"3-IL-049-2023";"2740";"2740";"INEXIGIBILIDADE";"";"Homologado";"SECRETARIA_SEM_CORRESPONDENCIA";"A secretaria saneada n?o corresponde a nenhum cadastro interno.";"";"";"SHOW ARTÍSTICO DE OH POLÊMICO, para apresentação no dia 06 de maio de 2023 (sábado), na festa da cidade. em comemoração ao aniversário de 38 anos do município de Teixeira de Freitas."
"1919";"5234";"3-IL-052-2023";"2913";"2913";"INEXIGIBILIDADE";"";"Homologado";"SECRETARIA_SEM_CORRESPONDENCIA";"A secretaria saneada n?o corresponde a nenhum cadastro interno.";"";"";"SHOW ARTÍSTICO DA BANDA GUIG GHETTO, para apresentação no dia 06 de maio de 2023 (sábado), na festa da cidade. em comemoração ao aniversário de 38 anos do município de Teixeira de Freitas."
"1920";"5235";"3-IL-053-2023";"2781";"2781";"INEXIGIBILIDADE";"";"Homologado";"SECRETARIA_SEM_CORRESPONDENCIA";"A secretaria saneada n?o corresponde a nenhum cadastro interno.";"";"";"SHOW ARTÍSTICO DA BANDA PAGODARTE, para apresentação no dia 07 de maio de 2023 (domingo), na festa da cidade. em comemoração ao aniversário de 38 anos do município de Teixeira de Freitas."
"1921";"5236";"3-IL-054-2023";"2876";"2876";"INEXIGIBILIDADE";"";"Homologado";"SECRETARIA_SEM_CORRESPONDENCIA";"A secretaria saneada n?o corresponde a nenhum cadastro interno.";"";"";"SHOW ARTÍSTICO DO CANTOR LINCOLN, para apresentação no dia 07 de maio de 2023 (domingo), na festa da cidade. em comemoração ao aniversário de 38 anos do município de Teixeira de Freitas."
"1922";"5237";"3-IL-055-2023";"2876";"2876";"INEXIGIBILIDADE";"";"Homologado";"SECRETARIA_SEM_CORRESPONDENCIA";"A secretaria saneada n?o corresponde a nenhum cadastro interno.";"";"";"SHOW ARTÍSTICO DO CANTOR DIEGO FERNANDES, para apresentação no dia 08 de maio de 2023 (segunda-feira), na festa da cidade. em comemoração ao aniversário de 38 anos do município de Teixeira de Freitas."
"1923";"5238";"3-IL-057-2023";"2850";"2850";"INEXIGIBILIDADE";"";"Homologado";"SECRETARIA_SEM_CORRESPONDENCIA";"A secretaria saneada n?o corresponde a nenhum cadastro interno.";"";"";"SHOW ARTÍSTICO DO CANTOR DELINO MARÇAL, para apresentação no dia 08 de maio de 2023 (segunda-feira), na festa da cidade. em comemoração ao aniversário de 38 anos do município de Teixeira de Freitas."
"1924";"5239";"3-IL-058-2023";"2831";"2831";"INEXIGIBILIDADE";"";"Homologado";"SECRETARIA_SEM_CORRESPONDENCIA";"A secretaria saneada n?o corresponde a nenhum cadastro interno.";"";"";"Solicita-se médico(a) Oftalmologista para o Centro de Reabilitação (CER IV), conforme Processo Administrativo 2008/2021 - Empresa Credenciada: BRETAS E OLIVEIRA SERVICOS MEDICOS LTDA, CNPJ: 36.767.991/0001-80"
"1925";"5240";"3-IL-060-2023";"2817";"2817";"INEXIGIBILIDADE";"";"Homologado";"SECRETARIA_SEM_CORRESPONDENCIA";"A secretaria saneada n?o corresponde a nenhum cadastro interno.";"";"";"REFERENTE AQUISIÇÃO DE 4 (QUATRO) PASSAGEM RODOVIÁRIAS, PARA O VEREADOR BRUNO BARBOSA E SEU ASSESSOR POLÍTICO JAILSON SANTOS MATOS, SENDO 02 (DUAS), SAINDO DE TEIXEIRA DE FREITAS-BA COM DESTINO A CIDADE DE SALVADOR-BA, NO DIA 23 DE ABRIL DE 2023, E 02 (DUAS) PASSAGENS RODOVIÁRIAS DE VOLTA, PARTINDO DA CIDADE DE VITÓRIA-ES COM DESTINO A TEIXEIRA DE FREITAS-BA, PARA O DIA 28 DE ABRIL DE 2023."
"1926";"5241";"3-IL-064-2023";"2916";"2916";"INEXIGIBILIDADE";"";"Homologado";"SECRETARIA_SEM_CORRESPONDENCIA";"A secretaria saneada n?o corresponde a nenhum cadastro interno.";"";"";"Solicita-se médico(a) Autorizador para o Complexo Regulador de Teixeira de Freitas para atender as demandas da Secretaria de Saúde, conforme Edital 001/2021 - Credenciamento Médico - Empresa Credenciada: THAIS CARDOSO E CIA LTDA, CNPJ: 37.069.288/0001-60"
"1927";"5242";"3-IL-066-2023";"2976";"2976";"INEXIGIBILIDADE";"";"Homologado";"SECRETARIA_SEM_CORRESPONDENCIA";"A secretaria saneada n?o corresponde a nenhum cadastro interno.";"";"";"Solicita-se médico(a) Clínico Geral Plantonista para a Unidade de Pronto Atendimento (UPA), conforme Processo Administrativo 2008/2021 - Empresa Credenciada: L A NORONHA BARRETO LTDA, CNPJ: 44.498.620/0001-78"
"1928";"5243";"3-IL-069-2023";"2976";"2976";"INEXIGIBILIDADE";"";"Homologado";"SECRETARIA_SEM_CORRESPONDENCIA";"A secretaria saneada n?o corresponde a nenhum cadastro interno.";"";"";"Solicita-se médico(a) Otorrinolaringologista para o Hospital Municipal de Teixeira de Freitas, conforme Edital 001/2021 credenciamento medico - Empresa Credenciada: CLINICA OTORRINO G. O. LTDA, CNPJ: 04.944.440/0001-58"
"1929";"5244";"3-IL-070-2023";"2983";"2983";"INEXIGIBILIDADE";"";"Homologado";"SECRETARIA_SEM_CORRESPONDENCIA";"A secretaria saneada n?o corresponde a nenhum cadastro interno.";"";"";"Solicita-se médico(a) Ortopedista para o Hospital Municipal de Teixeira de Freitas (HMTF), conforme Edital 001/2021 credenciamento medico - Empresa Credenciada: MEDICINA E ORTOPEDIA GARRIDO LTDA, CNPJ: 22.996.108/0001-19"
"1930";"5245";"3-IL-071-2023";"2976";"2976";"INEXIGIBILIDADE";"";"Homologado";"SECRETARIA_SEM_CORRESPONDENCIA";"A secretaria saneada n?o corresponde a nenhum cadastro interno.";"";"";"Solicita-se médica(o) da Estratégia da Saúde da Família - 40 HORAS para a Unidade da ATENÇÃO BÁSICA, conforme Edital 001/2021 - Credenciamento Médico: DIAS E RIBEIRO LTDA, CNPJ: 36.417.981/0001-14"
"1931";"5246";"3-IL-076-2023";"3074";"3074";"INEXIGIBILIDADE";"";"Homologado";"SECRETARIA_SEM_CORRESPONDENCIA";"A secretaria saneada n?o corresponde a nenhum cadastro interno.";"";"";"Solicita-se a Transferência de Recursos para Entidade Sem Fins Lucrativos: LIGA DE FUTEBOL DE TEIXEIRA DE FREITAS, CNPJ: 15.028.400/0001-82, referente a Proposta Termo de Fomento, para realização do TORNEIO DO TRABALHADOR 1º DE MAIO MASCULINO E FEMININO - EDIÇÃO 2023."
"1932";"5247";"3-IL-077-2023";"3074";"3074";"INEXIGIBILIDADE";"";"Homologado";"SECRETARIA_SEM_CORRESPONDENCIA";"A secretaria saneada n?o corresponde a nenhum cadastro interno.";"";"";"REFERENTE AQUISIÇÃO DE PASSAGEM RODOVIÁRIA DE IDA E VOLTA, PARA 9 (NOVE) SERVIDORES DESTA CASA, EM VIAGEM A CIDADE DE SALVADOR - BA, SAINDO DE TEIXEIRA DE FREITAS - BA NO DIA 11/03/2023 COM RETORNO DIA 14/03/2023, PARA PARTICIPAREM DO CURSO PARA IMPLANTAÇÃO DA NOVA LEI DE LICITAÇÕES, LEI 14.133/21, NA CIDADE DE SALVADOR - BA."
"1933";"5248";"3-IL-079-2023";"3074";"3074";"INEXIGIBILIDADE";"";"Homologado";"SECRETARIA_SEM_CORRESPONDENCIA";"A secretaria saneada n?o corresponde a nenhum cadastro interno.";"";"";"Solicita-se médica(o) da Estratégia da Saúde da Família - 40 HORAS para a Unidade da ATENÇÃO BÁSICA, conforme Processo Administrativo 2008/2021 - Credenciamento Médico: J B S SERVICOS MEDICOS LTDA, CNPJ: 38.210.042/0001-20"
"1934";"5249";"3-IL-081-2023";"3111";"3111";"INEXIGIBILIDADE";"";"Homologado";"SECRETARIA_SEM_CORRESPONDENCIA";"A secretaria saneada n?o corresponde a nenhum cadastro interno.";"";"";"Solicita-se médico (a) Clínico Geral para o SAMU (SERVIÇO DE ATENDIMENTO MÓVEL DE URGÊNCIA), conforme processo administrativo 2008/2021.Empresa Credenciada: MASTER CARE SERVICOS MEDICOS LTDA, CNPJ: 44.042.346/0001-28"
"1935";"5250";"3-IL-083-2023";"3077";"3077";"INEXIGIBILIDADE";"";"Homologado";"SECRETARIA_SEM_CORRESPONDENCIA";"A secretaria saneada n?o corresponde a nenhum cadastro interno.";"";"";"Solicita-se médico(a) Clínico Geral Plantonista para a Unidade de Pronto Atendimento (UPA), conforme Processo Administrativo 2008/2021 - Empresa Credenciada: BARBOSA LIMA SERVICOS MEDICOS LTDA, CNPJ: 47.186.967/0001-73"
"1936";"5251";"3-IL-084-2023";"3077";"3077";"INEXIGIBILIDADE";"";"Homologado";"SECRETARIA_SEM_CORRESPONDENCIA";"A secretaria saneada n?o corresponde a nenhum cadastro interno.";"";"";"Solicita-se médico(a) Clínico Geral Plantonista para a Unidade de Pronto Atendimento (UPA), conforme Processo Administrativo 2008/2021 - Empresa Credenciada: MASTER CARE SERVICOS MEDICOS LTDA, CNPJ: 44.042.346/0001-28"
"1937";"5252";"3-IL-085-2023";"3111";"3111";"INEXIGIBILIDADE";"";"Homologado";"SECRETARIA_SEM_CORRESPONDENCIA";"A secretaria saneada n?o corresponde a nenhum cadastro interno.";"";"";"Solicita-se Empresa Especializada em Serviços Odontológicos para o Hospital Municipal de Teixeira de Freitas (HMTF), conforme Processo Administrativo 2008/2021 - Empresa Credenciada: MRB SERVICOS ODONTOLOGICOS LTDA, CNPJ: 43.426.560/0001-15"
"1938";"5253";"3-IL-086-2023";"3081";"3081";"INEXIGIBILIDADE";"";"Homologado";"SECRETARIA_SEM_CORRESPONDENCIA";"A secretaria saneada n?o corresponde a nenhum cadastro interno.";"";"";"Médico(a) Ginecologista e Obstetra para a Unidade Municipal Materno Infantil (UMMI), para atender as demandas da Secretaria de Saúde. Favorecido: NAM – SERVICOS MEDICOS, CNPJ: 19.846.168/0001-40"
"1939";"5254";"3-IL-087-2023";"3143";"3143";"INEXIGIBILIDADE";"";"Homologado";"SECRETARIA_SEM_CORRESPONDENCIA";"A secretaria saneada n?o corresponde a nenhum cadastro interno.";"";"";"Empresa Especializada em EXAMES LABORATORIAIS DE ANATOMIA E PATOLOGIA para o Hospital Municipal de Teixeira de Freitas (HMTF), para atender as demandas da Secretaria de Saúde. LABCEL – LABORATORIO DE ANATOMIA PATOLOGICA E CITOPATOLOGICA LTDA, CNPJ: 08.151.379/0001-42"
"1940";"5255";"3-IL-088-2023";"3143";"3143";"INEXIGIBILIDADE";"";"Homologado";"SECRETARIA_SEM_CORRESPONDENCIA";"A secretaria saneada n?o corresponde a nenhum cadastro interno.";"";"";"CONTRATAÇÃO DE EMPRESA ESPECIALIZADA PARA PRESTAR SERVIÇO DE SUPORTE TÉCNICO E ATUALIZAÇÃO DO SOFTWARE DE AUTOMAÇÃO DA RÁDIO - PLAYLIST PAS PACK, INSTALADO NA RÁDIO CÂMARA 90,9 FM DE TEIXEIRA DE FREITAS BA, ATÉ 31 DE DEZEMBRO DE 2023."
"1941";"5256";"3-IL-093-2023";"3530";"3530";"INEXIGIBILIDADE";"";"Homologado";"SECRETARIA_SEM_CORRESPONDENCIA";"A secretaria saneada n?o corresponde a nenhum cadastro interno.";"";"";"Solicita-se médica(o) da Estratégia da Saúde da Família - 40 HORAS para a Unidade da ATENÇÃO BÁSICA, conforme Processo Administrativo 2008/2021 - Credenciamento Médico: ALVILASBOAS SERVICOS MEDICOS LTDA, CNPJ: 46.539.970/0001-60"
"1942";"5266";"3-IL-112-2023";"3530";"3530";"INEXIGIBILIDADE";"";"Homologado";"SECRETARIA_SEM_CORRESPONDENCIA";"A secretaria saneada n?o corresponde a nenhum cadastro interno.";"";"";"Solicito a contratação de profissional médico ROSICARLA ASSISTENCIAL EM SAUDE LTDA EPP Da empresa ARANDU ASSISTENCIA EM SAÚDE LTDA EPP, para a prestação de serviços médicos especializados junto à unidade de saúde geridos pela Secretaria Municipal de Saúde deste Município: Unidade HOSPITAL MUNICIPAL DE TEIXEIRA DE FREITAS (HMTF) conforme edital de credenciamento médico 01/2021, pelo período de 12 meses."
"1943";"5267";"3-IL-113-2023";"3593";"3593";"INEXIGIBILIDADE";"";"Homologado";"SECRETARIA_SEM_CORRESPONDENCIA";"A secretaria saneada n?o corresponde a nenhum cadastro interno.";"";"";"Solicita-se médico(a) Clinico Geral Plantonista para para o SAMU (SERVIÇO DE ATENDIMENTO MÓVEL DE URGÊNCIA), conforme Processo Administrativo 2008/2021 - Empresa Credenciada: ALLIANCE MED - SERVICOS MEDICOS LTDA - CNPJ: 40.814.666/0001-06"
"1944";"5268";"3-IL-114-2023";"3593";"3593";"INEXIGIBILIDADE";"";"Homologado";"SECRETARIA_SEM_CORRESPONDENCIA";"A secretaria saneada n?o corresponde a nenhum cadastro interno.";"";"";"Solicito a contratação de profissional médico TBL SERVMED LTDA (THAIS LEITE), para a prestação de serviços médicos clínico geral junto às unidades de saúde geridas pela Secretaria Municipal de Saúde deste Município: Unidade Municipal Materno Infantil (UMMI) conforme edital de credenciamento médico 01/2021 FMS, pelo período de 12 meses."
"1945";"5269";"3-IL-116-2023";"3593";"3593";"INEXIGIBILIDADE";"";"Homologado";"SECRETARIA_SEM_CORRESPONDENCIA";"A secretaria saneada n?o corresponde a nenhum cadastro interno.";"";"";"Solicita-se médico(a) Clinico Geral Plantonista para a Unidade de Pronto Atendimento (UPA), conforme Processo Administrativo 2008/2021 - Empresa Credenciada: TBL SERVMED LTDA, CNPJ: 48.540.631/0001-20"
"1946";"5270";"3-IL-117-2023";"3593";"3593";"INEXIGIBILIDADE";"";"Homologado";"SECRETARIA_SEM_CORRESPONDENCIA";"A secretaria saneada n?o corresponde a nenhum cadastro interno.";"";"";"Solicita-se médico(a) Clinico Geral Plantonista para a Unidade de Pronto Atendimento (UPA), conforme Processo Administrativo 2008/2021 - Empresa Credenciada: FILIPE CALAIS SAUDE LTDA, CNPJ: 48.353.750/0001-73"
"1947";"5271";"3-IL-118-2023";"3728";"3728";"INEXIGIBILIDADE";"";"Homologado";"SECRETARIA_SEM_CORRESPONDENCIA";"A secretaria saneada n?o corresponde a nenhum cadastro interno.";"";"";"Solicita-se médico(a) Clinico Geral Plantonista para a Unidade de Pronto Atendimento (UPA), conforme Processo Administrativo 2008/2021 - Empresa Credenciada: PIANTE E GAVASSONI SERVICOS MEDICOS LTDA, CNPJ: 48.511.716/0001-80"
"1948";"5272";"4-IL-050-2023";"3206";"3206";"INEXIGIBILIDADE";"";"Homologado";"SECRETARIA_SEM_CORRESPONDENCIA";"A secretaria saneada n?o corresponde a nenhum cadastro interno.";"";"";"Solicito a contratação de profissional médico RONALD LUIZ SANTOS BARROS, da empresa RB SERVICOS ODONTOLOGICOS LTDA CNPJ 48.476.455/0001-04, para a prestação de serviços médicos especializados junto à unidade de saúde geridos pela Secretaria Municipal de Saúde deste Município: Unidade HOSPITAL MUNICIPAL DE TEIXEIRA DE FREITAS (HMTF) conforme edital de credenciamento médico 01/2021, pelo período de 12 meses."
"1949";"5273";"4-IL-059-2023";"2843";"2843";"INEXIGIBILIDADE";"";"Homologado";"SECRETARIA_SEM_CORRESPONDENCIA";"A secretaria saneada n?o corresponde a nenhum cadastro interno.";"";"";"CONTRATAÇÃO DE SERVIÇOS TÉCNICOS ESPECIALIZADOS DE CONTABILIDADE E ORÇAMENTO PÚBLICO PARA O EXERCÍCIO DE 2023, com o fornecimento de softwares de RH Folha de pagamento e Patrimônio à Câmara Municipal, confeccionando toda documentação pertinente a contabilidade, inclusive relatórios e anexos exigidos pela Lei de Responsabilidade Fiscal (Lei 101/2000) e pelo Tribunal de Contas dos Municípios do Estado da Bahia, bem como o acompanhamento do envio dos arquivos ao SIGA/FAROL e ao E-TCM, envio das declarações do SICONFI, DCTF e EFD-REINF, Implantação e acompanhamento do SIAFIC - Sistema Único e Integrado de Execução Orçamentária, Administração Financeira e Controle, Elaboração de estudo da estimativa de impacto financeiro e orçamentário para os projetos de Leis, responder todas as notificações expedidas pelo TCM sobre as prestações de contas da Câmara Municipal e assessorar a Mesa Diretora no que couber, referente à contabilidade."
"1954";"5278";"PE-XXX-2024";"1255/2024";"41977/2024";"PREGÃO";"SECRETARIA DE SAÚDE";"Devolvido à origem";"DUPLICIDADE_PROCESSO_INTERNO";"J? existe processo interno com o mesmo administrativo ou edital (0066/2024 / LEGADO).";"0066/2024";"LEGADO";"FORNECIMENTO E PRESTAÇÃO DE SERVIÇO DE INSTALAÇÃO DE CHAPAS DE POLICARBONATO ALVEOLAR, PARA AS UBS, A FIM DE ATENDER AS DEMANDAS DA SEC. MUN. DE SAÚDE"
"1971";"5297";"PE-095-2024";"951/2024";"34266/2024";"PREGÃO";"SECRETARIA DE SAÚDE";"Homologado";"DUPLICIDADE_PROCESSO_INTERNO";"J? existe processo interno com o mesmo administrativo ou edital (0232/2024 / LEGADO).";"0232/2024";"LEGADO";"SRP - FORNECIMENTO DE SERINGAS, AGULHAS E INSUMOS HOSPITALARES, A FIM DE ATENDER AS DEMANDAS DA SEC. MUN DE SAÚDE"
"1980";"5308";"PE-XXX-2024";"1218/2024";"40518/2024";"PREGÃO";"SECRETARIA DE SAÚDE";"Devolvido à origem";"DUPLICIDADE_PROCESSO_INTERNO";"J? existe processo interno com o mesmo administrativo ou edital (0066/2024 / LEGADO).";"0066/2024";"LEGADO";"AQUISIÇÃO DE ELEVADOR MACA HOSPITALAR COM SERVIÇO DE INSTALAÇÃO, PARA O NOVO PRÉDIO DA UMMI (HMSF)"
"1982";"5310";"PE-XXX-2024";"971/2024";"44084/2024";"PREGÃO";"SECRETARIA DE ADMINISTRAÇÃO";"Devolvido à origem";"DUPLICIDADE_PROCESSO_INTERNO";"J? existe processo interno com o mesmo administrativo ou edital (0066/2024 / LEGADO).";"0066/2024";"LEGADO";"PRESTAÇÃO DE SERVIÇO DE TELEFONIA REDE VOIP COM LOCAÇÃO DE EQUIPAMENTOS (APARELHOS), A FIM DE ATENDER AS DEMANDAS DA SEC. MUN. DE ADMINISTRAÇÃO"
"1987";"5316";"PE-XXX-2024";"1257/2024";"42576/2024";"PREGÃO";"SECRETARIA DE ADMINISTRAÇÃO";"Devolvido à origem";"DUPLICIDADE_PROCESSO_INTERNO";"J? existe processo interno com o mesmo administrativo ou edital (0077/2025 / LEGADO).";"0077/2025";"LEGADO";"FORNECIMENTO DE BALANÇA DIGITAL, CARRINHOS DE CARGA, CONTETORES E PALETERIA, A FIM DE ATENDER AS DEMANDAS DA SEC. MUN. DE ADMINISTRAÇÃO, EDUCAÇÃO E PROMOÇÃO SOCIAL E CULTURA"
"1988";"5317";"PE-XXX-2024";"1311/2024";"44144/2024";"PREGÃO";"SECRETARIA DE SAÚDE";"Devolvido à origem";"DUPLICIDADE_PROCESSO_INTERNO";"J? existe processo interno com o mesmo administrativo ou edital (0066/2024 / LEGADO).";"0066/2024";"LEGADO";"FORNECIMENTO DE SOROS, FLUÍDOS E DILUENTES II, A FIM DE ATENDER AS DEMANDAS DA SEC. MUN. DE SAÚDE"
"1989";"5318";"PE-XXX-2024";"1254/2024";"43051/2024";"PREGÃO";"SECRETARIA DE ADMINISTRAÇÃO";"Devolvido à origem";"DUPLICIDADE_PROCESSO_INTERNO";"J? existe processo interno com o mesmo administrativo ou edital (0078/2025 / LEGADO).";"0078/2025";"LEGADO";"FORNECIMENTO DE EXTINTORES DE INCÊNDIO, RECARGA COM MANUTENÇÃO E SUPORTE, A FIM DE ATENDER AS DEMANDAS DA SEC. MIUN. DE ADMINISTRAÇÃO E DEMAIS SECRETARIAS."
"2080";"5412";"2-DLE-XXX-2024";"1315/2024";"44444/2024";"DISPENSA";"SECRETARIA DE ADMINISTRAÇÃO";"Aguardando Autorização";"DUPLICIDADE_PROCESSO_INTERNO";"J? existe processo interno com o mesmo administrativo ou edital (0391/2024 / LEGADO).";"0391/2024";"LEGADO";"FORNECIMENTO DE UNIFORMES E VESTUÁRIOS, A FIM DE ATENDER AS DEMANDAS DA SEC. MUN. DE ADMINISTRAÇÃO E DEMAIS SECRETARIAS"
"2081";"5413";"2-DLE-XXX-2024";"1324/2024";"44858/2024";"DISPENSA";"SECRETARIA DE ADMINISTRAÇÃO";"Em Andamento";"DUPLICIDADE_PROCESSO_INTERNO";"J? existe processo interno com o mesmo administrativo ou edital (0391/2024 / LEGADO).";"0391/2024";"LEGADO";"FORNECIMENTO DE REGULADORES DE CILINDRO DE GÁS PARA BOTIJÕES DE 45KG, A FIM DE ATENDER AS DEMANDAS DA SEC. MUN. DE ADMINISTRAÇÃO E DEMAIS SECRETARIAS."
"2092";"5424";"3-IL-131-2024";"1212/2024";"";"INEXIGIBILIDADE";"SECRETARIA DE SAÚDE";"Arquivado";"OBJETO_INCOMPLETO";"O objeto saneado ainda est? incompleto para importa??o.";"";"";""
"2096";"5428";"2-DLE-055-2024";"1031/2024";"";"DISPENSA";"";"Homologado";"SECRETARIA_SEM_CORRESPONDENCIA";"A secretaria saneada n?o corresponde a nenhum cadastro interno.";"";"";"Contratação de empresa especializada para o fornecimento de EMBARCADOR DE GADO MÓVEL (material permanente), cuja especificações técnicas, condições e exigências serão estabelecidas neste instrumento, para atender a Secretaria Municipal De Agricultura, Pecuária E Abastecimento."
"2149";"5492";"4-DLE-083-2024";"1484/2024";"55585/2024";"DISPENSA";"SECRETARIA DE EDUCAÇÃO";"ARQUIVADO";"DUPLICIDADE_PROCESSO_INTERNO";"J? existe processo interno com o mesmo administrativo ou edital (0441/2024 / LEGADO).";"0441/2024";"LEGADO";"CAMISAS PERSONALIZADAS"
"2154";"5498";"PE-003-2025";"1325/2024";"56917/2024";"PREGÃO";"SECRETARIA DE SAÚDE";"Homologado";"DUPLICIDADE_PROCESSO_INTERNO";"J? existe processo interno com o mesmo administrativo ou edital (0396/2024 / LEGADO).";"0396/2024";"LEGADO";"PRESTAÇÃO DE SERVIÇOS DE LOCAÇÃO DE VEÍCULOS DO TIPO AMBULÂNCIA, A FIM DE ATENDER AS DEMANDAS DA SEC. MUN. DE SAÚDE"
"2155";"5499";"PE-021-2025";"123/2025";"PMTF/PR/3639/2025";"PREGÃO";"SECRETARIA DE ESPORTE E LAZER";"Homologado";"DUPLICIDADE_PROCESSO_INTERNO";"J? existe processo interno com o mesmo administrativo ou edital (0053/2026 / MANUAL).";"0053/2026";"MANUAL";"[SRP] - INSTALAÇÃO COM FORNECIMENTO DE EQUIPAMENTOS PARA ACADEMIA AO AR LIVRE EM AÇO INOX, A FIM DE ATENDER AS DEMANDAS DA SEC. MUN. DE ESPORTE E LAZER"
"2159";"5504";"4-DLE-006-2025";"1323/2024";"49780/2024";"DISPENSA";"SECRETARIA DE EDUCAÇÃO";"ADJUDICADO";"DUPLICIDADE_PROCESSO_INTERNO";"J? existe processo interno com o mesmo administrativo ou edital (0001/2024 / MANUAL).";"0001/2024";"MANUAL";"FORNECIMENTO DE LIXEIRAS E CARROS COLETORES DE LIXO, VIA TERMOS DE COMPROMISSOS [PAR 201403172 E 202300217], A FIM DE ATENDER AS DEMANDAS DA SEC. MUN. DE EDUCAÇÃO"
"2178";"5525";"4-IL-245-2025";"5547";"";"INEXIGIBILIDADE";"SECRETARIA DE EDUCAÇÃO";"Homologado";"DUPLICIDADE_PROCESSO_INTERNO";"J? existe processo interno com o mesmo administrativo ou edital (0111/2025 / LEGADO).";"0111/2025";"LEGADO";"Aquisição de gêneros alimentícios produzidos pela agricultura familiar por meio do Programa Nacional de Alimentação Escolar (PNAE), a fim de atender as demandas da Secretaria Municipal de Educação."
"2179";"5526";"4-IL-246-2025";"5547";"";"INEXIGIBILIDADE";"SECRETARIA DE EDUCAÇÃO";"Homologado";"DUPLICIDADE_PROCESSO_INTERNO";"J? existe processo interno com o mesmo administrativo ou edital (0111/2025 / LEGADO).";"0111/2025";"LEGADO";"Aquisição de gêneros alimentícios produzidos pela agricultura familiar por meio do Programa Nacional de Alimentação Escolar (PNAE), a fim de atender as demandas da Secretaria Municipal de Educação."
"2180";"5527";"4-IL-247-2025";"5547";"";"INEXIGIBILIDADE";"SECRETARIA DE EDUCAÇÃO";"Homologado";"DUPLICIDADE_PROCESSO_INTERNO";"J? existe processo interno com o mesmo administrativo ou edital (0111/2025 / LEGADO).";"0111/2025";"LEGADO";"Aquisição de gêneros alimentícios produzidos pela agricultura familiar por meio do Programa Nacional de Alimentação Escolar (PNAE), a fim de atender as demandas da Secretaria Municipal de Educação."
"2181";"5528";"4-IL-248-2025";"5547";"";"INEXIGIBILIDADE";"SECRETARIA DE EDUCAÇÃO";"Homologado";"DUPLICIDADE_PROCESSO_INTERNO";"J? existe processo interno com o mesmo administrativo ou edital (0111/2025 / LEGADO).";"0111/2025";"LEGADO";"Aquisição de gêneros alimentícios produzidos pela agricultura familiar por meio do Programa Nacional de Alimentação Escolar (PNAE), a fim de atender as demandas da Secretaria Municipal de Educação."
"2182";"5529";"4-IL-249-2025";"5547";"";"INEXIGIBILIDADE";"SECRETARIA DE EDUCAÇÃO";"Homologado";"DUPLICIDADE_PROCESSO_INTERNO";"J? existe processo interno com o mesmo administrativo ou edital (0111/2025 / LEGADO).";"0111/2025";"LEGADO";"Aquisição de gêneros alimentícios produzidos pela agricultura familiar por meio do Programa Nacional de Alimentação Escolar (PNAE), a fim de atender as demandas da Secretaria Municipal de Educação."
"2183";"5530";"4-IL-250-2025";"5547";"";"INEXIGIBILIDADE";"SECRETARIA DE EDUCAÇÃO";"Homologado";"DUPLICIDADE_PROCESSO_INTERNO";"J? existe processo interno com o mesmo administrativo ou edital (0111/2025 / LEGADO).";"0111/2025";"LEGADO";"Aquisição de gêneros alimentícios produzidos pela agricultura familiar por meio do Programa Nacional de Alimentação Escolar (PNAE), a fim de atender as demandas da Secretaria Municipal de Educação."
"2189";"5536";"3-IL-239-2025";"5528";"";"INEXIGIBILIDADE";"SECRETARIA DE SAÚDE";"Homologado";"DUPLICIDADE_PROCESSO_INTERNO";"J? existe processo interno com o mesmo administrativo ou edital (0116/2025 / LEGADO).";"0116/2025";"LEGADO";"Contratação de profissional médico RIO MEDICINA ASSISTENCIAL E DO TRABALHO (JOSÉ FREDERICO BAYLÃO NETO), para a prestação de serviços médicos especializados junto às unidades de saúde geridas pela Secretaria Municipal de Saúde deste Município: Hospital M"
"2191";"5538";"3-IL-236-2025";"5523";"";"INEXIGIBILIDADE";"SECRETARIA DE SAÚDE";"Homologado";"DUPLICIDADE_PROCESSO_INTERNO";"J? existe processo interno com o mesmo administrativo ou edital (0117/2025 / LEGADO).";"0117/2025";"LEGADO";"Contratação da empresa PAULO ARNON BREMER SOARES LTDA, CNPJ: 29.441.006/0001-86, representada pelo médico PAULO ARNON BREMER SOARES para a prestação de serviços médicos especializados destinados ao HMTF (HOSPITAL MUNCIPAL DE TEIXEIRA DE FREITAS) conform"
"2192";"5539";"3-IL-235-2025";"5523";"";"INEXIGIBILIDADE";"SECRETARIA DE SAÚDE";"Homologado";"DUPLICIDADE_PROCESSO_INTERNO";"J? existe processo interno com o mesmo administrativo ou edital (0117/2025 / LEGADO).";"0117/2025";"LEGADO";"Contratação da empresa ANDRADE DOS ANJOS LTDA, CNPJ: 41.997.011/0001-75, representada pelo médico DANIEL ALVES ANDRADE DOS ANJOS para a prestação de serviços médicos especializados destinados ao HMTF (HOSPITAL MUNCIPAL DE TEIXEIRA DE FREITAS) conforme e"
"2194";"5541";"3-IL-234-2025";"5522";"";"INEXIGIBILIDADE";"SECRETARIA DE SAÚDE";"Homologado";"DUPLICIDADE_PROCESSO_INTERNO";"J? existe processo interno com o mesmo administrativo ou edital (0118/2025 / LEGADO).";"0118/2025";"LEGADO";"Contratação de profissional médico CLINICA OTORRINO (JOSE AFONSO), para a prestação de serviços médicos especializados junto às unidades de saúde geridas pela Secretaria Municipal de Saúde deste Município: Hospital Municipal Sagrada Família (HMSF) confor"
"2208";"5555";"3-IL-166-2025";"5506";"";"INEXIGIBILIDADE";"SECRETARIA DE SAÚDE";"Homologado";"DUPLICIDADE_PROCESSO_INTERNO";"J? existe processo interno com o mesmo administrativo ou edital (0131/2025 / LEGADO).";"0131/2025";"LEGADO";"Contratação da empresa JH SERVIÇOS MÉDICOS LTDA, CNPJ: 10.623.281/0001-92, representada pelo médico JORGE CLEBER GONÇALVES LOPES para a prestação de serviços médicos especializados destinados ao HMTF (HOSPITAL MUNCIPAL DE TEIXEIRA DE FREITAS) conforme"
"2209";"5556";"3-IL-158-2025";"5506";"";"INEXIGIBILIDADE";"SECRETARIA DE SAÚDE";"Homologado";"DUPLICIDADE_PROCESSO_INTERNO";"J? existe processo interno com o mesmo administrativo ou edital (0131/2025 / LEGADO).";"0131/2025";"LEGADO";"Contratação da empresa SENSORIUM SERVIÇOS MÉDICOS LTDA, CNPJ: 07.409.677/0001-27, representada pelo médico WALDIR FERRETI JUNIOR para a prestação de serviços médicos especializados destinados ao HMTF (HOSPITAL MUNCIPAL DE TEIXEIRA DE FREITAS) conforme e"
"2211";"5558";"3-IL-213-2025";"5500";"";"INEXIGIBILIDADE";"SECRETARIA DE SAÚDE";"Homologado";"DUPLICIDADE_PROCESSO_INTERNO";"J? existe processo interno com o mesmo administrativo ou edital (0132/2025 / LEGADO).";"0132/2025";"LEGADO";"Contratação da empresa, AVILA OLIVEIRA SERVICOS MEDICOS - LTDA - CNPJ 57.325.616/0001-50, do profissional médico LUIZ DANIEL SILVA DE OLIVEIRA, para a prestação de serviços médicos especializados destinados ao SAMU 192(SERVIÇO DE ATENDIMENTO MÓVEL DE UR"
"2212";"5559";"3-IL-214-2025";"5500";"";"INEXIGIBILIDADE";"SECRETARIA DE SAÚDE";"Homologado";"DUPLICIDADE_PROCESSO_INTERNO";"J? existe processo interno com o mesmo administrativo ou edital (0132/2025 / LEGADO).";"0132/2025";"LEGADO";"Contratação da empresa, GAVA SERVICO MEDICO LTDA - CNPJ 54.352.253/0001-53, do profissional médico BELMIRO CLAUDIO GAVA BASSO, para a prestação de serviços médicos especializados destinados ao SAMU 192(SERVIÇO DE ATENDIMENTO MÓVEL DE URGÊNCIA) conforme"
"2213";"5560";"3-IL-215-2025";"5500";"";"INEXIGIBILIDADE";"SECRETARIA DE SAÚDE";"Homologado";"DUPLICIDADE_PROCESSO_INTERNO";"J? existe processo interno com o mesmo administrativo ou edital (0132/2025 / LEGADO).";"0132/2025";"LEGADO";"Contratação da empresa, ANDRADE DOS ANJOS LTDA - CNPJ 41.997.011/0001-75, do profissional médico DANIEL ALVES ANDRADE DOS ANJOS para a prestação de serviços médicos especializados destinados ao SAMU 192(SERVIÇO DE ATENDIMENTO MÓVEL DE URGÊNCIA) conforme"
"2214";"5561";"3-IL-216-2025";"5500";"";"INEXIGIBILIDADE";"SECRETARIA DE SAÚDE";"Homologado";"DUPLICIDADE_PROCESSO_INTERNO";"J? existe processo interno com o mesmo administrativo ou edital (0132/2025 / LEGADO).";"0132/2025";"LEGADO";"Contratação da empresa, JULIVAL JOSE FONSECA MARINHO JUNIOR LTDA - CNPJ 57.114.120/0001-37, do profissional médico JULIVAL JOSE FONSECA MARINHO, para a prestação de serviços médicos especializados destinados ao SAMU (SERVIÇO DE ATENDIMENTO MÓVEL DE URGÊ"
"2215";"5562";"3-IL-221-2025";"5500";"";"INEXIGIBILIDADE";"SECRETARIA DE SAÚDE";"Homologado";"DUPLICIDADE_PROCESSO_INTERNO";"J? existe processo interno com o mesmo administrativo ou edital (0132/2025 / LEGADO).";"0132/2025";"LEGADO";"Contratação da empresa CLINICA DE OLHOS SÃO MATEUS LTDA, CNPJ: 34.240.796/0001-71, CNPJ: 27.051.375/0001-37 representada pelo médico Michelle Andrade Borges para a prestação de serviços médicos especializados destinados a UPA 24H (UNIDADE DE PRONTO ATEN"
"2217";"5564";"3-IL-219-2025";"5500";"";"INEXIGIBILIDADE";"SECRETARIA DE SAÚDE";"Homologado";"DUPLICIDADE_PROCESSO_INTERNO";"J? existe processo interno com o mesmo administrativo ou edital (0132/2025 / LEGADO).";"0132/2025";"LEGADO";"Contratação da empresa RSM ABK SERVICOS MEDICOS LTDA, CNPJ: 39.549.328/0001-05, CNPJ: 27.051.375/0001-37 representada pelo médico CARLOS ALBERTO DE OLIVEIRA FILHO para a prestação de serviços médicos especializados destinados a UPA 24H (UNIDADE DE PRONTO"
"2218";"5565";"3-IL-220-2025";"5500";"";"INEXIGIBILIDADE";"SECRETARIA DE SAÚDE";"Homologado";"DUPLICIDADE_PROCESSO_INTERNO";"J? existe processo interno com o mesmo administrativo ou edital (0132/2025 / LEGADO).";"0132/2025";"LEGADO";"Contratação da empresa DALLORTO SERVICOS MEDICOS LTDA, CNPJ: 41.060.489/0001-74 representado pelo médico Gabriella Oliveira Sales DallOrto para a prestação de serviços médicos especializados destinados a UPA 24H (UNIDADE DE PRONTO ATENDIMENTO) conforme e"
"2219";"5566";"3-IL-224-2025";"5502";"";"INEXIGIBILIDADE";"SECRETARIA DE SAÚDE";"Homologado";"DUPLICIDADE_PROCESSO_INTERNO";"J? existe processo interno com o mesmo administrativo ou edital (0133/2025 / LEGADO).";"0133/2025";"LEGADO";"Contratação da empresa LGL BARBOSA MEDICINA LTDA, CNPJ: 40.340.299/0001-48, representada pela médica LORENA BARBOSA BISPO para a prestação de serviços médicos especializados destinados a UPA 24H (UNIDADE DE PRONTO ATENDIMENTO) conforme edital de credenc"
"2223";"5570";"3-IL-191-2025";"5493";"";"INEXIGIBILIDADE";"SECRETARIA DE SAÚDE";"Homologado";"DUPLICIDADE_PROCESSO_INTERNO";"J? existe processo interno com o mesmo administrativo ou edital (0136/2025 / LEGADO).";"0136/2025";"LEGADO";"ASSUNTO / OBJETO SOLICITADO: Teixeira de Freitas BA , 16/01/2025 Contratação de profissional médico DRA THIFFANY ALMEIDA SERVIÇOS MEDICOS LTDA (THIFFANY ARAUJO ALMEIDA) para a prestação de serviços médicos especializados junto às unidades de saú"
"2224";"5571";"3-IL-192-2025";"5493";"";"INEXIGIBILIDADE";"SECRETARIA DE SAÚDE";"Homologado";"DUPLICIDADE_PROCESSO_INTERNO";"J? existe processo interno com o mesmo administrativo ou edital (0136/2025 / LEGADO).";"0136/2025";"LEGADO";"Contratação de profissional médico EXTREMO SUL SERVIÇOS DE SAÚDE DE GESTÃO LTDA (ODILEUZA ALVES GOMES) para a prestação de serviços médicos especializados junto às unidades de saúde geridas pela Secretaria Municipal de Saúde deste Município: Atenção Bás"
"2225";"5572";"3-IL-193-2025";"5493";"";"INEXIGIBILIDADE";"SECRETARIA DE SAÚDE";"Homologado";"DUPLICIDADE_PROCESSO_INTERNO";"J? existe processo interno com o mesmo administrativo ou edital (0136/2025 / LEGADO).";"0136/2025";"LEGADO";"Contratação de profissional médico JBS SERVIÇOS MEDICOS LTDA (JULIANA BASSINI SPEROTO) para a prestação de serviços médicos especializados junto às unidades de saúde geridas pela Secretaria Municipal de Saúde deste Município: Atenção Básica pelo períod"
"2226";"5573";"3-IL-194-2025";"5493";"";"INEXIGIBILIDADE";"SECRETARIA DE SAÚDE";"Homologado";"DUPLICIDADE_PROCESSO_INTERNO";"J? existe processo interno com o mesmo administrativo ou edital (0136/2025 / LEGADO).";"0136/2025";"LEGADO";"Contratação de profissional médico JULIVAL JOSE EONSECA JUNIOR LTDA (JULIVAL JOSE FONSECA MARINHO JUNIOR) para a prestação de serviços médicos especializados junto às unidades de saúde geridas pela Secretaria Municipal de Saúde deste Município: Atenção"
"2227";"5574";"3-IL-195-2025";"5493";"";"INEXIGIBILIDADE";"SECRETARIA DE SAÚDE";"Homologado";"DUPLICIDADE_PROCESSO_INTERNO";"J? existe processo interno com o mesmo administrativo ou edital (0136/2025 / LEGADO).";"0136/2025";"LEGADO";"Contratação de profissional médico MEDCARE ASSISTENCIA MEDICA E SERVIÇOS LTDA (LETICIA LUZ MILANESE) para a prestação de serviços médicos especializados junto às unidades de saúde geridas pela Secretaria Municipal de Saúde deste Município: Atenção Bási"
"2228";"5575";"3-IL-196-2025";"5493";"";"INEXIGIBILIDADE";"SECRETARIA DE SAÚDE";"Homologado";"DUPLICIDADE_PROCESSO_INTERNO";"J? existe processo interno com o mesmo administrativo ou edital (0136/2025 / LEGADO).";"0136/2025";"LEGADO";"Contratação de profissional médico NUNES E FRANCO SERVIÇOS MEDICO (JEFERSON NUNES FERRI) para a prestação de serviços médicos especializados junto às unidades de saúde geridas pela Secretaria Municipal de Saúde deste Município: Atenção Básica pelo perí"
"2229";"5576";"3-IL-197-2025";"5493";"";"INEXIGIBILIDADE";"SECRETARIA DE SAÚDE";"Homologado";"DUPLICIDADE_PROCESSO_INTERNO";"J? existe processo interno com o mesmo administrativo ou edital (0136/2025 / LEGADO).";"0136/2025";"LEGADO";"Contratação de profissional médico OLIVEIRA SABATINI SERVIÇOS MEDICOS LTDA (PALOMA MEIRELES DE OLIVEIRA SABATINI) para a prestação de serviços médicos especializados junto às unidades de saúde geridas pela Secretaria Municipal de Saúde deste Município:"
"2230";"5577";"3-IL-198-2025";"5493";"";"INEXIGIBILIDADE";"SECRETARIA DE SAÚDE";"Homologado";"DUPLICIDADE_PROCESSO_INTERNO";"J? existe processo interno com o mesmo administrativo ou edital (0136/2025 / LEGADO).";"0136/2025";"LEGADO";"Contratação de profissional médico PIANTE GAVASSONI SERVIÇOS MEDICOS LTDA (CAMILA GAVASSONI NASCIMENTO) para a prestação de serviços médicos especializados junto às unidades de saúde geridas pela Secretaria Municipal de Saúde deste Município: Atenção"
"2231";"5578";"3-IL-199-2025";"5493";"";"INEXIGIBILIDADE";"SECRETARIA DE SAÚDE";"Homologado";"DUPLICIDADE_PROCESSO_INTERNO";"J? existe processo interno com o mesmo administrativo ou edital (0136/2025 / LEGADO).";"0136/2025";"LEGADO";"Contratação de profissional médico RIVAMED SERVIÇOS MEDICOS LTDA(ALVARO JOSE SILVA RIVA) para a prestação de serviços médicos especializados junto às unidades de saúde geridas pela Secretaria Municipal de Saúde deste Município: Atenção Básica pelo perí"
"2232";"5579";"3-IL-200-2025";"5493";"";"INEXIGIBILIDADE";"SECRETARIA DE SAÚDE";"Homologado";"DUPLICIDADE_PROCESSO_INTERNO";"J? existe processo interno com o mesmo administrativo ou edital (0136/2025 / LEGADO).";"0136/2025";"LEGADO";"Contratação de profissional médico RIVAMED SERVIÇOS MEDICOS LTDA(ALVARO JOSE SILVA RIVA) para a prestação de serviços médicos especializados junto às unidades de saúde geridas pela Secretaria Municipal de Saúde deste Município: Atenção Básica pelo perí"
"2233";"5580";"3-IL-201-2025";"5493";"";"INEXIGIBILIDADE";"SECRETARIA DE SAÚDE";"Homologado";"DUPLICIDADE_PROCESSO_INTERNO";"J? existe processo interno com o mesmo administrativo ou edital (0136/2025 / LEGADO).";"0136/2025";"LEGADO";"Contratação de profissional médico TOTALOMED S/C LTDA (ODALGISIA FERRAZ DE ARAUJO NOGUEIRA) para a prestação de serviços médicos especializados junto às unidades de saúde geridas pela Secretaria Municipal de Saúde deste Município: Atenção Básica pelo p"
"2235";"5582";"3-IL-204-2025";"5497";"";"INEXIGIBILIDADE";"SECRETARIA DE SAÚDE";"Homologado";"DUPLICIDADE_PROCESSO_INTERNO";"J? existe processo interno com o mesmo administrativo ou edital (0137/2025 / LEGADO).";"0137/2025";"LEGADO";"Contratação de profissional médico GT MEDICINA LTDA para a prestação de serviços médicos especializados junto às unidades de saúde geridas pela Secretaria Municipal de Saúde deste Município: Centro Especializado em Reabilitação (CER IV)."
"2236";"5583";"3-IL-205-2025";"5497";"";"INEXIGIBILIDADE";"SECRETARIA DE SAÚDE";"Homologado";"DUPLICIDADE_PROCESSO_INTERNO";"J? existe processo interno com o mesmo administrativo ou edital (0137/2025 / LEGADO).";"0137/2025";"LEGADO";"Contratação de profissional médico LGG SERVIÇOS MEDICOS LTDA para a prestação de serviços médicos especializados junto às unidades de saúde geridas pela Secretaria Municipal de Saúde deste Município: Centro Especializado em Reabilitação (CER IV)"
"2237";"5584";"3-IL-206-2025";"5497";"";"INEXIGIBILIDADE";"SECRETARIA DE SAÚDE";"Homologado";"DUPLICIDADE_PROCESSO_INTERNO";"J? existe processo interno com o mesmo administrativo ou edital (0137/2025 / LEGADO).";"0137/2025";"LEGADO";"Contratação de profissional médico RGF SERVICOS MEDICOS LTDA para a prestação de serviços médicos especializados junto às unidades de saúde geridas pela Secretaria Municipal de Saúde deste Município: Centro Especializado em Reabilitação (CER IV)"
"2238";"5585";"3-IL-207-2025";"5497";"";"INEXIGIBILIDADE";"SECRETARIA DE SAÚDE";"Homologado";"DUPLICIDADE_PROCESSO_INTERNO";"J? existe processo interno com o mesmo administrativo ou edital (0137/2025 / LEGADO).";"0137/2025";"LEGADO";"Contratação de profissional médico THAIS CARDOSO E CIA LTDA para a prestação de serviços médicos especializados junto às unidades de saúde geridas pela Secretaria Municipal de Saúde deste Município: Centro Especializado em Reabilitação (CER IV) conforme"
"2239";"5586";"3-IL-208-2025";"5497";"";"INEXIGIBILIDADE";"SECRETARIA DE SAÚDE";"Homologado";"DUPLICIDADE_PROCESSO_INTERNO";"J? existe processo interno com o mesmo administrativo ou edital (0137/2025 / LEGADO).";"0137/2025";"LEGADO";"Contratação da empresa ECCL – EMPREENDIMENTOS CLINICO CIRURGICOS S/C LTDA, CNPJ 07.685.483/0001-54, para prestação de serviços médicos especializados destinados ao Centro de Testagem e Aconselhamento / Serviço de Assistência Especializada – CTA/SAE, pelo"
"2240";"5587";"3-IL-209-2025";"5497";"";"INEXIGIBILIDADE";"SECRETARIA DE SAÚDE";"Homologado";"DUPLICIDADE_PROCESSO_INTERNO";"J? existe processo interno com o mesmo administrativo ou edital (0137/2025 / LEGADO).";"0137/2025";"LEGADO";"Contratação da empresa GEOCLIN CLÍNICA MÉDICA LTDA, CNPJ 10.853.831/0001-60, para prestação de serviços médicos especializados destinados ao Centro de Testagem e Aconselhamento / Serviço de Assistência Especializada CTA/SAE, pelo período de 12 meses."
"2241";"5588";"3-IL-210-2025";"5497";"";"INEXIGIBILIDADE";"SECRETARIA DE SAÚDE";"Homologado";"DUPLICIDADE_PROCESSO_INTERNO";"J? existe processo interno com o mesmo administrativo ou edital (0137/2025 / LEGADO).";"0137/2025";"LEGADO";"Contratação da empresa MTN SERVIÇOS MÉDICOS LTDA, CNPJ 33.838.879/0001-02, para prestação de serviços médicos especializados destinados ao Centro de Testagem e Aconselhamento / Serviço de Assistência Especializada CTA/SAE, pelo período de 12 meses."
"2242";"5589";"3-IL-211-2025";"5497";"";"INEXIGIBILIDADE";"SECRETARIA DE SAÚDE";"Homologado";"DUPLICIDADE_PROCESSO_INTERNO";"J? existe processo interno com o mesmo administrativo ou edital (0137/2025 / LEGADO).";"0137/2025";"LEGADO";"Contratação da empresa THAIS CARDOSO E CIA LTDA (MATRIZ E FILIAIS), CNPJ 37.069.288/0001-60, para prestação de serviços médicos especializados destinados ao Centro de Testagem e Aconselhamento / Serviço de Assistência Especializada CTA/SAE, pelo período"
"2247";"5594";"3-IL-164-2025";"5487";"";"INEXIGIBILIDADE";"SECRETARIA DE SAÚDE";"Homologado";"DUPLICIDADE_PROCESSO_INTERNO";"J? existe processo interno com o mesmo administrativo ou edital (0141/2025 / LEGADO).";"0141/2025";"LEGADO";"Contratação da empresa LIMA DE OLIVEIRA CARVALHO LTDA, CNPJ: 52.550.293/0001-84, representada pelo médico MARINA LIMA DE OLIVEIRA para a prestação de serviços médicos especializados destinados ao HMTF (HOSPITAL MUNCIPAL DE TEIXEIRA DE FREITAS) conforme"
"2248";"5595";"3-IL-165-2025";"5487";"";"INEXIGIBILIDADE";"SECRETARIA DE SAÚDE";"Homologado";"DUPLICIDADE_PROCESSO_INTERNO";"J? existe processo interno com o mesmo administrativo ou edital (0141/2025 / LEGADO).";"0141/2025";"LEGADO";"Contratação da empresa REZENDE SERVIÇOS MÉDICOS, CNPJ: 10.596.437/0001-93, representada pelo médico FRANCISCO PACHECO DA SILVA para a prestação de serviços médicos especializados destinados ao HMTF (HOSPITAL MUNICIPAL DE TEIXEIRA DE FREITAS) conforme ed"
"2249";"5596";"3-IL-169-2025";"5487";"";"INEXIGIBILIDADE";"SECRETARIA DE SAÚDE";"Homologado";"DUPLICIDADE_PROCESSO_INTERNO";"J? existe processo interno com o mesmo administrativo ou edital (0141/2025 / LEGADO).";"0141/2025";"LEGADO";"Contratação da empresa E-NEURONE SERVIÇOS MÉDICOS LTDA, CNPJ: 45.845.199/0001-97, representada pelo médico MURILO ALVES CHAVES para a prestação de serviços médicos especializados destinados ao HMTF (HOSPITAL MUNCIPAL DE TEIXEIRA DE FREITAS) conforme e"
"2250";"5597";"3-IL-170-2025";"5487";"";"INEXIGIBILIDADE";"SECRETARIA DE SAÚDE";"Homologado";"DUPLICIDADE_PROCESSO_INTERNO";"J? existe processo interno com o mesmo administrativo ou edital (0141/2025 / LEGADO).";"0141/2025";"LEGADO";"Contratação da empresa CACAU E SOUZA SER MEDICOS LTDA, CNPJ: 15.574.911/0001-08, representada pelo médico TULIO CASSIANO JORGE DE SOUZA para a prestação de serviços médicos especializados destinados ao HMTF (HOSPITAL MUNICIPAL DE TEIXEIRA DE FREITAS)"
"2251";"5598";"3-IL-171-2025";"5487";"";"INEXIGIBILIDADE";"SECRETARIA DE SAÚDE";"Homologado";"DUPLICIDADE_PROCESSO_INTERNO";"J? existe processo interno com o mesmo administrativo ou edital (0141/2025 / LEGADO).";"0141/2025";"LEGADO";"Contratação da empresa MASTER CARE SERVIÇOS MÉDICOS, CNPJ: 44.042.346/0001-28, representada pelo médico SAMUEL LOPES para a prestação de serviços médicos especializados destinados ao HMTF (HOSPITAL MUNCIPAL DE TEIXEIRA DE FREITAS) conforme edital de c"
"2252";"5599";"3-il-172-2025";"5487";"";"INEXIGIBILIDADE";"SECRETARIA DE SAÚDE";"Homologado";"DUPLICIDADE_PROCESSO_INTERNO";"J? existe processo interno com o mesmo administrativo ou edital (0141/2025 / LEGADO).";"0141/2025";"LEGADO";"Contratação da empresa NUNES E FRANCO SERVIÇOS MÉDICOS, CNPJ: 11.870.374/0001-84, representada pela médica NAYANNE BULHÕES SANTOS FRANCO para a prestação de serviços médicos especializados destinados ao HMTF (HOSPITAL MUNCIPAL DE TEIXEIRA DE FREITAS)"
"2253";"5600";"3-il-173-2025";"5487";"";"INEXIGIBILIDADE";"SECRETARIA DE SAÚDE";"Homologado";"DUPLICIDADE_PROCESSO_INTERNO";"J? existe processo interno com o mesmo administrativo ou edital (0141/2025 / LEGADO).";"0141/2025";"LEGADO";"Contratação da empresa ISA MILENA GALVÃO SERVIÇOS MÉDCOS LTDA, CNPJ: 52.771.994/0001-43, representada pela médica ISA MILENA GALVÃO GUIMARÃES para a prestação de serviços médicos especializados destinados ao HMTF (HOSPITAL MUNCIPAL DE TEIXEIRA DE FREI"
"2254";"5601";"3-IL-174-2025";"5487";"";"INEXIGIBILIDADE";"SECRETARIA DE SAÚDE";"Homologado";"DUPLICIDADE_PROCESSO_INTERNO";"J? existe processo interno com o mesmo administrativo ou edital (0141/2025 / LEGADO).";"0141/2025";"LEGADO";"Contratação da empresa QUETILAN SERVIÇOS MEDICOS LTDA, CNPJ: 53.532.718/0001-95, representada pela médica QUÉTILAN SILVA LOPES para a prestação de serviços médicos especializados destinados ao HMTF (HOSPITAL MUNCIPAL DE TEIXEIRA DE FREITAS) conforme edi"
"2255";"5602";"3-IL-175-2025";"5487";"";"INEXIGIBILIDADE";"SECRETARIA DE SAÚDE";"Homologado";"DUPLICIDADE_PROCESSO_INTERNO";"J? existe processo interno com o mesmo administrativo ou edital (0141/2025 / LEGADO).";"0141/2025";"LEGADO";"Contratação da empresa ALLIANCE MED - SERVIÇOS MÉDICOS LTDA, CNPJ: 40.814.666/0001-06, representada pelo médico FRANCIELY DA SILVA SILVA FERREIRA para a prestação de serviços médicos especializados destinados ao HMTF (HOSPITAL MUNCIPAL DE TEIXEIRA DE"
"2256";"5603";"3-IL-176-2025";"5487";"";"INEXIGIBILIDADE";"SECRETARIA DE SAÚDE";"Homologado";"DUPLICIDADE_PROCESSO_INTERNO";"J? existe processo interno com o mesmo administrativo ou edital (0141/2025 / LEGADO).";"0141/2025";"LEGADO";"Contratação da empresa LGL BARBOSA MEDICINA LTDA, CNPJ: 40.340.299/0001-48, representada pelo médico LORENA BISPO para a prestação de serviços médicos especializados destinados ao HMTF (HOSPITAL MUNCIPAL DE TEIXEIRA DE FREITAS) conforme edital de cred"
"2257";"5604";"3-IL-177-2025";"5487";"";"INEXIGIBILIDADE";"SECRETARIA DE SAÚDE";"Homologado";"DUPLICIDADE_PROCESSO_INTERNO";"J? existe processo interno com o mesmo administrativo ou edital (0141/2025 / LEGADO).";"0141/2025";"LEGADO";"Contratação da empresa LGL BARBOSA MEDICINA LTDA, CNPJ: 40.340.299/0001-48, representada pelo médico GABRIELA DE AZEVEDO BARBOSA para a prestação de serviços médicos especializados destinados ao HMTF (HOSPITAL MUNCIPAL DE TEIXEIRA DE FREITAS) conforme"
"2258";"5605";"3-IL-178-2025";"5487";"";"INEXIGIBILIDADE";"SECRETARIA DE SAÚDE";"Homologado";"DUPLICIDADE_PROCESSO_INTERNO";"J? existe processo interno com o mesmo administrativo ou edital (0141/2025 / LEGADO).";"0141/2025";"LEGADO";"Contratação da empresa DAMACENO SERVIÇOS MEDICOS LTDA, CNPJ: 54.332.286/0001-50, representada pelo médico RAIRA MAGALHAES DE CARVALHO DAMACENO para a prestação de serviços médicos especializados destinados ao HMTF (HOSPITAL MUNCIPAL DE TEIXEIRA DE FRE"
"2259";"5606";"3-IL-179-2025";"5487";"";"INEXIGIBILIDADE";"SECRETARIA DE SAÚDE";"Homologado";"DUPLICIDADE_PROCESSO_INTERNO";"J? existe processo interno com o mesmo administrativo ou edital (0141/2025 / LEGADO).";"0141/2025";"LEGADO";"Contratação da empresa 3M SERVIÇO MÉDICO S/C LTDA, CNPJ:20.085.748/0001-41, representada pelo médico PEDRO CHICON MUNIZ para a prestação de serviços médicos especializados destinados ao HMTF (HOSPITAL MUNICIPAL DE TEIXEIRA DE FREITAS) conforme edital de"
"2260";"5607";"3-IL-180-2025";"5487";"";"INEXIGIBILIDADE";"SECRETARIA DE SAÚDE";"Homologado";"DUPLICIDADE_PROCESSO_INTERNO";"J? existe processo interno com o mesmo administrativo ou edital (0141/2025 / LEGADO).";"0141/2025";"LEGADO";"Contratação da empresa M1 SERVIÇOS MÉDICOS, CNPJ: 35.854.911/0001-60, representada pelo médico ANSERSON MARCELINO LAGO para a prestação de serviços médicos especializados destinados ao HMTF (HOSPITAL MUNCIPAL DE TEIXEIRA DE FREITAS) conforme edital de"
"2261";"5608";"3-IL-181-2025";"5487";"";"INEXIGIBILIDADE";"SECRETARIA DE SAÚDE";"Homologado";"DUPLICIDADE_PROCESSO_INTERNO";"J? existe processo interno com o mesmo administrativo ou edital (0141/2025 / LEGADO).";"0141/2025";"LEGADO";"Contratação da empresa M1 SERVIÇOS MÉDICOS, CNPJ: 35.854.911/0001-60, representada pelo médico MIGUEL LEAL MARCELINO para a prestação de serviços médicos especializados destinados ao HMTF (HOSPITAL MUNCIPAL DE TEIXEIRA DE FREITAS) conforme edital de c"
"2262";"5609";"3-IL-182-2025";"5487";"";"INEXIGIBILIDADE";"SECRETARIA DE SAÚDE";"Homologado";"DUPLICIDADE_PROCESSO_INTERNO";"J? existe processo interno com o mesmo administrativo ou edital (0141/2025 / LEGADO).";"0141/2025";"LEGADO";"Contratação da empresa ACRUX SERVIÇOS MÉDDICOS, CNPJ: 52.632.345/0001-61, representada pela médica LUISA ACRUX GUSMÃO para a prestação de serviços médicos especializados destinados ao HMTF (HOSPITAL MUNICIPAL DE TEIXEIRA DE FREITAS) conforme edital de"
"2266";"5613";"3-IL-145-2025";"5487";"";"INEXIGIBILIDADE";"SECRETARIA DE SAÚDE";"Homologado";"DUPLICIDADE_PROCESSO_INTERNO";"J? existe processo interno com o mesmo administrativo ou edital (0141/2025 / LEGADO).";"0141/2025";"LEGADO";"Contratação da empresa TEIXEIRA CORTELETTI SERVIÇOS MÉDICOS, CNPJ: 29.272.048/0001-30, representada pelo médico FERNANDO ANTÕNIO TEIXEIRA para a prestação de serviços médicos especializados destinados ao HMTF (HOSPITAL MUNCIPAL DE TEIXEIRA DE FREITAS)"
"2267";"5614";"3-IL-146-2025";"5487";"";"INEXIGIBILIDADE";"SECRETARIA DE SAÚDE";"Homologado";"DUPLICIDADE_PROCESSO_INTERNO";"J? existe processo interno com o mesmo administrativo ou edital (0141/2025 / LEGADO).";"0141/2025";"LEGADO";"Contratação da empresa SI - SERVIÇOS MEDICOS S/S, CNPJ: 56.662.309/0001-00, representado pelo médico SERGIO SILVA FREITAS para a prestação de serviços médicos especializados destinados ao HMTF (HOSPITAL MUNCIPAL DE TEIXEIRA DE FREITAS) conforme edital"
"2268";"5615";"3-IL-147-2025";"5487";"";"INEXIGIBILIDADE";"SECRETARIA DE SAÚDE";"Homologado";"DUPLICIDADE_PROCESSO_INTERNO";"J? existe processo interno com o mesmo administrativo ou edital (0141/2025 / LEGADO).";"0141/2025";"LEGADO";"Contratação da empresa CLAF SERVIÇOS MÉDICOS S/C LTDA, CNPJ: 22.575.498/0001-53, representada pela médica MARIA CLARA FERRAZ DE ARAUJO para a prestação de serviços médicos especializados destinados ao HMTF (HOSPITAL MUNCIPAL DE TEIXEIRA DE FREITAS) co"
"2269";"5616";"3-IL-148-2025";"5487";"";"INEXIGIBILIDADE";"SECRETARIA DE SAÚDE";"Homologado";"DUPLICIDADE_PROCESSO_INTERNO";"J? existe processo interno com o mesmo administrativo ou edital (0141/2025 / LEGADO).";"0141/2025";"LEGADO";"Contratação da empresa CLAF SERVIÇOS MEDICOS, CNPJ:22.575.498/0001-53, representada pelo médico ALOIS ROESSLER para a prestação de serviços médicos especializados destinados ao HMTF (HOSPITAL MUNICIPAL DE TEIXEIRA DE FREITAS) conforme edital de creden"
"2270";"5617";"3-IL-149-2025";"5487";"";"INEXIGIBILIDADE";"SECRETARIA DE SAÚDE";"Homologado";"DUPLICIDADE_PROCESSO_INTERNO";"J? existe processo interno com o mesmo administrativo ou edital (0141/2025 / LEGADO).";"0141/2025";"LEGADO";"Contratação da empresa CLAF SERVIÇOS MÉDICOS S/C LTDA, CNPJ: 22.575.498/0001-53, representada pelo médico FREDERICO GUILHERME ROESSLER para a prestação de serviços médicos especializados destinados ao HMTF (HOSPITAL MUNCIPAL DE TEIXEIRA DE FREITAS) co"
"2271";"5618";"3-IL-150-2025";"5487";"";"INEXIGIBILIDADE";"SECRETARIA DE SAÚDE";"Homologado";"DUPLICIDADE_PROCESSO_INTERNO";"J? existe processo interno com o mesmo administrativo ou edital (0141/2025 / LEGADO).";"0141/2025";"LEGADO";"Contratação da empresa L & L SERVIÇOS MÉDICOS LTDA, CNPJ: 41.182.257/0001-99, representada pelo médico LUIS HENRIQUE MAGALHÃES para a prestação de serviços médicos especializados destinados ao HMTF (HOSPITAL MUNCIPAL DE TEIXEIRA DE FREITAS) conforme e"
"2272";"5619";"3-IL-151-2025";"5487";"";"INEXIGIBILIDADE";"SECRETARIA DE SAÚDE";"Homologado";"DUPLICIDADE_PROCESSO_INTERNO";"J? existe processo interno com o mesmo administrativo ou edital (0141/2025 / LEGADO).";"0141/2025";"LEGADO";"Contratação da empresa L & E BORGES E LEITE SERVIÇOS MEDICOS, CNPJ: 27.735.967/0001-78, representada pela médico LEYNE PEREIRA BORGES SANTOS para a prestação de serviços médicos especializados destinados ao HMTF (HOSPITAL MUNCIPAL DE TEIXEIRA DE FREIT"
"2273";"5620";"3-IL-152-2025";"5487";"";"INEXIGIBILIDADE";"SECRETARIA DE SAÚDE";"Homologado";"DUPLICIDADE_PROCESSO_INTERNO";"J? existe processo interno com o mesmo administrativo ou edital (0141/2025 / LEGADO).";"0141/2025";"LEGADO";"Contratação da empresa L & E BORGES E LEITE SERVIÇOS MEDICOS, CNPJ: 27.735.967/0001-78, representada pelo médico ANDERSON DA SILVA LEITE para a prestação de serviços médicos especializados destinados ao HMTF (HOSPITAL MUNCIPAL DE TEIXEIRA DE FREITAS)"
"2274";"5621";"3-IL-153-2025";"5487";"";"INEXIGIBILIDADE";"SECRETARIA DE SAÚDE";"Homologado";"DUPLICIDADE_PROCESSO_INTERNO";"J? existe processo interno com o mesmo administrativo ou edital (0141/2025 / LEGADO).";"0141/2025";"LEGADO";"Contratação da empresa ECCL EMPREENDIMENTOS CIRURGICOS S/C LTDA, CNPJ: 07.685.483/0001-54, representado pelo médico JULIO ALBERTO FERNANDES VERCOSA CASTANHEIRA para a prestação de serviços médicos especializados destinados ao HMTF (HOSPITAL MUNCIPAL"
"2275";"5622";"3-IL-154-2025";"5487";"";"INEXIGIBILIDADE";"SECRETARIA DE SAÚDE";"Homologado";"DUPLICIDADE_PROCESSO_INTERNO";"J? existe processo interno com o mesmo administrativo ou edital (0141/2025 / LEGADO).";"0141/2025";"LEGADO";"Contratação da empresa ECCL EMPREENDIMENTOS CIRURGICOS S/C LTDA, CNPJ: 07.685.483/0001-54, representado pelo médico HENRIQUE BOTELHO CARDOSO para a prestação de serviços médicos especializados destinados ao HMTF (HOSPITAL MUNCIPAL DE TEIXEIRA DE FREIT"
"2276";"5623";"3-IL-155-2025";"5487";"";"INEXIGIBILIDADE";"SECRETARIA DE SAÚDE";"Homologado";"DUPLICIDADE_PROCESSO_INTERNO";"J? existe processo interno com o mesmo administrativo ou edital (0141/2025 / LEGADO).";"0141/2025";"LEGADO";"Contratação da empresa MED MINAS S/S LTDA ME, CNPJ: 11.070.272/0001-84, representada pela médica ANA PAULA SOARES para a prestação de serviços médicos especializados destinados ao HMTF (HOSPITAL MUNCIPAL DE TEIXEIRA DE FREITAS) conforme edital de cred"
"2277";"5624";"3-IL-156-2025";"5487";"";"INEXIGIBILIDADE";"SECRETARIA DE SAÚDE";"Homologado";"DUPLICIDADE_PROCESSO_INTERNO";"J? existe processo interno com o mesmo administrativo ou edital (0141/2025 / LEGADO).";"0141/2025";"LEGADO";"Contratação da empresa RIO MEDICINA ASSISTENCIAL LTDA, CNPJ: 01.515.288/0001-08, representada pelo médico JOSÉ FREERICO BAYLÃO NETO para a prestação de serviços médicos especializados destinados ao HMTF (HOSPITAL MUNCIPAL DE TEIXEIRA DE FREITAS) confo"
"2278";"5625";"3-IL-157-2025";"5487";"";"INEXIGIBILIDADE";"SECRETARIA DE SAÚDE";"Homologado";"DUPLICIDADE_PROCESSO_INTERNO";"J? existe processo interno com o mesmo administrativo ou edital (0141/2025 / LEGADO).";"0141/2025";"LEGADO";"Contratação da empresa RUBENS RIBEIRO DA SILVA JUNIOR LTDA, CNPJ: 54.535.153/0001-62, representada pelo médico RUBENS RIBEIRO DA SILVA JUNIOR para a prestação de serviços médicos especializados destinados ao HMTF (HOSPITAL MUNCIPAL DE TEIXEIRA DE FREI"
"2279";"5626";"3-IL-159-2025";"5487";"";"INEXIGIBILIDADE";"SECRETARIA DE SAÚDE";"Homologado";"DUPLICIDADE_PROCESSO_INTERNO";"J? existe processo interno com o mesmo administrativo ou edital (0141/2025 / LEGADO).";"0141/2025";"LEGADO";"Contratação da empresa GEOCLIN CLINICA MÉDICA, CNPJ: 10.853.831/0001-60, representada pela médica GLACY DOS SANTOS para a prestação de serviços médicos especializados destinados ao HMTF (HOSPITAL MUNICIPAL DE TEIXEIRA DE FREITAS) conforme edital de c"
"2280";"5627";"3-IL-160-2025";"5487";"";"INEXIGIBILIDADE";"SECRETARIA DE SAÚDE";"Homologado";"DUPLICIDADE_PROCESSO_INTERNO";"J? existe processo interno com o mesmo administrativo ou edital (0141/2025 / LEGADO).";"0141/2025";"LEGADO";"Contratação da empresa CARVALHO E BASTOS SERVIÇOS MÉDICOS LTDA, CNPJ: 52.887.145/0001-50, representada pela médica MALAYNE BASTOS DE MORAIS para a prestação de serviços médicos especializados destinados ao HMTF (HOSPITAL MUNCIPAL DE TEIXEIRA DE FREIT"
"2288";"5635";"3-IL-126-2025";"5471";"";"INEXIGIBILIDADE";"SECRETARIA DE SAÚDE";"Homologado";"DUPLICIDADE_PROCESSO_INTERNO";"J? existe processo interno com o mesmo administrativo ou edital (0151/2025 / LEGADO).";"0151/2025";"LEGADO";"Contratação de profissional Edson Geraldino Moreira Junior através da empresa RGF Serviços Médicos LTDA, para atender as necessidades do CTO, no município de Teixeira de Freitas BA, na especialidade de Ortopedia por produção no período de 12 meses."
"2289";"5636";"3-IL-127-2025";"5471";"";"INEXIGIBILIDADE";"SECRETARIA DE SAÚDE";"Homologado";"DUPLICIDADE_PROCESSO_INTERNO";"J? existe processo interno com o mesmo administrativo ou edital (0151/2025 / LEGADO).";"0151/2025";"LEGADO";"Contratação de profissional Leonardo Gomes de Oliveira através da empresa L & L SERVIÇOS MEDICOS LTDA, para atender as necessidades do CTO, no município de Teixeira de Freitas BA, na especialidade de Ortopedia por produção no período de 12 meses."
"2290";"5637";"3-IL-128-2025";"5471";"";"INEXIGIBILIDADE";"SECRETARIA DE SAÚDE";"Homologado";"DUPLICIDADE_PROCESSO_INTERNO";"J? existe processo interno com o mesmo administrativo ou edital (0151/2025 / LEGADO).";"0151/2025";"LEGADO";"Contratação de profissional Rodrigo Freitas Lucio Damaceno através da empresa DAMACENO SERVIÇOS MEDICOS LTDA, para atender as necessidades do CTO, no município de Teixeira de Freitas BA, na especialidade de Ortopedia por produção no período de 12 meses."
"2291";"5638";"3-IL-125-2025";"5471";"";"INEXIGIBILIDADE";"SECRETARIA DE SAÚDE";"Homologado";"DUPLICIDADE_PROCESSO_INTERNO";"J? existe processo interno com o mesmo administrativo ou edital (0151/2025 / LEGADO).";"0151/2025";"LEGADO";"Contratação de profissional Sergio Silva de Freitas através da empresa SI - SERVICOS MEDICOS S/S, para atender as necessidades do CTO, no município de Teixeira de Freitas BA, na especialidade de Ortopedia por produção no período de 12 meses"
"2292";"5639";"3-IL-106-2025";"5471";"";"INEXIGIBILIDADE";"SECRETARIA DE SAÚDE";"Homologado";"DUPLICIDADE_PROCESSO_INTERNO";"J? existe processo interno com o mesmo administrativo ou edital (0151/2025 / LEGADO).";"0151/2025";"LEGADO";"Contratação da empresa BARBOSA LIMA SERVIÇOS MEDICOS LTDA , CNPJ:57.681.260/0001-97, representada pelo médico MIRILEIDE LIMA DOS SANTOS BARBOSA para a prestação de serviços médicos especializados destinados a UPA 24H (UNIDADE DE PRONTO ATENDIMENTO) conf"
"2301";"5648";"3-IL-110-2025";"5462";"";"INEXIGIBILIDADE";"SECRETARIA DE SAÚDE";"Homologado";"DUPLICIDADE_PROCESSO_INTERNO";"J? existe processo interno com o mesmo administrativo ou edital (0159/2025 / LEGADO).";"0159/2025";"LEGADO";"Contratação da empresa VITAL SAUDE SERVICOS MEDICOS LTDA, CNPJ: 27.051.375/0001-37 representada pelo médico LUAN MARQUES MATOS para a prestação de serviços médicos especializados destinados a UPA 24H (UNIDADE DE PRONTO ATENDIMENTO) conforme edital de cr"
"2302";"5649";"3-IL-122-2025";"5462";"";"INEXIGIBILIDADE";"SECRETARIA DE SAÚDE";"Homologado";"DUPLICIDADE_PROCESSO_INTERNO";"J? existe processo interno com o mesmo administrativo ou edital (0159/2025 / LEGADO).";"0159/2025";"LEGADO";"Contratação da empresa MASTER CARE SERVICOS MEDICOS LTDA, CNPJ: 44.042.346/0001-28, representada pelo médico Samuel Lopes Oliveira para a prestação de serviços médicos especializados destinados a UPA 24H (UNIDADE DE PRONTO ATENDIMENTO) conforme edital de"
"2303";"5650";"3-IL-123-2025";"5462";"";"INEXIGIBILIDADE";"SECRETARIA DE SAÚDE";"Homologado";"DUPLICIDADE_PROCESSO_INTERNO";"J? existe processo interno com o mesmo administrativo ou edital (0159/2025 / LEGADO).";"0159/2025";"LEGADO";"Contratação da empresa LORENA MARQUES SERVIÇOS MÉDICOS LTDA, CNPJ: 57.886.840/0001-10, representado pela médica Lorena Marques de Almeida para a prestação de serviços médicos especializados destinados a UPA 24H (UNIDADE DE PRONTO ATENDIMENTO) conforme e"
"2305";"5652";"4-IL-103-2025";"5455";"";"INEXIGIBILIDADE";"SECRETARIA DE ADMINISTRAÇÃO";"Homologado";"DUPLICIDADE_PROCESSO_INTERNO";"J? existe processo interno com o mesmo administrativo ou edital (0160/2025 / LEGADO).";"0160/2025";"LEGADO";"SOLICITA-SE A LOCAÇÃO DE IMÓVEL LOCALIZADO NA AVENIDA PROFETA ISSA, Nº 627, MONTE CASTELO, TEIXEIRA DE FREITAS-BA, DESTINADO AO DEPÓSITO DA MERENDA ESCOLAR, PELO PERÍODO DE 12 MESES, PROPRIETÁRIO(A): AGUIA ALUGUEL DE BENS LTDA, CNPJ: 14.783.484/0001-05,"
"2309";"5656";"3-IL-104-2025";"5453";"";"INEXIGIBILIDADE";"SECRETARIA DE SAÚDE";"Homologado";"DUPLICIDADE_PROCESSO_INTERNO";"J? existe processo interno com o mesmo administrativo ou edital (0163/2025 / LEGADO).";"0163/2025";"LEGADO";"Contratação da empresa LN SERVMED LTDA, CNPJ: 48.540.631/0001-20, representada pela médica NATASHA YUMI ALMEIDA NAGAO para a prestação de serviços médicos especializados destinados a UPA 24H (UNIDADE DE PRONTO ATENDIMENTO) conforme edital de credenciame"
"2310";"5657";"3-IL-105-2025";"5453";"";"INEXIGIBILIDADE";"SECRETARIA DE SAÚDE";"Homologado";"DUPLICIDADE_PROCESSO_INTERNO";"J? existe processo interno com o mesmo administrativo ou edital (0163/2025 / LEGADO).";"0163/2025";"LEGADO";"Contratação da empresa CESANA SERVICOS MEDICOS LTDA, CNPJ: 55.886.792/0001-35, representado pelo médico MATHEUS MAGALHÃES CESANA DE OLIVEIRA para a prestação de serviços médicos especializados destinados a UPA 24H (UNIDADE DE PRONTO ATENDIMENTO) conform"
"2312";"5659";"3-IL-020-2025";"5448";"";"INEXIGIBILIDADE";"SECRETARIA DE SAÚDE";"Homologado";"DUPLICIDADE_PROCESSO_INTERNO";"J? existe processo interno com o mesmo administrativo ou edital (0164/2025 / LEGADO).";"0164/2025";"LEGADO";"Contratação de profissional médico HUMANAR SERVIÇOS DE SAÚDE LTDA (NATANNE FERRAZ SILVA), para a prestação de serviços médicos especializados junto às unidades de saúde geridas pela Secretaria Municipal de Saúde deste Município: Hospital Municipal Sagr"
"2313";"5660";"3-IL-097-2025";"5448";"";"INEXIGIBILIDADE";"SECRETARIA DE SAÚDE";"Homologado";"DUPLICIDADE_PROCESSO_INTERNO";"J? existe processo interno com o mesmo administrativo ou edital (0164/2025 / LEGADO).";"0164/2025";"LEGADO";"Contratação DA PESSOA JURÍDICA BRAUER E GASPERINI SERVIÇOS MEDICOS LTDA, PARA A PRESTAÇÃO DE SERVIÇOS MEDICOS ESPECIALIZADOS JUNTO AS UNIDADES DE SAUDE GERIDAS PELA SECRETARIA MUNICIPAL DE SAUDE DESTE MUNICIPIO: (CAPS) CONFORME EDITAL DE CREDENCIAMENT"
"2314";"5661";"3-IL-028-2025";"5448";"";"INEXIGIBILIDADE";"SECRETARIA DE SAÚDE";"Homologado";"DUPLICIDADE_PROCESSO_INTERNO";"J? existe processo interno com o mesmo administrativo ou edital (0164/2025 / LEGADO).";"0164/2025";"LEGADO";"Contratação de profissional médico 3M SERVICOS MEDICOS S/C LTDA (KAMILA MAGALHAES SAMPAIO), para a prestação de serviços médicos especializados junto às unidades de saúde geridas pela Secretaria Municipal de Saúde deste Município: Hospital Municipal Sagr"
"2315";"5662";"3-IL-096-2025";"5448";"";"INEXIGIBILIDADE";"SECRETARIA DE SAÚDE";"Homologado";"DUPLICIDADE_PROCESSO_INTERNO";"J? existe processo interno com o mesmo administrativo ou edital (0164/2025 / LEGADO).";"0164/2025";"LEGADO";"Contratação DA PESSOA JURÍDICA COSTA CARVALHO SERVICOS MEDICOS S/S LTDA-EPP, PARA A PRESTAÇÃO DE SERVIÇOS MEDICOS ESPECIALIZADOS JUNTO AS UNIDADES DE SAUDE GERIDAS PELA SECRETARIA MUNICIPAL DE SAUDE DESTE MUNICIPIO: (CAPS) CONFORME EDITAL DE CREDENCIA"
"2316";"5663";"3-IL-100-2025";"5448";"";"INEXIGIBILIDADE";"SECRETARIA DE SAÚDE";"Homologado";"DUPLICIDADE_PROCESSO_INTERNO";"J? existe processo interno com o mesmo administrativo ou edital (0164/2025 / LEGADO).";"0164/2025";"LEGADO";"Contratação da empresa CARVALHO E SOUZA SERVICOS MEDICOS LTDA, CNPJ: 52.845.185/0001-39 , representado pelo médico MARIA JULIA CARVALHO DE SOUZA para a prestação de serviços médicos especializados destinados a UPA 24H (UNIDADE DE PRONTO ATENDIMENTO) con"
"2317";"5664";"3-IL-099-2025";"5448";"";"INEXIGIBILIDADE";"SECRETARIA DE SAÚDE";"Homologado";"DUPLICIDADE_PROCESSO_INTERNO";"J? existe processo interno com o mesmo administrativo ou edital (0164/2025 / LEGADO).";"0164/2025";"LEGADO";"Contratação da empresa Thavila Viana serviços médicos Ltda CMPJ 58.130.780/0001-74 representado pelo médico Thavila Viana Silva Andrade para a prestação de serviços médicos especializados destinados a UPA 24H (UNIDADE DE PRONTO ATENDIMENTO) conforme edit"
"2322";"5669";"3-IL-095-2025";"5443";"";"INEXIGIBILIDADE";"SECRETARIA DE SAÚDE";"Homologado";"DUPLICIDADE_PROCESSO_INTERNO";"J? existe processo interno com o mesmo administrativo ou edital (0168/2025 / LEGADO).";"0168/2025";"LEGADO";"Contratação da empresa, NUNES E FRANCO SERVICOS MEDICOS CNPJ 11.870.374/0001-84, do profissional médico JEFERSON NUNES FERRI para a prestação de serviços médicos especializados destinados ao SAMU 192(SERVIÇO DE ATENDIMENTO MÓVEL DE URGÊNCIA) conforme"
"2323";"5670";"3-IL-089-2025";"5443";"";"INEXIGIBILIDADE";"SECRETARIA DE SAÚDE";"Homologado";"DUPLICIDADE_PROCESSO_INTERNO";"J? existe processo interno com o mesmo administrativo ou edital (0168/2025 / LEGADO).";"0168/2025";"LEGADO";"Contratação da empresa, 3M SERVIÇOS MEDICOS S/C LTDA - CNPJ 20.085.748/0001-41, do profissional médico ARTHUR RODRIGUES MAIA, para a prestação de serviços médicos especializados destinados ao SAMU 192(SERVIÇO DE ATENDIMENTO MÓVEL DE URGÊNCIA) conforme"
"2324";"5671";"3-IL-092-2025";"5443";"";"INEXIGIBILIDADE";"SECRETARIA DE SAÚDE";"Homologado";"DUPLICIDADE_PROCESSO_INTERNO";"J? existe processo interno com o mesmo administrativo ou edital (0168/2025 / LEGADO).";"0168/2025";"LEGADO";"Contratação da empresa, ENDOGASTRO SERVIÇOSMEDICOS- LTDA ME - CNPJ 15.566.844/0001-71, do profissional médico ULYSSES RAMON PEREIRA, para a prestação de serviços médicos especializados destinados ao SAMU 192 (SERVIÇO DE ATENDIMENTO MÓVEL DE URGÊNCIA)"
"2325";"5672";"3-IL-094-2025";"5443";"";"INEXIGIBILIDADE";"SECRETARIA DE SAÚDE";"Homologado";"DUPLICIDADE_PROCESSO_INTERNO";"J? existe processo interno com o mesmo administrativo ou edital (0168/2025 / LEGADO).";"0168/2025";"LEGADO";"Contratação da empresa, MASTER CARE SERVIÇOS MEDICOS- LTDA - CNPJ 44.042.346/0001-28, do profissional médico SAMUEL LOPES OLIVEIRA, para a prestação de serviços médicos especializados destinados ao SAMU 192(SERVIÇO DE ATENDIMENTO MÓVEL DE URGÊNCIA) co"
"2326";"5673";"3-IL-088-2025";"5443";"";"INEXIGIBILIDADE";"SECRETARIA DE SAÚDE";"Homologado";"DUPLICIDADE_PROCESSO_INTERNO";"J? existe processo interno com o mesmo administrativo ou edital (0168/2025 / LEGADO).";"0168/2025";"LEGADO";"Contratação da empresa, FERNANDES E MENDES-SERVIÇOS MEDICOS - CNPJ 32.354.826/0001-45, do profissional médico BARBARA DOS SANTOS MENDES para a prestação de serviços médicos especializados destinados ao SAMU 192(SERVIÇO DE ATENDIMENTO MÓVEL DE URGÊNC"
"2327";"5674";"3-IL-087-2025";"5443";"";"INEXIGIBILIDADE";"SECRETARIA DE SAÚDE";"Homologado";"DUPLICIDADE_PROCESSO_INTERNO";"J? existe processo interno com o mesmo administrativo ou edital (0168/2025 / LEGADO).";"0168/2025";"LEGADO";"Contratação da empresa, FERNANDES E MENDES-SERVIÇOS MEDICOS - CNPJ 32.354.826/0001-45, do profissional médico MATEUS FERNANDES ALMEIDA para a prestação de serviços médicos especializados destinados ao SAMU 192 (SERVIÇO DE ATENDIMENTO MÓVEL DE URGÊNC"
"2328";"5675";"3-IL-093-2025";"5443";"";"INEXIGIBILIDADE";"SECRETARIA DE SAÚDE";"Homologado";"DUPLICIDADE_PROCESSO_INTERNO";"J? existe processo interno com o mesmo administrativo ou edital (0168/2025 / LEGADO).";"0168/2025";"LEGADO";"Contratação da empresa, L &L SERVICOS MEDICOS LTDA - CNPJ 41.182.257/0001-99, do profissional médico LUIS HENRIQUE MAGALHAES, para a prestação de serviços médicos especializados destinados ao SAMU 192(SERVIÇO DE ATENDIMENTO MÓVEL DE URGÊNCIA) conforme"
"2329";"5676";"3-IL-091-2025";"5443";"";"INEXIGIBILIDADE";"SECRETARIA DE SAÚDE";"Homologado";"DUPLICIDADE_PROCESSO_INTERNO";"J? existe processo interno com o mesmo administrativo ou edital (0168/2025 / LEGADO).";"0168/2025";"LEGADO";"Contratação da empresa, ALLIANCE MED-SERVIÇOS MEDICOS LTDA - CNPJ 40.814.666/0001-60, do profissional médico FRANCIELLY DA SILVA FERREIRA para a prestação de serviços médicos especializados destinados ao SAMU 192(SERVIÇO DE ATENDIMENTO MÓVEL DE URG"
"2330";"5677";"3-IL-003-2025";"5442";"";"INEXIGIBILIDADE";"SECRETARIA DE SAÚDE";"Homologado";"DUPLICIDADE_PROCESSO_INTERNO";"J? existe processo interno com o mesmo administrativo ou edital (0165/2025 / LEGADO).";"0165/2025";"LEGADO";"Contratação de profissional médico TOTALMED S/C LTDA (ODALGISIA FERRAZ DE ARAUJO NOGUEIRA), para a prestação de serviços médicos especializados junto às unidades de saúde geridas pela Secretaria Municipal de Saúde deste Município: Hospital Municipal S"
"2331";"5678";"3-IL-056-2025";"5442";"";"INEXIGIBILIDADE";"SECRETARIA DE SAÚDE";"Homologado";"DUPLICIDADE_PROCESSO_INTERNO";"J? existe processo interno com o mesmo administrativo ou edital (0165/2025 / LEGADO).";"0165/2025";"LEGADO";"Contratação de profissional médico M. L. SILVA SERVIÇOS MEDICOS LTDA (MARIA LUCIA SILVA), para a prestação de serviços médicos especializados junto às unidades de saúde geridas pela Secretaria Municipal de Saúde deste Município: Hospital Municipal Sagra"
"2332";"5679";"3-IL-074-2025";"5443";"";"INEXIGIBILIDADE";"SECRETARIA DE SAÚDE";"Homologado";"DUPLICIDADE_PROCESSO_INTERNO";"J? existe processo interno com o mesmo administrativo ou edital (0168/2025 / LEGADO).";"0168/2025";"LEGADO";"Contratação da empresa IAGO SANTOS DE OLIVEIRA SERVIÇOS MEDICOS LTDA , CNPJ:57.681.260/0001-97, representada pelo médico IAGO SANTOS DE OLIVEIRA para a prestação de serviços médicos especializados destinados a UPA 24H (UNIDADE DE PRONTO ATENDIMENTO) c"
"2333";"5680";"3-IL-075-2025";"5443";"";"INEXIGIBILIDADE";"SECRETARIA DE SAÚDE";"Homologado";"DUPLICIDADE_PROCESSO_INTERNO";"J? existe processo interno com o mesmo administrativo ou edital (0168/2025 / LEGADO).";"0168/2025";"LEGADO";"Contratação da empresa - E-NEURONE SERVICOS MEDICOS LTDA, CNPJ: 45.845.199/0001-97, representado pelo médico MURILO ALVES CHAVES para a prestação de serviços médicos especializados destinados a UPA 24H (UNIDADE DE PRONTO ATENDIMENTO) conforme edital de"
"2334";"5681";"3-IL-076-2025";"5443";"";"INEXIGIBILIDADE";"SECRETARIA DE SAÚDE";"Homologado";"DUPLICIDADE_PROCESSO_INTERNO";"J? existe processo interno com o mesmo administrativo ou edital (0168/2025 / LEGADO).";"0168/2025";"LEGADO";"Contratação da empresa SOMEDIL CLINICA MEDICA S/C LTDA, CNPJ: 05.598.043/0001-34 , representado pelo médico ANKOMÁRCIO SOUZA ALMEIDA para a prestação de serviços médicos especializados destinados a UPA 24H (UNIDADE DE PRONTO ATENDIMENTO) conforme edit"
"2335";"5682";"3-IL-077-2025";"5443";"";"INEXIGIBILIDADE";"SECRETARIA DE SAÚDE";"Homologado";"DUPLICIDADE_PROCESSO_INTERNO";"J? existe processo interno com o mesmo administrativo ou edital (0168/2025 / LEGADO).";"0168/2025";"LEGADO";"Contratação da empresa Grazielle AR LTDA, CNPJ: 57.122.560/0001-36representado pelo médico Grazielle alves dos Reis para a prestação de serviços médicos especializados destinados a UPA 24H (UNIDADE DE PRONTO ATENDIMENTO) conforme edital de credenciament"
"2336";"5683";"3-IL-079-2025";"5443";"";"INEXIGIBILIDADE";"SECRETARIA DE SAÚDE";"Homologado";"DUPLICIDADE_PROCESSO_INTERNO";"J? existe processo interno com o mesmo administrativo ou edital (0168/2025 / LEGADO).";"0168/2025";"LEGADO";"Contratação da empresa - OLIVEIRA SABATINI SERVICOS MEDICOS LTDA, CNPJ: 53.128.827/0001-41, representado pelo médico PALOMA OLIVEIRA MEIRELES para a prestação de serviços médicos especializados destinados a UPA 24H (UNIDADE DE PRONTO ATENDIMENTO) conf"
"2337";"5684";"3-IL-080-2025";"5443";"";"INEXIGIBILIDADE";"SECRETARIA DE SAÚDE";"Homologado";"DUPLICIDADE_PROCESSO_INTERNO";"J? existe processo interno com o mesmo administrativo ou edital (0168/2025 / LEGADO).";"0168/2025";"LEGADO";"Contratação da empresa LE BORGES E LEITE SERVICOS MEDICOS, CNPJ: 27.735.987/0001-78, representado pelo médico LEYNE PEREIRA BORGES SANTOS para a prestação de serviços médicos especializados destinados a UPA 24H (UNIDADE DE PRONTO ATENDIMENTO) conforme"
"2338";"5685";"3-IL-082-2025";"5443";"";"INEXIGIBILIDADE";"SECRETARIA DE SAÚDE";"Homologado";"DUPLICIDADE_PROCESSO_INTERNO";"J? existe processo interno com o mesmo administrativo ou edital (0168/2025 / LEGADO).";"0168/2025";"LEGADO";"Contratação da empresa AVILA OLIVEIRA SERVICOS MEDICOS LTDA, CNPJ: 57.325.616/0001-50 representada pelo médico LUIZ DANIEL SILVA DE OLIVEIRA para a prestação de serviços médicos especializados destinados a UPA 24H (UNIDADE DE PRONTO ATENDIM"
"2339";"5686";"3-IL-083-2025";"5443";"";"INEXIGIBILIDADE";"SECRETARIA DE SAÚDE";"Homologado";"DUPLICIDADE_PROCESSO_INTERNO";"J? existe processo interno com o mesmo administrativo ou edital (0168/2025 / LEGADO).";"0168/2025";"LEGADO";"Contratação da empresa JULIVAL JOSE FONSECA MARINHO JUNIOR LTDA, CNPJ: 57.114.120/0001-37 , representada pelo médico Julival José Fonseca Marinho Júnior para a prestação de serviços médicos especializados destinados a UPA 24H (UNIDADE DE PRONTO ATENDIM"
"2340";"5687";"3-IL-084-2025";"5443";"";"INEXIGIBILIDADE";"SECRETARIA DE SAÚDE";"Homologado";"DUPLICIDADE_PROCESSO_INTERNO";"J? existe processo interno com o mesmo administrativo ou edital (0168/2025 / LEGADO).";"0168/2025";"LEGADO";"Contratação da empresa RIVAMED SERVICOS MEDICOS LTDA, CNPJ: 55.616.001/0001-92, representada pelo médico Álvaro José Silva Riva para a prestação de serviços médicos especializados destinados a UPA 24H (UNIDADE DE PRONTO ATENDIMENTO) conforme edital de"
"2341";"5688";"3-IL-002-2025";"5442";"";"INEXIGIBILIDADE";"SECRETARIA DE SAÚDE";"Homologado";"DUPLICIDADE_PROCESSO_INTERNO";"J? existe processo interno com o mesmo administrativo ou edital (0165/2025 / LEGADO).";"0165/2025";"LEGADO";"Contratação de profissional médico NUCLEO DE ATENÇÃO PEDIATRICA SUL BAHIA LTDA (CESAR PASSAMANI), para a prestação de serviços médicos especializados junto às unidades de saúde geridas pela Secretaria Municipal de Saúde deste Município: Hospital Mun"
"2342";"5689";"3-IL-085-2025";"5443";"";"INEXIGIBILIDADE";"SECRETARIA DE SAÚDE";"Homologado";"DUPLICIDADE_PROCESSO_INTERNO";"J? existe processo interno com o mesmo administrativo ou edital (0168/2025 / LEGADO).";"0168/2025";"LEGADO";"Contratação da empresa BRAUER E GASPERINI SERVICOS MEDICOS LTDA, CNPJ: 31.850.016/0001-17, representado pelo médico RUY BRAUHER SIQUEIRA para a prestação de serviços médicos especializados destinados a UPA 24H (UNIDADE DE PRONTO ATENDIMENTO) conforme"
"2343";"5690";"3-IL-086-2025";"5443";"";"INEXIGIBILIDADE";"SECRETARIA DE SAÚDE";"Homologado";"DUPLICIDADE_PROCESSO_INTERNO";"J? existe processo interno com o mesmo administrativo ou edital (0168/2025 / LEGADO).";"0168/2025";"LEGADO";"Contratação da empresa KRETLI OLIVEIRA SERVICOS MEDICOS LTDA, CNPJ: 57.640.312/0001-87, representado pelo médico Layza Kretli Oliveira para a prestação de serviços médicos especializados destinados a UPA 24H (UNIDADE DE PRONTO ATENDIMENTO) conforme edit"
"2344";"5691";"3-IL-044-2025";"5442";"";"INEXIGIBILIDADE";"SECRETARIA DE SAÚDE";"Homologado";"DUPLICIDADE_PROCESSO_INTERNO";"J? existe processo interno com o mesmo administrativo ou edital (0165/2025 / LEGADO).";"0165/2025";"LEGADO";"Contratação de profissional médico NEOFISIO LTDA (ROMARIO CARDOSO DE SOUSA), para a prestação de serviços médicos especializados junto às unidades de saúde geridas pela Secretaria Municipal de Saúde deste Município: Hospital Municipal Sagrada Família"
"2345";"5692";"3-IL-045-2025";"5442";"";"INEXIGIBILIDADE";"SECRETARIA DE SAÚDE";"Homologado";"DUPLICIDADE_PROCESSO_INTERNO";"J? existe processo interno com o mesmo administrativo ou edital (0165/2025 / LEGADO).";"0165/2025";"LEGADO";"Contratação de profissional médico NEOFISIO LTDA (CAROLINE SOUSA FIGUEIREDO), para a prestação de serviços médicos especializados junto às unidades de saúde geridas pela Secretaria Municipal de Saúde deste Município: Hospital Municipal Sagrada Família"
"2346";"5693";"3-IL-054-2025";"5442";"";"INEXIGIBILIDADE";"SECRETARIA DE SAÚDE";"Homologado";"DUPLICIDADE_PROCESSO_INTERNO";"J? existe processo interno com o mesmo administrativo ou edital (0165/2025 / LEGADO).";"0165/2025";"LEGADO";"Contratação de profissional médico SME SERVICOS MEDICOS ESPECIALIZADOS (ALAN SANTOS FERNANDES), para a prestação de serviços médicos especializados junto às unidades de saúde geridas pela Secretaria Municipal de Saúde deste Município: Hospital Munic"
"2347";"5694";"3-IL-026-2025";"5442";"";"INEXIGIBILIDADE";"SECRETARIA DE SAÚDE";"Homologado";"DUPLICIDADE_PROCESSO_INTERNO";"J? existe processo interno com o mesmo administrativo ou edital (0165/2025 / LEGADO).";"0165/2025";"LEGADO";"Contratação de profissional médico DALLORTO SERVICOS MEDICOS LTDA (GUSTAVO CAMPO DALLORTO), para a prestação de serviços médicos especializados junto às unidades de saúde geridas pela Secretaria Municipal de Saúde deste Município: Hospital Municipal"
"2348";"5695";"3-IL-035-2025";"5442";"";"INEXIGIBILIDADE";"SECRETARIA DE SAÚDE";"Homologado";"DUPLICIDADE_PROCESSO_INTERNO";"J? existe processo interno com o mesmo administrativo ou edital (0165/2025 / LEGADO).";"0165/2025";"LEGADO";"Contratação de profissional médico ESPÍNDOLA MEDICINA (MARINA ESPÍNDOLA DOS REIS REZENDE), para a prestação de serviços médicos especializados junto às unidades de saúde geridas pela Secretaria Municipal de Saúde deste Município: Hospital Municipal"
"2349";"5696";"3-IL-037-2025";"5442";"";"INEXIGIBILIDADE";"SECRETARIA DE SAÚDE";"Homologado";"DUPLICIDADE_PROCESSO_INTERNO";"J? existe processo interno com o mesmo administrativo ou edital (0165/2025 / LEGADO).";"0165/2025";"LEGADO";"Contratação de profissional médico PSM - PRESTAÇÃO DE SERVIÇOS MÉDICOS LTDA (VALDIR MOREIRA DE SOUSA), para a prestação de serviços médicos especializados junto às unidades de saúde geridas pela Secretaria Municipal de Saúde deste Município: Hospital"
"2350";"5697";"3-IL-040-2025";"5442";"";"INEXIGIBILIDADE";"SECRETARIA DE SAÚDE";"Homologado";"DUPLICIDADE_PROCESSO_INTERNO";"J? existe processo interno com o mesmo administrativo ou edital (0165/2025 / LEGADO).";"0165/2025";"LEGADO";"Contratação de profissional médico NEOFISIO LTDA (IDIRLEY DOS SANTOS NEVES), para a prestação de serviços médicos especializados junto às unidades de saúde geridas pela Secretaria Municipal de Saúde deste Município: Hospital Municipal Sagrada Família"
"2351";"5698";"3-IL-041-2025";"5442";"";"INEXIGIBILIDADE";"SECRETARIA DE SAÚDE";"Homologado";"DUPLICIDADE_PROCESSO_INTERNO";"J? existe processo interno com o mesmo administrativo ou edital (0165/2025 / LEGADO).";"0165/2025";"LEGADO";"Contratação de profissional médico NEOFISIO LTDA (ELUANA LIMA DA GUIA PEREIRA), para a prestação de serviços médicos especializados junto às unidades de saúde geridas pela Secretaria Municipal de Saúde deste Município: Hospital Municipal Sagrada Família"
"2352";"5699";"3-IL-042-2025";"5442";"";"INEXIGIBILIDADE";"SECRETARIA DE SAÚDE";"Homologado";"DUPLICIDADE_PROCESSO_INTERNO";"J? existe processo interno com o mesmo administrativo ou edital (0165/2025 / LEGADO).";"0165/2025";"LEGADO";"Contratação de profissional médico NEOFISIO LTDA (MICHELE ROCHA SILVA), para a prestação de serviços médicos especializados junto às unidades de saúde geridas pela Secretaria Municipal de Saúde deste Município: Hospital Municipal Sagrada Família (HMSF"
"2353";"5700";"3-IL-043-2025";"5442";"";"INEXIGIBILIDADE";"SECRETARIA DE SAÚDE";"Homologado";"DUPLICIDADE_PROCESSO_INTERNO";"J? existe processo interno com o mesmo administrativo ou edital (0165/2025 / LEGADO).";"0165/2025";"LEGADO";"Contratação de profissional médico NEOFISIO LTDA (JULIANA REIS DE OLIVEIRA), para a prestação de serviços médicos especializados junto às unidades de saúde geridas pela Secretaria Municipal de Saúde deste Município: Hospital Municipal Sagrada Família"
"2364";"5711";"2-IL-012-2025";"1522/2024";"56875/2024";"INEXIGIBILIDADE";"SECRETARIA DE FINANÇAS";"Homologado";"DUPLICIDADE_PROCESSO_INTERNO";"J? existe processo interno com o mesmo administrativo ou edital (0445/2024 / LEGADO).";"0445/2024";"LEGADO";"Locação de imóvel localizado na Avenida Marechal Castelo Branco, nº 168A, Centro, Teixeira de Freitas-BA, DESTINADO A DÍVIDA ATIVA E FISCALIZAÇÃO, cuja a qual é de Responsabilidade da Secretaria Municipal de Finanças, de responsabilidade da Secretaria Mun"
"2366";"5713";"3-IL-069-2025";"5435";"";"INEXIGIBILIDADE";"SECRETARIA DE SAÚDE";"Homologado";"DUPLICIDADE_PROCESSO_INTERNO";"J? existe processo interno com o mesmo administrativo ou edital (0179/2025 / LEGADO).";"0179/2025";"LEGADO";"Contratação da empresa LGL BARBOSA MEDICINA LTDA, CNPJ: 40.340.299/0001-48, representado pelo médico GABRIELA DE AZEVEDO BARBOSA para a prestação de serviços médicos especializados destinados a UPA 24H (UNIDADE DE PRONTO ATENDIMENTO) conforme edital de"
"2367";"5714";"3-IL-070-2025";"5435";"";"INEXIGIBILIDADE";"SECRETARIA DE SAÚDE";"Homologado";"DUPLICIDADE_PROCESSO_INTERNO";"J? existe processo interno com o mesmo administrativo ou edital (0179/2025 / LEGADO).";"0179/2025";"LEGADO";"Contratação da empresa LGL BARBOSA MEDICINA LTDA,CNPJ: 40.340.299/0001-48, representada pela médica LORENA BARBOSA BISPO para a prestação de serviços médicos especializados destinados a UPA 24H (UNIDADE DE PRONTO ATENDIMENTO) conforme edital de credenci"
"2368";"5715";"3-IL-071-2025";"5435";"";"INEXIGIBILIDADE";"SECRETARIA DE SAÚDE";"Homologado";"DUPLICIDADE_PROCESSO_INTERNO";"J? existe processo interno com o mesmo administrativo ou edital (0179/2025 / LEGADO).";"0179/2025";"LEGADO";"Contratação da empresa HIAGO PINHEIRO DOS SANTOS RIBEIRO, CNPJ: 52.024.787/0001-25, representada pela médica HIAGO PINHEIRO DOS SANTOS RIBEIRO para a prestação de serviços médicos especializados destinados a UPA 24H (UNIDADE DE PRONTO ATENDIMENTO) confo"
"2369";"5716";"3-IL-073-2025";"5435";"";"INEXIGIBILIDADE";"SECRETARIA DE SAÚDE";"Homologado";"DUPLICIDADE_PROCESSO_INTERNO";"J? existe processo interno com o mesmo administrativo ou edital (0179/2025 / LEGADO).";"0179/2025";"LEGADO";"Contratação da empresa CLINICA COSTA WD LTDA, CNPJ: 27.051375/0001370, representada pelo médico WANDERSON DOS SANTOS COSTA para a prestação de serviços médicos especializados destinados a UPA 24H (UNIDADE DE PRONTO ATENDIMENTO) conforme edital de creden"
"2370";"5717";"3-IL-010-2025";"5435";"";"INEXIGIBILIDADE";"SECRETARIA DE SAÚDE";"Homologado";"DUPLICIDADE_PROCESSO_INTERNO";"J? existe processo interno com o mesmo administrativo ou edital (0179/2025 / LEGADO).";"0179/2025";"LEGADO";"Contratação de profissional médico JAMILA A MAIA ELIAS LTDA (JAMILA ALMEIDA MAIA ELIAS), para a prestação de serviços médicos especializados junto às unidades de saúde geridas pela Secretaria Municipal de Saúde deste Município: Hospital Municipal Sagr"
"2371";"5718";"3-IL-049-2025";"5435";"";"INEXIGIBILIDADE";"SECRETARIA DE SAÚDE";"Homologado";"DUPLICIDADE_PROCESSO_INTERNO";"J? existe processo interno com o mesmo administrativo ou edital (0179/2025 / LEGADO).";"0179/2025";"LEGADO";"Contratação de profissional médico LANINI AXER SERVIÇOS MÉDICOS (AYLA LANINI AXER DAMASCENO), para a prestação de serviços médicos especializados junto às unidades de saúde geridas pela Secretaria Municipal de Saúde deste Município: Hospital Municip"
"2372";"5719";"3-IL-050-2025";"5435";"";"INEXIGIBILIDADE";"SECRETARIA DE SAÚDE";"Homologado";"DUPLICIDADE_PROCESSO_INTERNO";"J? existe processo interno com o mesmo administrativo ou edital (0179/2025 / LEGADO).";"0179/2025";"LEGADO";"Contratação de profissional médico THAIS CARDOSO & CIA LTDA (THAIS CARDOSO GUERRA), para a prestação de serviços médicos especializados junto às unidades de saúde geridas pela Secretaria Municipal de Saúde deste Município: Hospital Municipal Sagrada"
"2373";"5720";"3-il-053-2025";"5435";"";"INEXIGIBILIDADE";"SECRETARIA DE SAÚDE";"Homologado";"DUPLICIDADE_PROCESSO_INTERNO";"J? existe processo interno com o mesmo administrativo ou edital (0179/2025 / LEGADO).";"0179/2025";"LEGADO";"Contratação de profissional médico ALIANÇA SERVIÇOS MÉDICOS S/S (GEILTON DA SILVA GALVÃO JUNIOR), para a prestação de serviços médicos especializados junto às unidades de saúde geridas pela Secretaria Municipal de Saúde deste Município: Hospital Mun"
"2374";"5721";"3-IL-057-2025";"5435";"";"INEXIGIBILIDADE";"SECRETARIA DE SAÚDE";"Homologado";"DUPLICIDADE_PROCESSO_INTERNO";"J? existe processo interno com o mesmo administrativo ou edital (0179/2025 / LEGADO).";"0179/2025";"LEGADO";"Contratação de profissional médico MEDSEVEN (BRISA BOTELHO SILVA), para a prestação de serviços médicos especializados junto às unidades de saúde geridas pela Secretaria Municipal de Saúde deste Município: Hospital Municipal Sagrada Família (HMSF) con"
"2376";"5723";"3-IL-046-2025";"5430";"";"INEXIGIBILIDADE";"SECRETARIA DE SAÚDE";"Homologado";"DUPLICIDADE_PROCESSO_INTERNO";"J? existe processo interno com o mesmo administrativo ou edital (0180/2025 / LEGADO).";"0180/2025";"LEGADO";"Contratação de profissional médico BRAUER SERVIÇOS MÉDICOS (IZADORA BRAUER DE SOUZA PINHO), para a prestação de serviços médicos especializados junto às unidades de saúde geridas pela Secretaria Municipal de Saúde deste Município: Hospital Municipal Sagra"
"2377";"5724";"3-IL-051-2025";"5430";"";"INEXIGIBILIDADE";"SECRETARIA DE SAÚDE";"Homologado";"DUPLICIDADE_PROCESSO_INTERNO";"J? existe processo interno com o mesmo administrativo ou edital (0180/2025 / LEGADO).";"0180/2025";"LEGADO";"Contratação de profissional médico GUEDES BERARDINELLI CLÍNICA MÉDICA LTDA (SHERLE KATIANE NEVES GUEDES), para a prestação de serviços médicos especializados junto às unidades de saúde geridas pela Secretaria Municipal de Saúde deste Município: Hospital M"
"2378";"5725";"3-IL-038-2025";"5430";"";"INEXIGIBILIDADE";"SECRETARIA DE SAÚDE";"Homologado";"DUPLICIDADE_PROCESSO_INTERNO";"J? existe processo interno com o mesmo administrativo ou edital (0180/2025 / LEGADO).";"0180/2025";"LEGADO";"Contratação de profissional médico PSM - PRESTAÇÃO DE SERVIÇOS MÉDICOS LTDA (LEONARDO VILLAS BOAS), para a prestação de serviços médicos especializados junto às unidades de saúde geridas pela Secretaria Municipal de Saúde deste Município: Hospital Munici"
"2379";"5726";"3-IL-025-2025";"5430";"";"INEXIGIBILIDADE";"SECRETARIA DE SAÚDE";"Homologado";"DUPLICIDADE_PROCESSO_INTERNO";"J? existe processo interno com o mesmo administrativo ou edital (0180/2025 / LEGADO).";"0180/2025";"LEGADO";"Contratação de profissional médico CLINICA VITORIA S/S LTDA (ELIZABETE MOREIRA BARBOSA), para a prestação de serviços médicos especializados junto às unidades de saúde geridas pela Secretaria Municipal de Saúde deste Município: Hospital Municipal Sagrada"
"2380";"5727";"3-IL-052-2025";"5430";"";"INEXIGIBILIDADE";"SECRETARIA DE SAÚDE";"Homologado";"DUPLICIDADE_PROCESSO_INTERNO";"J? existe processo interno com o mesmo administrativo ou edital (0180/2025 / LEGADO).";"0180/2025";"LEGADO";"Contratação de profissional médico ALIANÇA SERVIÇOS MÉDICOS S/S (MARIA ALICE RAMIRES MENDES), para a prestação de serviços médicos especializados junto às unidades de saúde geridas pela Secretaria Municipal de Saúde deste Município: Hospital Municipal Sag"
"2381";"5728";"3-IL-033-2025";"5430";"";"INEXIGIBILIDADE";"SECRETARIA DE SAÚDE";"Homologado";"DUPLICIDADE_PROCESSO_INTERNO";"J? existe processo interno com o mesmo administrativo ou edital (0180/2025 / LEGADO).";"0180/2025";"LEGADO";"Contratação de profissional médico VOLPATO CLINICA PEDIÁTRICA LTDA (THAYSA VOLPATO FREIRE LIMA SILVA), para a prestação de serviços médicos especializados junto às unidades de saúde geridas pela Secretaria Municipal de Saúde deste Município: Hospital Mun"
"2382";"5729";"3-IL-048-2025";"5430";"";"INEXIGIBILIDADE";"SECRETARIA DE SAÚDE";"Homologado";"DUPLICIDADE_PROCESSO_INTERNO";"J? existe processo interno com o mesmo administrativo ou edital (0180/2025 / LEGADO).";"0180/2025";"LEGADO";"Contratação de profissional médico GALAVOTTI SERVIÇOS MEDICOS (NAYANA GALAVOTTI DE CARVALHO), para a prestação de serviços médicos especializados junto às unidades de saúde geridas pela Secretaria Municipal de Saúde deste Município: Hospital Municipal Sag"
"2383";"5730";"3-IL-039-2025";"5430";"";"INEXIGIBILIDADE";"SECRETARIA DE SAÚDE";"Homologado";"DUPLICIDADE_PROCESSO_INTERNO";"J? existe processo interno com o mesmo administrativo ou edital (0180/2025 / LEGADO).";"0180/2025";"LEGADO";"Contratação de profissional médico DBSP SERVICOS MEDICOS LTDA (DALILA BITTENCOURT DE SOUZA PELLEGRINE), para a prestação de serviços médicos especializados junto às unidades de saúde geridas pela Secretaria Municipal de Saúde deste Município: Hospital Mu"
"2384";"5731";"3-IL-001-2025";"5430";"";"INEXIGIBILIDADE";"SECRETARIA DE SAÚDE";"Homologado";"DUPLICIDADE_PROCESSO_INTERNO";"J? existe processo interno com o mesmo administrativo ou edital (0180/2025 / LEGADO).";"0180/2025";"LEGADO";"Contratação de profissional médico DHENNI SERVIÇOS MÉDICOS (DHENNI OLIVEIRA CRUZ), para a prestação de serviços médicos especializados junto às unidades de saúde bgeridas pela Secretaria Municipal de Saúde deste Município: Hospital Municipal Sagrada Famíl"
"2385";"5732";"3-IL-032-2025";"5430";"";"INEXIGIBILIDADE";"SECRETARIA DE SAÚDE";"Homologado";"DUPLICIDADE_PROCESSO_INTERNO";"J? existe processo interno com o mesmo administrativo ou edital (0180/2025 / LEGADO).";"0180/2025";"LEGADO";"Contratação de profissional médico J. NUNES SERVICOS MEDICOS LTDA (JESSICA CHRISTINA CARVALHO NUNES), para a prestação de serviços médicos especializados junto às unidades de saúde geridas pela Secretaria Municipal de Saúde deste Município: Hospital Muni"
"2386";"5733";"3-IL-030-2025";"5430";"";"INEXIGIBILIDADE";"SECRETARIA DE SAÚDE";"Homologado";"DUPLICIDADE_PROCESSO_INTERNO";"J? existe processo interno com o mesmo administrativo ou edital (0180/2025 / LEGADO).";"0180/2025";"LEGADO";"Contratação de profissional médico LN SERVMED LTDA (THAÍS BARBOSA LEITE), para a prestação de serviços médicos especializados junto às unidades de saúde geridas pela Secretaria Municipal de Saúde deste Município: Hospital Municipal Sagrada Família (HMSF)"
"2387";"5734";"3-IL-078-2025";"5430";"";"INEXIGIBILIDADE";"SECRETARIA DE SAÚDE";"Homologado";"DUPLICIDADE_PROCESSO_INTERNO";"J? existe processo interno com o mesmo administrativo ou edital (0180/2025 / LEGADO).";"0180/2025";"LEGADO";"Contratação da empresa VITAL SERVIÇOS MEDICOS LTDA, CNPJ: 27.051375/0001370, representada pelo médico TONY CASSIO MARQUES SOARES para a prestação de serviços médicos especializados destinados a UPA 24H (UNIDADE DE PRONTO ATENDIMENTO) conforme edital de"
"2388";"5735";"3-IL-068-2025";"5430";"";"INEXIGIBILIDADE";"SECRETARIA DE SAÚDE";"Homologado";"DUPLICIDADE_PROCESSO_INTERNO";"J? existe processo interno com o mesmo administrativo ou edital (0180/2025 / LEGADO).";"0180/2025";"LEGADO";"Contratação da empresa VITAL SERVIÇOS MEDICOS LTDA, CNPJ: 27.051375/000137, representada pelo médico MAICON ROCHA MARQUES para a prestação de serviços médicos especializados destinados a UPA 24H (UNIDADE DE PRONTO ATENDIMENTO) conforme edital de credenc"
"2389";"5736";"3-IL-065-2025";"5430";"";"INEXIGIBILIDADE";"SECRETARIA DE SAÚDE";"Homologado";"DUPLICIDADE_PROCESSO_INTERNO";"J? existe processo interno com o mesmo administrativo ou edital (0180/2025 / LEGADO).";"0180/2025";"LEGADO";"Contratação da empresa ISA MILENA SERVICOS MEDICOS LTDA, CNPJ: 52.771.994/0001-43, representada pela médica ISA MILENA GALVÃO GUIMARÃES para a prestação de serviços médicos especializados destinados a UPA 24H (UNIDADE DE PRONTO ATENDIMENTO) conforme edita"
"2390";"5737";"3-IL-060-2025";"5430";"";"INEXIGIBILIDADE";"SECRETARIA DE SAÚDE";"Homologado";"DUPLICIDADE_PROCESSO_INTERNO";"J? existe processo interno com o mesmo administrativo ou edital (0180/2025 / LEGADO).";"0180/2025";"LEGADO";"Contratação da empresa GAVA SERVICO MEDICO LTDA, CNPJ: 54.352.253/0001-53 , representado pelo médico BELMIRO CLÁUDIO GAVA BASSO para a prestação de serviços médicos especializados destinados a UPA 24H (UNIDADE DE PRONTO ATENDIMENTO) conforme edital de c"
"2391";"5738";"3-IL-067-2025";"5430";"";"INEXIGIBILIDADE";"SECRETARIA DE SAÚDE";"Homologado";"DUPLICIDADE_PROCESSO_INTERNO";"J? existe processo interno com o mesmo administrativo ou edital (0180/2025 / LEGADO).";"0180/2025";"LEGADO";"Contratação da empresa EMILLY BRENDA DA SILVA TEIXEIRALTDA, CNPJ: 56.307.976/0001-66, representada pela médica EMILLY BRENDA DA SILVA TEIXEIRApara a prestação de serviços médicos especializados destinados a UPA 24H (UNIDADE DE PRONTO ATENDIMENTO) confor"
"2392";"5739";"3-IL-066-2025";"5430";"";"INEXIGIBILIDADE";"SECRETARIA DE SAÚDE";"Homologado";"DUPLICIDADE_PROCESSO_INTERNO";"J? existe processo interno com o mesmo administrativo ou edital (0180/2025 / LEGADO).";"0180/2025";"LEGADO";"Contratação da empresa BAHIA SAÚDE SERVIÇOS LTDA, CNPJ 55.687.383/0001-00 , representada pelo médico BRUNO MASSAMI SHINOZAKI para a prestação de serviços médicos especializados destinados a UPA 24H (UNIDADE DE PRONTO ATENDIMENTO) conforme edital de cred"
"2405";"5755";"PE-XXX-2025";"225/2025";"PMTF/PR/5569/2025";"PREGÃO";"SECRETARIA DE EDUCAÇÃO";"Arquivado";"DUPLICIDADE_PROCESSO_INTERNO";"J? existe processo interno com o mesmo administrativo ou edital (0187/2025 / LEGADO).";"0187/2025";"LEGADO";"FORNECIMENTO DE MOBILIÁRIOS ESCOLARES - TERMO PAR, PARA ATENDER AS DEMANDAS DA SEC. MUN. DE EDUCAÇÃO"
"2419";"5771";"3-DLS-XXX-2025";"558/2025";"PMTF/PR/11659/2025";"DISPENSA";"SECRETARIA DE SAÚDE";"Aguardando Autorização";"DUPLICIDADE_PROCESSO_INTERNO";"J? existe processo interno com o mesmo administrativo ou edital (0350/2025 / LEGADO).";"0350/2025";"LEGADO";"Contratação de empresa especializada no fornecimento de LUVAS CIRURGICAS E DE PROCEDIMENTOS, (MATERIAL DE CONSUMO), cuja especificações técnicas, condições e exigências serão estabelecidas neste instrumento, para atender a Secretaria Municipal De Saúde."
"2424";"5779";"4-DLE-011-2025";"1600/2024";"150/2025";"DISPENSA";"SECRETARIA DE EDUCAÇÃO";"Análise de Habilitação";"DUPLICIDADE_PROCESSO_INTERNO";"J? existe processo interno com o mesmo administrativo ou edital (0451/2024 / LEGADO).";"0451/2024";"LEGADO";"EQUIPAMENTOS DE PROTEÇÃO INDIVIDUAL (EPI) E CORTINAS PARA PORTAS DE CÂMARAS FRIGORÍFICA"
"2425";"5780";"CE-XXX-2025";"XXX/2025";"XXXX/2025";"CONCORRÊNCIA PÚBLICA";"SECRETARIA DE AGRICULTURA PECUÁRIA E ABASTECIMENTO";"Devolvido à origem";"DUPLICIDADE_PROCESSO_INTERNO";"J? existe processo interno com o mesmo administrativo ou edital (0196/2025 / LEGADO).";"0196/2025";"LEGADO";"CONTRATAÇÃO DE EMPRESA ESPECIALIZADA EM EXECUÇÃO DE OBRAS DE CONSTRUÇÃO DE UMA NOVA SEDE PARA A SECRETARIA DE AGRICULTURA, PECUÁRIA E ABASTECIMENTO NO PARQUE DE EXPOSIÇÃO, DO MUNICÍPIO DE TEIXEIRA DE FREITAS – BA."
"2430";"5785";"3-DLS-XXX-2025";"615/2025";"5151/2025";"DISPENSA";"";"Aguardando Autorização";"SECRETARIA_SEM_CORRESPONDENCIA";"A secretaria saneada n?o corresponde a nenhum cadastro interno.";"0334/2025";"LEGADO";"REFORMA DE POLTRONAS"
"2436";"5791";"3-IL-315-2025";"5712";"5712";"INEXIGIBILIDADE";"SECRETARIA DE SAÚDE";"Homologado";"DUPLICIDADE_PROCESSO_INTERNO";"J? existe processo interno com o mesmo administrativo ou edital (0218/2025 / LEGADO).";"0218/2025";"LEGADO";"Contratação de profissional médico TEIXEIRA CORTELETTI SERVIÇOS MEDICOS S/S LTDA (FERNANDO ANTONIO TEIXEIRA SILVA), para a prestação de serviços médicos especializados junto às unidades de saúde geridas pela Secretaria Municipal de Saúde deste Município: Hospital Municipal Sagrada Família (HMSF) conforme edital de credenciamento médico 04/2024 FMS, pelo período de 12 meses."
"2437";"5792";"3-IL-314-2025";"5712";"5712";"INEXIGIBILIDADE";"SECRETARIA DE SAÚDE";"Homologado";"DUPLICIDADE_PROCESSO_INTERNO";"J? existe processo interno com o mesmo administrativo ou edital (0218/2025 / LEGADO).";"0218/2025";"LEGADO";"Contratação de profissional médico NAM SERVIÇOS MÉDICOS (JULIANA AMATO DOS SANTOS), para a prestação de serviços médicos especializados junto às unidades de saúde geridas pela Secretaria Municipal de Saúde deste Município: Hospital Municipal Sagrada Família (HMSF) conforme edital de credenciamento médico 04/2024 FMS, pelo período de 12 meses."
"2438";"5793";"3-IL-313-2025";"5712";"5712";"INEXIGIBILIDADE";"SECRETARIA DE SAÚDE";"Homologado";"DUPLICIDADE_PROCESSO_INTERNO";"J? existe processo interno com o mesmo administrativo ou edital (0218/2025 / LEGADO).";"0218/2025";"LEGADO";"Contratação de profissional médico NAM SERVIÇOS MÉDICOS (JULIANA AMATO DOS SANTOS), para a prestação de serviços médicos especializados junto às unidades de saúde geridas pela Secretaria Municipal de Saúde deste Município: Hospital Municipal Sagrada Família (HMSF) conforme edital de credenciamento médico 04/2024 FMS, pelo período de 12 meses."
"2441";"5796";"3-IL-308-2025";"5700";"5700";"INEXIGIBILIDADE";"SECRETARIA DE SAÚDE";"Homologado";"DUPLICIDADE_PROCESSO_INTERNO";"J? existe processo interno com o mesmo administrativo ou edital (0220/2025 / LEGADO).";"0220/2025";"LEGADO";"Solicito a contratação de profissional médico ZINATO SERVIÇOS MÉDICOS LTDA (LARISSA JULIA DE CASTRO ZINATO), para a prestação de serviços médicos especializados junto às unidades de saúde geridas pela Secretaria Municipal de Saúde deste Município: Hospital Municipal Sagrada Família (HMSF) conforme edital de credenciamento médico 04/2024 FMS, pelo período de 12 meses."
"2442";"5797";"3-IL-309-2025";"5700";"5700";"INEXIGIBILIDADE";"SECRETARIA DE SAÚDE";"Homologado";"DUPLICIDADE_PROCESSO_INTERNO";"J? existe processo interno com o mesmo administrativo ou edital (0220/2025 / LEGADO).";"0220/2025";"LEGADO";"Solicito a contratação de profissional médico LETÍCIA ALTOÉ SESSA SERVIÇOS MÉDICOS LTDA (LETÍCIA ALTOÉ SESSA), para a prestação de serviços médicos especializados junto às unidades de saúde geridas pela Secretaria Municipal de Saúde deste Município: Hospital Municipal Sagrada Família (HMSF) conforme edital de credenciamento médico 04/2024 FMS, pelo período de 12 meses."
"2443";"5798";"3-IL-312-2025";"5700";"5700";"INEXIGIBILIDADE";"SECRETARIA DE SAÚDE";"Homologado";"DUPLICIDADE_PROCESSO_INTERNO";"J? existe processo interno com o mesmo administrativo ou edital (0220/2025 / LEGADO).";"0220/2025";"LEGADO";"Contratação da empresa LOPES & RONACHER SERVIÇOS MÉDICOS LTDA, CNPJ: 30.386.974/0001-16, representada pelo médico TARCISIO SADES RONACHER para a prestação de serviços médicos especializados destinados ao HMTF (HOSPITAL MUNCIPAL DE TEIXEIRA DE FREITAS) conforme edital de credenciamento médico 001/2025 FMS, pelo período de 12 meses."
"2444";"5799";"3-IL-311-2025";"5700";"5700";"INEXIGIBILIDADE";"SECRETARIA DE SAÚDE";"Homologado";"DUPLICIDADE_PROCESSO_INTERNO";"J? existe processo interno com o mesmo administrativo ou edital (0220/2025 / LEGADO).";"0220/2025";"LEGADO";"Contratação da empresa MATOS E CARARI LTDA, CNPJ: 28.885.054/0001-09, representada pelo médico GABRIEL DOS SANTOS MATOS para a prestação de serviços médicos especializados destinados ao HMTF (HOSPITAL MUNCIPAL DE TEIXEIRA DE FREITAS) conforme edital de credenciamento médico 001/2025 FMS, pelo período de 12 meses."
"2447";"5802";"3-IL-144-2024";"5687";"5687";"INEXIGIBILIDADE";"SECRETARIA DE SAÚDE";"Homologado";"DUPLICIDADE_PROCESSO_INTERNO";"J? existe processo interno com o mesmo administrativo ou edital (0222/2025 / LEGADO).";"0222/2025";"LEGADO";"Empresa especializada na prestação do serviço de revisão periódica para o veículo FIAT TORO VOLC AT9 4X4, para atender as demandas do Laboratório Municipal de Referência Regional (LMRR), sob responsabilidade da Secretaria Municipal de Saúde."
"2448";"5803";"3-IL-143-2024";"5695";"5695";"INEXIGIBILIDADE";"SECRETARIA DE SAÚDE";"Arquivado";"DUPLICIDADE_PROCESSO_INTERNO";"J? existe processo interno com o mesmo administrativo ou edital (0407/2024 / LEGADO).";"0407/2024";"LEGADO";"Empresa especializada na prestação dos serviços de revisão periódica para os veículos TOYOTA HILUX FLASH AMB, para atender as demandas da Secretaria Municipal de Saúde."
"2450";"5805";"3-IL-304-2025";"5691";"5691";"INEXIGIBILIDADE";"SECRETARIA DE SAÚDE";"Homologado";"DUPLICIDADE_PROCESSO_INTERNO";"J? existe processo interno com o mesmo administrativo ou edital (0223/2025 / LEGADO).";"0223/2025";"LEGADO";"SOLICITO A CONTRATAÇÃO DO PROFISSIONAL NICOLE LIMA E SOUZA SERVIÇOS MÉDICOS LTDA (NICOLE LIMA SOUZA) PARA A PRESTAÇÃO DE SERVIÇOS MÉDICOS ESPECIALIZADOS JUNTO ÁS UNIDADES DE SAÚDE PELA SECRETARIA MUNICIPAL DE SAÚDE:ATENÇÃO BASICA PELO PERIODO DE 12 MESES."
"2451";"5806";"3-IL-303-2025";"5691";"5691";"INEXIGIBILIDADE";"SECRETARIA DE SAÚDE";"Homologado";"DUPLICIDADE_PROCESSO_INTERNO";"J? existe processo interno com o mesmo administrativo ou edital (0223/2025 / LEGADO).";"0223/2025";"LEGADO";"Contratação da empresa GAVA SERVIÇOS MÉDICOS, CNPJ: 54.352.253/0001-53, representada pelo médico BELMIRO CLAUDIO GAVA BASSO para a prestação de serviços médicos especializados destinados ao HMTF (HOSPITAL MUNCIPAL DE TEIXEIRA DE FREITAS) conforme edital de credenciamento médico 001/2025 FMS, pelo período de 06 meses."
"2453";"5808";"3-IL-292-2025";"5686";"5686";"INEXIGIBILIDADE";"SECRETARIA DE SAÚDE";"Homologado";"DUPLICIDADE_PROCESSO_INTERNO";"J? existe processo interno com o mesmo administrativo ou edital (0224/2025 / LEGADO).";"0224/2025";"LEGADO";"Solicitamos a contratação da Pessoa Jurídica, CLINICA OTORRINO G. O. LTDA (49.444.40/0001-58) conforme o edital de credenciamento 003/2025 para atender às necessidades da Regulação, no período de 12 meses."
"2454";"5809";"3-IL-291-2025";"5686";"5686";"INEXIGIBILIDADE";"SECRETARIA DE SAÚDE";"Homologado";"DUPLICIDADE_PROCESSO_INTERNO";"J? existe processo interno com o mesmo administrativo ou edital (0224/2025 / LEGADO).";"0224/2025";"LEGADO";"Solicitamos a contratação da Pessoa Jurídica, MEDICAL MEDICOS ASSOCIADOS LTDA CNPJ: 26.442.211/0002-97 conforme o edital de credenciamento 003/2025 para atender às necessidades da Regulação, no período de 12 meses."
"2455";"5810";"3-IL-299-2025";"5686";"5686";"INEXIGIBILIDADE";"SECRETARIA DE SAÚDE";"Homologado";"DUPLICIDADE_PROCESSO_INTERNO";"J? existe processo interno com o mesmo administrativo ou edital (0224/2025 / LEGADO).";"0224/2025";"LEGADO";"Solicitamos a contratação da Pessoa Jurídica, COSTA CARVALHO SERVIÇOS MEDICOS S/S LTDA (27.255.174/0001-51) conforme o edital de credenciamento 003/2025 para atender às necessidades da Regulação, no período de 12 meses."
"2456";"5811";"3-IL-298-2025";"5686";"5686";"INEXIGIBILIDADE";"SECRETARIA DE SAÚDE";"Homologado";"DUPLICIDADE_PROCESSO_INTERNO";"J? existe processo interno com o mesmo administrativo ou edital (0224/2025 / LEGADO).";"0224/2025";"LEGADO";"Solicitamos a contratação da Pessoa Jurídica, JH SERVIÇOS MEDICOS LTDA CNPJ 10.623.281/0001-92 para atender às necessidades da Regulação conforme Edital de Credenciamento 003-2025, no período de 12 meses."
"2457";"5812";"3-IL-297-2025";"5686";"5686";"INEXIGIBILIDADE";"SECRETARIA DE SAÚDE";"Homologado";"DUPLICIDADE_PROCESSO_INTERNO";"J? existe processo interno com o mesmo administrativo ou edital (0224/2025 / LEGADO).";"0224/2025";"LEGADO";"Solicitamos a contratação da Pessoa Jurídica, MATOS & CARARI CNPJ 28.885.054/0001-09 para atender às necessidades da Regulação conforme Edital de Credenciamento 003-2025, no período de 12 meses."
"2458";"5813";"3-IL-296-2025";"5686";"5686";"INEXIGIBILIDADE";"SECRETARIA DE SAÚDE";"Homologado";"DUPLICIDADE_PROCESSO_INTERNO";"J? existe processo interno com o mesmo administrativo ou edital (0224/2025 / LEGADO).";"0224/2025";"LEGADO";"Solicitamos a contratação da Pessoa Jurídica, A L P XAVIER LTDA (24.787.116/0001-80) conforme o edital de credenciamento 003/2025 para atender às necessidades da Regulação, no período de 12 meses."
"2459";"5814";"3-IL-295-2025";"5686";"5686";"INEXIGIBILIDADE";"SECRETARIA DE SAÚDE";"Homologado";"DUPLICIDADE_PROCESSO_INTERNO";"J? existe processo interno com o mesmo administrativo ou edital (0224/2025 / LEGADO).";"0224/2025";"LEGADO";"Solicitamos a contratação da Pessoa Jurídica, SIEPIERSKI ATIVIDADES MEDICA AMBULATORIAIS LTDA CNPJ 22.620.481/0001-70 para atender às necessidades da Regulação conforme Edital de Credenciamento 003-2025, no período de 12 meses."
"2460";"5815";"3-IL-294-2025";"5686";"5686";"INEXIGIBILIDADE";"SECRETARIA DE SAÚDE";"Homologado";"DUPLICIDADE_PROCESSO_INTERNO";"J? existe processo interno com o mesmo administrativo ou edital (0224/2025 / LEGADO).";"0224/2025";"LEGADO";"Solicitamos a contratação da Pessoa Jurídica, OLIVEIRA E DAMENHAUER LTDA CNPJ 49.076.720/0001-36 conforme o edital de credenciamento 003/2025 para atender às necessidades da Regulação, no período de 12 meses."
"2461";"5816";"3-IL-302-2025";"5687";"5687";"INEXIGIBILIDADE";"SECRETARIA DE SAÚDE";"Homologado";"DUPLICIDADE_PROCESSO_INTERNO";"J? existe processo interno com o mesmo administrativo ou edital (0222/2025 / LEGADO).";"0222/2025";"LEGADO";"Solicito a contratação de profissional médico VITAL SAUDE SERVIÇOS MÉDICOS LTDA para a prestação de serviços médicos especializados junto às unidades de saúde geridas pela Secretaria Municipal de Saúde deste Município: Centro Especializado em Reabilitação (CER IV) conforme edital de credenciamento médico 02/2025 FMS, pelo período de 12 meses."
"2462";"5817";"3-IL-293-2025";"5686";"5686";"INEXIGIBILIDADE";"SECRETARIA DE SAÚDE";"Homologado";"DUPLICIDADE_PROCESSO_INTERNO";"J? existe processo interno com o mesmo administrativo ou edital (0224/2025 / LEGADO).";"0224/2025";"LEGADO";"Solicitamos a contratação da Pessoa Jurídica, SENSORIUM SERVIÇOS MEDICOS S/S CNPJ 07.409.677/0001-27 para atender às necessidades da Regulação conforme Edital de Credenciamento 003-2025, no período de 12 meses."
"2474";"5831";"PE-036-2025";"658/2025";"5046/2025";"PREGÃO";"SECRETARIA DE SAÚDE";"Homologado";"DUPLICIDADE_PROCESSO_INTERNO";"J? existe processo interno com o mesmo administrativo ou edital (0045/2025 / MANUAL).";"0045/2025";"MANUAL";"[SRP] MEDICAMENTOS DIVERSOS IV"
"2477";"5835";"PE-XXX-2025";"679/2025";"PMTF/PR/13759/2025";"PREGÃO";"SECRETARIA DE SAÚDE";"Arquivado";"DUPLICIDADE_PROCESSO_INTERNO";"J? existe processo interno com o mesmo administrativo ou edital (0238/2025 / LEGADO).";"0238/2025";"LEGADO";"Registro de Preço para futura e eventual contratação de empresa especializada no fornecimento de LUVAS PARA PROCEDIMENTOS (material de consumo), cuja especificações técnicas, quantidades e demais condições encontram-se detalhados neste instrumento, para atender a Secretaria Municipal de Saúde de Teixeira de Freitas-BA"
"2486";"5844";"";"737/2025";"5905/2025";"DISPENSA";"";"Aguardando Autorização";"SECRETARIA_SEM_CORRESPONDENCIA";"A secretaria saneada n?o corresponde a nenhum cadastro interno.";"";"";"PRESTAÇÃO DE SERVIÇO DE BUFFET"
"2487";"5845";"PE-";"740/2025";"PMTF/PR/12569/2025";"";"";"Aguardando Autorização";"SECRETARIA_SEM_CORRESPONDENCIA";"A secretaria saneada n?o corresponde a nenhum cadastro interno.";"0253/2025";"LEGADO";"MANUTENÇÃO PREVENTIVA E CORRETIVA DE SISTEMA DE ARES CONDICIONADOS."
"2490";"5849";"3-DLE-XXX-2025";"761/2025";"6221/2025";"DISPENSA";"SECRETARIA DE SAÚDE";"ARQUIVADO";"DUPLICIDADE_PROCESSO_INTERNO";"J? existe processo interno com o mesmo administrativo ou edital (0335/2025 / LEGADO).";"0335/2025";"LEGADO";"FILMES RADIOLÓGICOS"
"2491";"5850";"PE-049-2025";"739/2025";"6283/2025";"PREGÃO";"SECRETARIA DE SAÚDE";"REVOGADO";"DUPLICIDADE_PROCESSO_INTERNO";"J? existe processo interno com o mesmo administrativo ou edital (0052/2026 / MANUAL).";"0052/2026";"MANUAL";"Futura e Eventual contratação de empresa especializada no fornecimento de TESTES BIOQUÍMICOS COM CESSÃO GRATUITA DE EQUIPAMENTOS DE AUTOMAÇÃO EM REGIME DE COMODATO, a fim de atender as demandas da Secretaria Municipal de Saúde."
"2503";"5862";"PE-060-2025";"493/2025";"6391/2025";"PREGÃO";"SECRETARIA DE ADMINISTRAÇÃO";"Homologado";"DUPLICIDADE_PROCESSO_INTERNO";"J? existe processo interno com o mesmo administrativo ou edital (0209/2025 / LEGADO).";"0209/2025";"LEGADO";"Contratação de empresa especializada no fornecimento de GRAMA NATURAL E SINTETICA, material de consumo, a fim de atender às demandas da Secretaria Municipal de Teixeira de Freitas."
"2510";"5869";"PE-064-2025";"811/2025";"6629/2025";"PREGÃO";"SECRETARIA DE ADMINISTRAÇÃO";"Homologado";"DUPLICIDADE_PROCESSO_INTERNO";"J? existe processo interno com o mesmo administrativo ou edital (0043/2025 / MANUAL).";"0043/2025";"MANUAL";"CONTRATAÇÃO DE EMPRESA ESPECIALIZADA NA PRESTAÇÃO DE SERVIÇO E NO FORNECIMENTO DOS MATERIAIS NECESSÁRIOS PARA A REALIZAÇÃO DO CONTROLE DE PRAGAS URBANAS E VETORES (DEDETIZAÇÃO, DESINSETIZAÇÃO, DESRATIZAÇÃO, DESCUPINIZAÇÃO, DESALOJAMENTO DE POMBOS E MORCEGOS), PARA ATENDER AS DEMANDAS DA SECRETARIA MUNICIPAL DE ADMINISTRAÇÃO E DEMAIS SECRETARIAS."
"2516";"5875";"PE-069-2025";"873/2025";"6822/2025";"PREGÃO";"SECRETARIA DE FINANÇAS";"DEVOLVIDO À ORIGEM";"DUPLICIDADE_PROCESSO_INTERNO";"J? existe processo interno com o mesmo administrativo ou edital (0051/2026 / MANUAL).";"0051/2026";"MANUAL";"CONTRATAÇÃO DE EMPRESA ESPECIALIZADA NA PRESTAÇÃO DE SERVIÇO DE IMPLANTAÇÃO DE SISTEMA DE INFORMAÇÕES GEOGRÁFICAS E PRODUÇÃO DE BASE CARTOGRÁFICA ATRAVÉS DO AEROLEVANTAMENTO DO MUNICÍPIO DE TEIXEIRA DE FREITAS – BA, A FIM DE ATENDER AS DEMANDAS DA SECRETARIA MUNICIPAL DE FINANÇAS."
"2517";"5876";"PE-067-2025";"859/2025";"6839/2025";"PREGÃO";"SECRETARIA DE ADMINISTRAÇÃO";"Homologado";"DUPLICIDADE_PROCESSO_INTERNO";"J? existe processo interno com o mesmo administrativo ou edital (0044/2025 / MANUAL).";"0044/2025";"MANUAL";"CONTRATAÇÃO DE EMPRESA ESPECIALIZADA NA PRESTAÇÃO DE SERVIÇO DE LOCAÇÃO DE EQUIPAMENTOS, ESTRUTURAS E MATERIAIS PARA A REALIZAÇÃO DE EVENTOS NO MUNICÍPIO DE TEIXEIRA DE FREITAS, COMPREENDENDO: RECURSOS HUMANOS, SERVIÇOS TÉCNICOS, LOCAÇÃO DE EQUIPAMENTOS DE ÁUDIO E VÍDEO, MONTAGENS E DESMONTAGENS DE ESTRUTURAS METÁLICAS, ALIMENTAÇÃO, MATERIAL CONSUMÍVEL, TRIOS ELÉTRICOS, UNIDADES MÓVEIS DE SOM E LUZ E DEMAIS ARTEFATOS NECESSÁRIOS À CONSECUÇÃO DAS ATIVIDADES CORRELATAS, A FIM DE ATENDER AS DEMANDAS DA SECRETARIA MUNICIPAL DE ADMINISTRAÇÃO E DEMAIS SECRETARIAS."
"2529";"5888";"4-DLE-062-2025";"775/2025";"6646/2025";"DISPENSA";"SECRETARIA DE EDUCAÇÃO";"Homologado";"DUPLICIDADE_PROCESSO_INTERNO";"J? existe processo interno com o mesmo administrativo ou edital (0254/2025 / LEGADO).";"0254/2025";"LEGADO";"Contratação de empresa especializada no fornecimento de UNIFORMES ESPORTIVOS, a fim de atender as demandas da Secretaria Municipal de Educação de Teixeira de Freitas-BA."
"2531";"5890";"5-DLS-056-2025";"820/2025";"6618/2025";"DISPENSA";"SECRETARIA DE PROMOÇÃO SOCIAL";"Recepção de Propostas";"OBJETO_INCOMPLETO";"O objeto saneado ainda est? incompleto para importa??o.";"";"";""
"2534";"5893";"CE-XXX-XXXX";"XXX/XXXX";"XXX/XXXX";"CONCORRÊNCIA PÚBLICA";"";"Arquivado";"SECRETARIA_SEM_CORRESPONDENCIA";"A secretaria saneada n?o corresponde a nenhum cadastro interno.";"";"";"CONTRATAÇÃO DE EMPRESA ESPECIALIZADA EM EXECUÇÃO DE OBRAS DE MACRODRENAGEM E MICRODRENAGEM NO CÓRREGO DO PENTEADO EM ADUELAS DE CONCRETO CELULAR E TUBOS PEAD (POLIETILENO DE ALTA DENSIDADE), BEM COMO, A RECOMPOSIÇÃO DE PAVIMENTO, NO BAIRRO JARDIM CARAÍPE, NO MUNICÍPIO DE TEIXEIRA DE FREITAS - BA."
"2540";"5900";"PE-XXX-2025";"910/2025";"7053/2025";"PREGÃO";"SECRETARIA DE PROMOÇÃO SOCIAL";"Arquivado";"DUPLICIDADE_PROCESSO_INTERNO";"J? existe processo interno com o mesmo administrativo ou edital (0192/2025 / LEGADO).";"0192/2025";"LEGADO";"AQUISIÇÃO DE VEÍCULOS [FRACASSADOS DO PE-059-2025]"
"2543";"5903";"PE-078-2025";"872/2025";"7099/2025";"PREGÃO";"SECRETARIA DE SAÚDE";"HOMOLOGADO";"DUPLICIDADE_PROCESSO_INTERNO";"J? existe processo interno com o mesmo administrativo ou edital (0042/2025 / MANUAL).";"0042/2025";"MANUAL";"AQUISIÇÃO DE CADEIRAS DE RODAS, BENGALAS, ALMOFADAS E ANDADORES"
"2545";"5906";"2-DLS-075-2025";"659/2025";"5288/2025";"DISPENSA";"SECRETARIA DE INFRAESTRUTURA E SERVIÇOS URBANOS";"Homologado";"DUPLICIDADE_PROCESSO_INTERNO";"J? existe processo interno com o mesmo administrativo ou edital (0231/2025 / LEGADO).";"0231/2025";"LEGADO";"CONTRATAÇÃO DE INSTITUIÇÃO FINANCEIRA"
"2546";"5907";"3-DLE-043-2025";"777/2025";"6587/2025";"DISPENSA";"SECRETARIA DE SAÚDE";"Homologado";"DUPLICIDADE_PROCESSO_INTERNO";"J? existe processo interno com o mesmo administrativo ou edital (0247/2025 / LEGADO).";"0247/2025";"LEGADO";"MANUTENÇÃO CORRETIVA DE GERADORES"
"2548";"5909";"PE-079-2025";"878/2025";"6879/2025";"PREGÃO";"SECRETARIA DE EDUCAÇÃO";"HOMOLOGADO";"DUPLICIDADE_PROCESSO_INTERNO";"J? existe processo interno com o mesmo administrativo ou edital (0050/2026 / MANUAL).";"0050/2026";"MANUAL";"Fornecimento de BRINQUEDOS PEDAGÓGICOS (material de consumo), a fim de atender as demandas da Secretaria Municipal de Educação."
"2552";"5913";"PE-083-2025";"975/2025";"PMTF/PR/21971/2025";"PREGÃO";"SECRETARIA DE EDUCAÇÃO";"Arquivado";"DUPLICIDADE_PROCESSO_INTERNO";"J? existe processo interno com o mesmo administrativo ou edital (0041/2025 / MANUAL).";"0041/2025";"MANUAL";"Contratação de empresa especializada no fornecimento de UTENSÍLIOS DE COZINHA (materiais de consumo), cujas especificações técnicas, quantidades e demais condições encontram- se detalhados neste instrumento, a fim de atender as demandas da Secretaria Municipal de Educação"
"2555";"5917";"PE-083-2025";"975/2025";"7482/2025";"PREGÃO";"SECRETARIA DE EDUCAÇÃO";"HOMOLOGADO";"DUPLICIDADE_PROCESSO_INTERNO";"J? existe processo interno com o mesmo administrativo ou edital (0041/2025 / MANUAL).";"0041/2025";"MANUAL";"AQUISIÇÃO DE UTENSILIOS DE COZINHA - TERMO PAR"
"2556";"5918";"3-DLS-067-2025";"893/2025";"6945/2025";"DISPENSA";"SECRETARIA DE SAÚDE";"Aguardando Autorização";"OBJETO_INCOMPLETO";"O objeto saneado ainda est? incompleto para importa??o.";"";"";""
"2557";"5919";"";"904/2025";"7048/2025";"DISPENSA";"";"Aguardando Autorização";"SECRETARIA_SEM_CORRESPONDENCIA";"A secretaria saneada n?o corresponde a nenhum cadastro interno.";"0359/2025";"LEGADO";""
"2558";"5920";"5-DLS-075-2025";"922/2025";"7082/2025";"DISPENSA";"SECRETARIA DE PROMOÇÃO SOCIAL";"Aguardando Autorização";"OBJETO_INCOMPLETO";"O objeto saneado ainda est? incompleto para importa??o.";"0289/2025";"LEGADO";""
"2569";"5945";"PE-098-2025";"686/2025";"5717/2025";"PREGÃO";"SECRETARIA DE INFRAESTRUTURA E SERVIÇOS URBANOS";"HOMOLOGADO";"DUPLICIDADE_PROCESSO_INTERNO";"J? existe processo interno com o mesmo administrativo ou edital (0039/2025 / MANUAL).";"0039/2025";"MANUAL";"Contratação de empresa especializada no fornecimento de MADEIRAS SERRADAS (material de consumo), a fim de atender as demandas da Secretaria Municipal de Infraestrutura e Serviços Urbanos."
"2575";"5953";"PE-057-2025";"1087/2025";"7652/2025";"PREGÃO";"SECRETARIA DE INFRAESTRUTURA E SERVIÇOS URBANOS";"HOMOLOGADO";"DUPLICIDADE_PROCESSO_INTERNO";"J? existe processo interno com o mesmo administrativo ou edital (0254/2025 / LEGADO).";"0254/2025";"LEGADO";"Contratação de empresa especializada no fornecimento de MATERIAIS PARA PINTURA, a fim de atender as demandas da Secretaria Municipal de Infraestrutura e Serviços Urbanos."
"2593";"5971";"2-DLE-089-2025";"979/2025";"PMTF/PR/26652/2025";"DISPENSA";"SECRETARIA DE INFRAESTRUTURA E SERVIÇOS URBANOS";"Fracassado";"DUPLICIDADE_PROCESSO_INTERNO";"J? existe processo interno com o mesmo administrativo ou edital (0298/2025 / LEGADO).";"0298/2025";"LEGADO";"REALIZAÇÃO DO SERVIÇO TÉCNICO COMPLETO DE DESMONTAGEM DE TORRE DE TELECOMUNICAÇÃO AUTOPORTANTE(ESTAIADA"
"2597";"5975";"2-DLE-004-2025";"1400/2024";"XXX";"DISPENSA";"SECRETARIA DE AGRICULTURA PECUÁRIA E ABASTECIMENTO";"Revogado";"DUPLICIDADE_PROCESSO_INTERNO";"J? existe processo interno com o mesmo administrativo ou edital (0096/2025 / LEGADO).";"0096/2025";"LEGADO";"Contratação de empresa especializada no fornecimento de MATERIAIS E EQUIPAMENTOS VETERINÁRIOS (material de consumo), para atender as necessidades da Secretaria Municipal de Agricultura, Pecuária e Abastecimento, conforme condições, quantidades e exigências estabelecidas neste Aviso de Contratação Direta, Termo de Referência - TR e seus Anexos."
"2599";"5977";"2-DLE-044-2025";"793/2025";"XXX";"DISPENSA";"SECRETARIA DE INFRAESTRUTURA E SERVIÇOS URBANOS";"Homologado";"DUPLICIDADE_PROCESSO_INTERNO";"J? existe processo interno com o mesmo administrativo ou edital (0256/2025 / LEGADO).";"0256/2025";"LEGADO";"Contratação de empresa para o fornecimento de MATERIAIS ELÉTRICOS II (materiais de consumo), para atender as necessidades da Secretaria Municipal de Infraestrutura, Serviço Urbanos, conforme condições, quantidades e exigências estabelecidas neste Aviso de Contratação Direta, Termo de Referência - TR e seus Anexos."
"2602";"5980";"3-DLE-023-2025";"546/2025";"XXX";"DISPENSA";"SECRETARIA DE SAÚDE";"Fracassado";"DUPLICIDADE_PROCESSO_INTERNO";"J? existe processo interno com o mesmo administrativo ou edital (0206/2025 / LEGADO).";"0206/2025";"LEGADO";"Contratação de empresa especializada no fornecimento de POLTRONAS HOSPITALARES RECLINAVEIS (MATERIAL PERMANENTE), cuja especificações técnicas, condições e exigências serão estabelecidas neste instrumento, para atender a Secretaria Municipal de Saúde."
"2620";"5998";"3-DLS-025-2025";"561/2025";"XXX";"DISPENSA";"SECRETARIA DE SAÚDE";"DEVOLVIDO À ORIGEM";"DUPLICIDADE_PROCESSO_INTERNO";"J? existe processo interno com o mesmo administrativo ou edital (0204/2025 / LEGADO).";"0204/2025";"LEGADO";"Contratação de empresa especializada no fornecimento de INSULINA, (MATERIAL DE CONSUMO), cuja especificações técnicas, condições e exigências serão estabelecidas neste instrumento, para atender a Secretaria Municipal Saúde."
"2625";"6003";"3-DLS-040-2025";"727/2025";"XXX";"DISPENSA";"SECRETARIA DE SAÚDE";"Aguardando Autorização";"DUPLICIDADE_PROCESSO_INTERNO";"J? existe processo interno com o mesmo administrativo ou edital (0259/2025 / LEGADO).";"0259/2025";"LEGADO";"DERMOCOSMÉTICOS"
"2631";"6009";"3-DLS-072-2025";"896/2025";"XXX";"DISPENSA";"SECRETARIA DE SAÚDE";"Aguardando Autorização";"DUPLICIDADE_PROCESSO_INTERNO";"J? existe processo interno com o mesmo administrativo ou edital (0357/2025 / LEGADO).";"0357/2025";"LEGADO";"INSUMOS HOSPITALARES E AMBULATORIAIS DIVERSOS E FRALDAS DESCARTÁVEIS INFANTIS E GERIÁTRICAS"
"2637";"6015";"3-DLS-090-2025";"981/2025";"XXX";"DISPENSA";"SECRETARIA DE SAÚDE";"Aguardando Autorização";"DUPLICIDADE_PROCESSO_INTERNO";"J? existe processo interno com o mesmo administrativo ou edital (0300/2025 / LEGADO).";"0300/2025";"LEGADO";"FRALDAS DESCARTÁVEIS XXG DEMANDA JUDICIAL"
"2641";"6019";"XXXXX";"615/2025";"XXX";"DISPENSA";"SECRETARIA DE SAÚDE";"Aguardando Autorização";"DUPLICIDADE_PROCESSO_INTERNO";"J? existe processo interno com o mesmo administrativo ou edital (0334/2025 / LEGADO).";"0334/2025";"LEGADO";"REFORMA DE POLTRONAS HOSPITALARES, PARA ATENDER AS UNIDADES HOSPITALARES"
"2643";"6022";"5-DLS-049-2025";"111";"XXX";"DISPENSA";"SECRETARIA DE ADMINISTRAÇÃO";"Aguardando Autorização";"OBJETO_INCOMPLETO";"O objeto saneado ainda est? incompleto para importa??o.";"";"";""
"2650";"6029";"PE-115-2025";"1060/2025";"7853/2025";"PREGÃO";"SECRETARIA DE ADMINISTRAÇÃO";"FRACASSADO";"DUPLICIDADE_PROCESSO_INTERNO";"J? existe processo interno com o mesmo administrativo ou edital (0004/2025 / MANUAL).";"0004/2025";"MANUAL";"Contratação de empresa espacializada no FORNECIMENTO COM A INSTALAÇÃO DE MATERIAIS SEMAFÓRICOS (material permanente), a fim de atender as demandas da Secretaria Municipal de Segurança e Transportes."
"2655";"6034";"3-DLE-099-2025";"1071/2025";"7842/2025";"DISPENSA";"SECRETARIA DE SAÚDE";"Em Andamento";"OBJETO_INCOMPLETO";"O objeto saneado ainda est? incompleto para importa??o.";"0339/2025";"LEGADO";""
"2663";"6044";"3-DLS-090-2025";"981/2025";"7851/2025";"DISPENSA";"SECRETARIA DE SAÚDE";"FRACASSADO";"DUPLICIDADE_PROCESSO_INTERNO";"J? existe processo interno com o mesmo administrativo ou edital (0300/2025 / LEGADO).";"0300/2025";"LEGADO";"FRALDAS DESCARTAVEIS INFANTIS"
"2666";"6047";"PE-XXX-2025";"1094/2025";"7956/2025";"PREGÃO";"SECRETARIA DE SAÚDE";"DEVOLVIDO À ORIGEM";"DUPLICIDADE_PROCESSO_INTERNO";"J? existe processo interno com o mesmo administrativo ou edital (0192/2025 / LEGADO).";"0192/2025";"LEGADO";"Contratação de empresa especializada na prestação de serviço de MANUTENÇÃO PREVENTIVA E CONRRETIVA DE VENTILADORES PULMONARES, COM FORNECIMENTO DE PEÇAS, a fim de atender as demandas da Secretaria Municipal de Saúde."
"2676";"6058";"PE-128-2025";"1179/2025";"7212/2025";"PREGÃO";"SECRETARIA DE ADMINISTRAÇÃO";"FRACASSADO";"DUPLICIDADE_PROCESSO_INTERNO";"J? existe processo interno com o mesmo administrativo ou edital (0065/2025 / LEGADO).";"0065/2025";"LEGADO";"Contratação de empresa especializada no fornecimento de EQUIPAMENTOS DE SONORIZAÇÃO, ILUMINAÇÃO E ESTRUTURA DE PALCO (material permanente e de consumo), a fim de atender as demandas da Secretaria de Educação e Promoção Social e Cultura."
"2680";"6062";"PE-130-2025";"1192/2025";"7889/2025";"PREGÃO";"SECRETARIA DE EDUCAÇÃO";"HOMOLOGADO";"DUPLICIDADE_PROCESSO_INTERNO";"J? existe processo interno com o mesmo administrativo ou edital (0037/2025 / MANUAL).";"0037/2025";"MANUAL";"Contratação de empresa especializada no fornecimento de ELETRODOMÉSTICOS (material permanente), por meio do Plano de Ações Articuladas (PAR) de números 201403172, 202300217 e 9230/2012, a fim de atender às demandas da Secretaria Municipal de Educação."
"2685";"6067";"CE-XXX-2025";"971/2025";"PMTF/PR/37609/2025";"CONCORRÊNCIA PÚBLICA";"SECRETARIA DE EDUCAÇÃO";"DEVOLVIDO À ORIGEM";"DUPLICIDADE_PROCESSO_INTERNO";"J? existe processo interno com o mesmo administrativo ou edital (0026/2025 / MANUAL).";"0026/2025";"MANUAL";"CONTRATAÇÃO DE EMPRESA ESPECIALIZADA EM EXECUÇÃO DE OBRAS DE CONSTRUÇÃO DE UMA PRÉ-ESCOLA, NO BAIRRO SANTA RITA, DO MUNICÍPIO DE TEIXEIRA DE FREITAS - BA."
"2686";"6068";"PE-135-2025";"1237/2025";"PMTF/PR/54568/2025";"PREGÃO";"SECRETARIA DE PROMOÇÃO SOCIAL";"HOMOLOGADO";"DUPLICIDADE_PROCESSO_INTERNO";"J? existe processo interno com o mesmo administrativo ou edital (0035/2025 / MANUAL).";"0035/2025";"MANUAL";"Contratação de empresa especializada para aquisição MOTOCICLETA (materiais permanentes), cujas especificações técnicas, quantidades e demais condições encontram-se detalhados neste instrumento, a fim de atender as demandas da Secretaria Municipal de Promoção Social e Cultura."
"2695";"6084";"2-DLE-124-2025";"1273/2025";"8793/2025";"DISPENSA";"SECRETARIA DE INFRAESTRUTURA E SERVIÇOS URBANOS";"HOMOLOGADO";"DUPLICIDADE_PROCESSO_INTERNO";"J? existe processo interno com o mesmo administrativo ou edital (0041/2026 / MANUAL).";"0041/2026";"MANUAL";"Contratação de empresa especializada em fornecimento de MATERIAL ASFÁLTICO DO TIPO CONCRETO BETUMINOSO USINADO A QUENTE (CBUQ), preparado com agregados pétreos e cimento asfáltico de petróleo – CAP 50/70, para aplicação a frio (material de consumo), para atender as necessidades da Secretaria Municipal de Infraestrutura e Serviços Urbanos."
"2699";"6088";"CE-XXX-2025";"1230/2025";"PMTF/PR/56120/2025";"CONCORRÊNCIA PÚBLICA";"SECRETARIA DE INFRAESTRUTURA E SERVIÇOS URBANOS";"Devolvido à origem";"DUPLICIDADE_PROCESSO_INTERNO";"J? existe processo interno com o mesmo administrativo ou edital (0022/2025 / MANUAL).";"0022/2025";"MANUAL";"CONTRATAÇÃO DE EMPRESA ESPECIALIZADA EM EXECUÇÃO DE OBRAS DE CONSTRUÇÃO DE UM ESPAÇO PARA O ABRIGO DE ANIMAIS, NO BAIRRO LOTEAMENTO NANUQUE, NO MUNICÍPIO DE TEIXEIRA DE FREITAS – BA."
"2700";"6089";"CE-XXX-2025";"855/2025";"PMTF/PR/56161/2025";"CONCORRÊNCIA PÚBLICA";"";"Devolvido à origem";"SECRETARIA_SEM_CORRESPONDENCIA";"A secretaria saneada n?o corresponde a nenhum cadastro interno.";"0023/2025";"MANUAL";"CONTRATAÇÃO DE EMPRESA ESPECIALIZADA EM EXECUÇÃO DE OBRAS DE CONSTRUÇÃO DE UM EDIFÍCIO PARA IMPLANTAÇÃO DA CASA DE CAPOEIRA, NO BAIRRO ULISSES GUIMARÃES, NO MUNICÍPIO DE TEIXEIRA DE FREITAS – BA."
"2701";"6090";"CE-XXX-2025";"1327/2025";"PMTF/PR/61240/2025";"CONCORRÊNCIA PÚBLICA";"SECRETARIA DE EDUCAÇÃO";"DEVOLVIDO À ORIGEM";"DUPLICIDADE_PROCESSO_INTERNO";"J? existe processo interno com o mesmo administrativo ou edital (0024/2025 / MANUAL).";"0024/2025";"MANUAL";"CONTRATAÇÃO DE EMPRESA ESPECIALIZADA EM EXECUÇÃO DE OBRAS DE CONSTRUÇÃO DE UMA MINI QUADRA NA ESCOLA AMIGOS DA NATUREZA, LOCALIZADA NO BAIRRO SÃO LOURENÇO, NO MUNICÍPIO DE TEIXEIRA DE FREITAS – BA."
"2702";"6091";"CE-XXX-2025";"1249/2025";"PMTF/PR/57268/2025";"CONCORRÊNCIA PÚBLICA";"SECRETARIA DE ESPORTE E LAZER";"DEVOLVIDO À ORIGEM";"DUPLICIDADE_PROCESSO_INTERNO";"J? existe processo interno com o mesmo administrativo ou edital (0424/2025 / LEGADO).";"0424/2025";"LEGADO";"CONTRATAÇÃO DE EMPRESA ESPECIALIZADA EM EXECUÇÃO DE OBRAS PARA CONSTRUÇÃO DE UM COMPLEXO ESPORTIVO COMUNITÁRIO, NO BAIRRO SECTOR BAHIA SUL, DO MUNICÍPIO DE TEIXEIRA DE FREITAS - BA."
"2705";"6094";"3-DLE-123-2025";"1277/2025";"8981/2025";"DISPENSA";"SECRETARIA DE SAÚDE";"EM ANDAMENTO";"DUPLICIDADE_PROCESSO_INTERNO";"J? existe processo interno com o mesmo administrativo ou edital (0403/2025 / LEGADO).";"0403/2025";"LEGADO";"MATERIAIS PARA AGENTES DE SAÚDE (MÁSCARAS E BOLSAS)"
"2706";"6095";"2-DLE-127-2025";"1298/2025";"9291/2025";"DISPENSA";"SECRETARIA DE ADMINISTRAÇÃO";"EM ANDAMENTO";"DUPLICIDADE_PROCESSO_INTERNO";"J? existe processo interno com o mesmo administrativo ou edital (0410/2025 / LEGADO).";"0410/2025";"LEGADO";"MATERIAIS DE LIMPEZA DE PISCINA"
"2713";"6103";"PE-XXX-2025";"1093/2025";"PMTF/PR/48273/2025";"PREGÃO";"SECRETARIA DE ADMINISTRAÇÃO";"ARQUIVADO";"DUPLICIDADE_PROCESSO_INTERNO";"J? existe processo interno com o mesmo administrativo ou edital (0031/2025 / MANUAL).";"0031/2025";"MANUAL";"Contrtação de empresa espcializada na prestação de serviço de ADMINISTRAÇÃO DE PROGRAMA DE ESTÁGIO REMUNERADO E SUPERVISIONADO (AGENTE DE INTEGRAÇÃO) COM CARGA HORÁRIA DE 20H E 30H SEMANANIS, voltado a estudantes matriculados no ENSINO MÉDIO OU SUPERIOR, a fim de atender as demandas da Secretaria Municipal de Administração e demais secretarias."
"2714";"6104";"PE-151-2025";"1390/2025";"XXXX/2025";"PREGÃO";"SECRETARIA DE ADMINISTRAÇÃO";"HOMOLOGADO";"DUPLICIDADE_PROCESSO_INTERNO";"J? existe processo interno com o mesmo administrativo ou edital (0034/2025 / MANUAL).";"0034/2025";"MANUAL";"prestação de serviço de IMPLANTAÇÃO E MANUTENÇÃO DE SINALIZAÇÃO HORIZONTAL, VERTICAL, SEMAFÓRICA E MEDIDAS DE MODERAÇÃO DE TRÁFEGO - ZONA SEGURA (traffic calming), com FORNECIMENTO DE MATERIAIS NECESSÁRIOS, a fim de atender as demandas da Secretaria Municipal de Segurança e Transportes."
"2720";"6110";"CE-XXX-2025";"XXXX/2025";"XXXX/2025";"CONCORRÊNCIA PÚBLICA";"SECRETARIA DE INFRAESTRUTURA E SERVIÇOS URBANOS";"Arquivado";"DUPLICIDADE_PROCESSO_INTERNO";"J? existe processo interno com o mesmo administrativo ou edital (0196/2025 / LEGADO).";"0196/2025";"LEGADO";"CONTRATAÇÃO DE EMPRESA ESPECIALIZADA EM EXECUÇÃO DE OBRAS PARA CONSTRUÇÃO DE UMA PRAÇA, NO BAIRRO RECANTO DO LAGO, DO MUNICÍPIO DE TEIXEIRA DE FREITAS - BA."
"2723";"6113";"PE-XXX-2025";"1407/2025";"9542/2025";"PREGÃO";"SECRETARIA DE SAÚDE";"DEVOLVIDO À ORIGEM";"DUPLICIDADE_PROCESSO_INTERNO";"J? existe processo interno com o mesmo administrativo ou edital (0436/2025 / LEGADO).";"0436/2025";"LEGADO";"Contratação de empresa especializada em fornecimento de MORFINA (material de consumo), cujas especificações técnicas, quantidades e demais condições encontram-se detalhados neste instrumento, a fim de atender as demandas da Secretaria Municipal de Saúde."
"2726";"6116";"CE-015-2025";"1397/2025";"XXXX/2025";"CONCORRÊNCIA PÚBLICA";"SECRETARIA DE INFRAESTRUTURA E SERVIÇOS URBANOS";"Adjudicado";"DUPLICIDADE_PROCESSO_INTERNO";"J? existe processo interno com o mesmo administrativo ou edital (0027/2025 / MANUAL).";"0027/2025";"MANUAL";"CONTRATAÇÃO DE EMPRESA ESPECIALIZADA EM EXECUÇÃO DE OBRAS PARA CONSTRUÇÃO DE UMA PRAÇA, NO BAIRRO RECANTO DO LAGO, DO MUNICÍPIO DE TEIXEIRA DE FREITAS – BA."
"2729";"6119";"PE-161-2025";"1418/2025";"9632/2025";"PREGÃO";"SECRETARIA DE SAÚDE";"DECLARADO VENCEDOR";"DUPLICIDADE_PROCESSO_INTERNO";"J? existe processo interno com o mesmo administrativo ou edital (0048/2026 / MANUAL).";"0048/2026";"MANUAL";"Contratação de empresa especializada em fornecimento com instalação de TOLDOS EM POLICARBONATO, a fim de atender as demandas da Secretaria Municipal de Saúde."
"2740";"6131";"2-DLE-127-2025";"1342/2025";"9375/2025";"DISPENSA";"SECRETARIA DE ADMINISTRAÇÃO";"EM ANDAMENTO";"DUPLICIDADE_PROCESSO_INTERNO";"J? existe processo interno com o mesmo administrativo ou edital (0410/2025 / LEGADO).";"0410/2025";"LEGADO";"MATERIAIS LIMPEZA DE PISCINA"
"2742";"6134";"PE-XXX-2025";"1459/2025";"9836/2025";"DISPENSA";"SECRETARIA DE ADMINISTRAÇÃO";"ARQUIVADO";"OBJETO_INCOMPLETO";"O objeto saneado ainda est? incompleto para importa??o.";"0435/2025";"LEGADO";""
"2744";"6137";"PE-166-2025";"1363/2025";"9314/2025";"PREGÃO";"SECRETARIA DE EDUCAÇÃO";"HOMOLOGADO";"DUPLICIDADE_PROCESSO_INTERNO";"J? existe processo interno com o mesmo administrativo ou edital (0414/2025 / LEGADO).";"0414/2025";"LEGADO";"Contratação de empresa especializada em fornecimento de CAMAS EMPILHÁVEIS E COLCHÕES (material de consumo), a fim de atender as demandas da Secretaria Municipal de Educação."
"2748";"6141";"CD-XXX-2025";"1477/2025";"10047/2025";"CREDENCIAMENTO";"SECRETARIA DE ADMINISTRAÇÃO";"ELABORAÇÃO DE EDITAL";"DUPLICIDADE_PROCESSO_INTERNO";"J? existe processo interno com o mesmo administrativo ou edital (0025/2025 / MANUAL).";"0025/2025";"MANUAL";"CREDENCIAMENTO DE ARTISTAS LOCAIS"
"2753";"6146";"3-DLS-138-2025";"804/2025";"10032/2025";"DISPENSA";"SECRETARIA DE SAÚDE";"ELABORAÇÃO DE EDITAL";"DUPLICIDADE_PROCESSO_INTERNO";"J? existe processo interno com o mesmo administrativo ou edital (0366/2025 / LEGADO).";"0366/2025";"LEGADO";"MEDICAMENTOS PARA ATENDER DEMANDA JUDICIAL"
"2755";"6148";"PE-172-2025";"1366/2025";"9374/2025";"PREGÃO";"SECRETARIA DE ADMINISTRAÇÃO";"FRACASSADO";"DUPLICIDADE_PROCESSO_INTERNO";"J? existe processo interno com o mesmo administrativo ou edital (0032/2025 / MANUAL).";"0032/2025";"MANUAL";"MANUTENÇÃO DE GERADORES E CAMARAS FRIAS"
"2756";"6149";"PE-177-2025";"1384/2025";"9535/2025";"PREGÃO";"SECRETARIA DE ADMINISTRAÇÃO";"HOMOLOGADO";"DUPLICIDADE_PROCESSO_INTERNO";"J? existe processo interno com o mesmo administrativo ou edital (0428/2025 / LEGADO).";"0428/2025";"LEGADO";"MATERIAIS GRÁFICOS"
"2758";"6151";"4-DLE-003-2026";"1431/2025";"9727/2025";"DISPENSA";"SECRETARIA DE EDUCAÇÃO";"ANÁLISE DE HABILITAÇÃO";"DUPLICIDADE_PROCESSO_INTERNO";"J? existe processo interno com o mesmo administrativo ou edital (0011/2025 / MANUAL).";"0011/2025";"MANUAL";"Contratação de empresas especializada em fornecimento de EQUIPAMENTOS, FERRAMENTAS, INSUMOS DIVERSOS E EPIS (materiais de consumo e permanentes), Secretaria Municipal de Educação."
"2761";"6154";"CE-017-2025";"971/2025";"PMTF-PR-68372/2025";"CONCORRÊNCIA PÚBLICA";"SECRETARIA DE EDUCAÇÃO";"Em Andamento";"DUPLICIDADE_PROCESSO_INTERNO";"J? existe processo interno com o mesmo administrativo ou edital (0026/2025 / MANUAL).";"0026/2025";"MANUAL";"CONTRATAÇÃO DE EMPRESA ESPECIALIZADA EM EXECUÇÃO DE OBRAS DE CONSTRUÇÃO DE UMA PRÉ-ESCOLA, NO BAIRRO SANTA RITA, DO MUNICÍPIO DE TEIXEIRA DE FREITAS - BA."
"2762";"6155";"PE-176-2025";"1093/2025";"10216/2025";"PREGÃO";"SECRETARIA DE ADMINISTRAÇÃO";"HOMOLOGADO";"DUPLICIDADE_PROCESSO_INTERNO";"J? existe processo interno com o mesmo administrativo ou edital (0031/2025 / MANUAL).";"0031/2025";"MANUAL";"GERENCIAMENTO DE ESTAGIÁRIOS"
"2763";"6156";"CE-XXX-2025";"1230/2025";"PMTF/PR/73621/2025";"CONCORRÊNCIA PÚBLICA";"SECRETARIA DE INFRAESTRUTURA E SERVIÇOS URBANOS";"Devolvido à origem";"DUPLICIDADE_PROCESSO_INTERNO";"J? existe processo interno com o mesmo administrativo ou edital (0022/2025 / MANUAL).";"0022/2025";"MANUAL";"CONTRATAÇÃO DE EMPRESA ESPECIALIZADA EM EXECUÇÃO DE OBRAS DE CONSTRUÇÃO DE UM ESPAÇO PARA O ABRIGO DE ANIMAIS, NO BAIRRO LOTEAMENTO NANUQUE, NO MUNICÍPIO DE TEIXEIRA DE FREITAS – BA."
"2764";"6157";"CE-020-2025";"855/2025";"PMTF-PR-73575/2025";"CONCORRÊNCIA PÚBLICA";"SECRETARIA DE CULTURA E TURISMO";"Em Andamento";"DUPLICIDADE_PROCESSO_INTERNO";"J? existe processo interno com o mesmo administrativo ou edital (0023/2025 / MANUAL).";"0023/2025";"MANUAL";"CONTRATAÇÃO DE EMPRESA ESPECIALIZADA EM EXECUÇÃO DE OBRAS DE CONSTRUÇÃO DE UM EDIFÍCIO PARA IMPLANTAÇÃO DA CASA DE CAPOEIRA, NO BAIRRO ULISSES GUIMARÃES, NO MUNICÍPIO DE TEIXEIRA DE FREITAS – BA."
"2765";"6158";"CE-XXX-2025";"1481/2025";"PMTF/PR/73810/2025";"CONCORRÊNCIA PÚBLICA";"SECRETARIA DE ESPORTE E LAZER";"Devolvido à origem";"DUPLICIDADE_PROCESSO_INTERNO";"J? existe processo interno com o mesmo administrativo ou edital (0015/2025 / MANUAL).";"0015/2025";"MANUAL";"CONTRATAÇÃO DE EMPRESA ESPECIALIZADA EM EXECUÇÃO DE OBRAS DE REFORMA DO CAMPO SOCIETY, NO DISTRITO DE SANTO ANTÔNIO, MUNICÍPIO DE TEIXEIRA DE FREITAS – BA."
"2768";"6169";"PE-182-2025";"1533/2025";"10642/2025";"PREGÃO";"SECRETARIA DE EDUCAÇÃO";"HOMOLOGADO";"DUPLICIDADE_PROCESSO_INTERNO";"J? existe processo interno com o mesmo administrativo ou edital (0145/2025 / LEGADO).";"0145/2025";"LEGADO";"AGENDAS PERSONALIZADAS E SACOLAS ECOBAG"
"2770";"6171";"PE-005-2026";"1483/2025";"10215/2025";"PREGÃO";"SECRETARIA DE ADMINISTRAÇÃO";"DECLARADO VENCEDOR";"DUPLICIDADE_PROCESSO_INTERNO";"J? existe processo interno com o mesmo administrativo ou edital (0025/2026 / MANUAL).";"0025/2026";"MANUAL";"Contratação de empresa especializada em fornecimento de BOMBAS HIDRÁULICAS (material permanente), a fim de atender as demandas da Secretaria Municipal de Infraestrutura e Serviços Urbanos."
"2771";"6172";"DUPLICADO";"1495/2025";"10239/2025";"PREGÃO";"SECRETARIA DE AGRICULTURA PECUÁRIA E ABASTECIMENTO";"ARQUIVADO";"DUPLICIDADE_PROCESSO_INTERNO";"J? existe processo interno com o mesmo administrativo ou edital (0057/2026 / LEGADO).";"0057/2026";"LEGADO";"SUBSTITUIÇÃO E REPARO DE LONAS"
"2772";"6173";"4-DLS-145-2025";"1511/2025";"10590/2025";"DISPENSA";"SECRETARIA DE EDUCAÇÃO";"HOMOLOGADO";"DUPLICIDADE_PROCESSO_INTERNO";"J? existe processo interno com o mesmo administrativo ou edital (0030/2025 / MANUAL).";"0030/2025";"MANUAL";"LOCAÇÃO DE ESPAÇO PARA REALIZAÇÃO DE ATIVIDADES EXTRACURICLARES EM ALUSÃO AO DIA DOS PROFESSORES"
"2775";"6177";"PE-186-2025";"1408/2025";"9543/2025";"PREGÃO";"SECRETARIA DE EDUCAÇÃO";"FRACASSADO";"DUPLICIDADE_PROCESSO_INTERNO";"J? existe processo interno com o mesmo administrativo ou edital (0422/2025 / LEGADO).";"0422/2025";"LEGADO";"Contratação de empresa especializada em fornecimento de ÔNIBUS RURAIS ESCOLARES (material permanente), cujas especificações técnicas, quantidades e demais condições encontram-se detalhadas neste instrumento, a fim de atender as demandas da Secretaria Municipal de Educação."
"2776";"6178";"CE-021-2025";"1460/2025";"PMTF-PR-81554/2025";"CONCORRÊNCIA PÚBLICA";"SECRETARIA DE EDUCAÇÃO";"Fracassado";"DUPLICIDADE_PROCESSO_INTERNO";"J? existe processo interno com o mesmo administrativo ou edital (0020/2025 / MANUAL).";"0020/2025";"MANUAL";"CONTRATAÇÃO DE EMPRESA ESPECIALIZADA EM EXECUÇÃO DE OBRAS DE AMPLIAÇÃO DO CENTRO MUNICIPAL DE ENSINO INFANTIL (CMEI) AQUARELA, LOCALIZADO NO BAIRRO LIBERDADE II, DO MUNICÍPIO DE TEIXEIRA DE FREITAS – BA."
"2777";"6179";"CE-022-2025";"1512/2025";"PMTF-PR-81587/2025";"CONCORRÊNCIA PÚBLICA";"SECRETARIA DE EDUCAÇÃO";"Em Andamento";"DUPLICIDADE_PROCESSO_INTERNO";"J? existe processo interno com o mesmo administrativo ou edital (0021/2025 / MANUAL).";"0021/2025";"MANUAL";"CONTRATAÇÃO DE EMPRESA ESPECIALIZADA EM EXECUÇÃO DE OBRAS DE CONSTRUÇÃO PARA AMPLIAÇÃO DA ESCOLA MUNICIPAL PROFESSORA MARCELA NOLASCO VENEZIA, LOCALIZADA NO BAIRRO REDENÇÃO, DO MUNICÍPIO DE TEIXEIRA DE FREITAS – BA."
"2779";"6181";"PE-006-2026";"1509/2025";"10609/2025";"PREGÃO";"SECRETARIA DE ADMINISTRAÇÃO";"FRACASSADO";"DUPLICIDADE_PROCESSO_INTERNO";"J? existe processo interno com o mesmo administrativo ou edital (0005/2025 / MANUAL).";"0005/2025";"MANUAL";"Contratação de empresa especializada em prestação de serviço de GESTÃO DE SISTEMA ELETRÔNICO DE CONTROLE DE PONTO COM RECONHECIMENTO FACIAL INTEGRADO A TABLETS E FORNECIMETO DOS EQUIPAMENTOS NECESSÁRIOS, a fim de atender as demandas da Secretaria Municipal de Administração e demais Secretarias."
"2788";"6190";"CD-010-2025";"1601/2025";"10866/2025";"CREDENCIAMENTO";"SECRETARIA DE EDUCAÇÃO";"EM ANDAMENTO";"OBJETO_INCOMPLETO";"O objeto saneado ainda est? incompleto para importa??o.";"";"";""
"2789";"6192";"PE-024-2026";"1566/2025";"11070/2025";"PREGÃO";"SECRETARIA DE ADMINISTRAÇÃO";"RECEPÇÃO DE PROPOSTAS";"DUPLICIDADE_PROCESSO_INTERNO";"J? existe processo interno com o mesmo administrativo ou edital (0007/2025 / MANUAL).";"0007/2025";"MANUAL";"Contratação de empresa especializada na prestação de serviço de CAPINA, ROÇAGEM E LIMPEZA DE ÁREAS PÚBLICAS, a fim de atender as demandas da Secretaria Municipal de Administração e demais Secretarias."
"2790";"6193";"PE-012-2026";"1518/2025";"10540/2025";"PREGÃO";"SECRETARIA DE ADMINISTRAÇÃO";"REVOGADO";"DUPLICIDADE_PROCESSO_INTERNO";"J? existe processo interno com o mesmo administrativo ou edital (0002/2026 / MANUAL).";"0002/2026";"MANUAL";"Contratação de empresa especializada em fornecimento de KIT LANCHE (material de consumo), a fim de atender as demandas da Secretaria Municipal de Administração e demais Secretarias."
"2792";"6195";"4-DLE-151-2025";"1674/2025";"11435/2025";"DISPENSA";"SECRETARIA DE EDUCAÇÃO";"HOMOLOGADO";"DUPLICIDADE_PROCESSO_INTERNO";"J? existe processo interno com o mesmo administrativo ou edital (0028/2025 / MANUAL).";"0028/2025";"MANUAL";"MATERIAIS PARA ESTRUTURA DE REDE"
"2793";"6196";"";"1673/2025";"11425/2025";"PREGÃO";"SECRETARIA DE INFRAESTRUTURA E SERVIÇOS URBANOS";"RECEPÇÃO DE PROPOSTAS";"DUPLICIDADE_PROCESSO_INTERNO";"J? existe processo interno com o mesmo administrativo ou edital (0008/2025 / MANUAL).";"0008/2025";"MANUAL";"TUBOS PEAD"
"2794";"6197";"PE-001-2026";"1660/2025";"11559/2025";"PREGÃO";"SECRETARIA DE INFRAESTRUTURA E SERVIÇOS URBANOS";"HOMOLOGADO";"DUPLICIDADE_PROCESSO_INTERNO";"J? existe processo interno com o mesmo administrativo ou edital (0001/2025 / MANUAL).";"0001/2025";"MANUAL";"MATERIAL ASFÁLTICO"
"2796";"6199";"CE-023-2025";"1615/2025";"XXXX/2025";"CONCORRÊNCIA PÚBLICA";"SECRETARIA DE INFRAESTRUTURA E SERVIÇOS URBANOS";"Em Andamento";"DUPLICIDADE_PROCESSO_INTERNO";"J? existe processo interno com o mesmo administrativo ou edital (0019/2025 / MANUAL).";"0019/2025";"MANUAL";"CONTRATAÇÃO DE EMPRESA ESPECIALIZADA EM SERVIÇOS DE ENGENHARIA PARA O FORNECIMENTO DE BANCAS EM ESTRUTURAS METÁLICAS (BANCAS DE FRUTAS E VERDURAS), NO MUNICÍPIO DE TEIXEIRA DE FREITAS – BA."
"2797";"6200";"CE-024-2025";"1682/2025";"XXXX/2025";"CONCORRÊNCIA PÚBLICA";"SECRETARIA DE INFRAESTRUTURA E SERVIÇOS URBANOS";"Revogado";"DUPLICIDADE_PROCESSO_INTERNO";"J? existe processo interno com o mesmo administrativo ou edital (0018/2025 / MANUAL).";"0018/2025";"MANUAL";"REGISTRO DE PREÇOS PARA A CONTRATAÇÃO DE EMPRESA ESPECIALIZADA EM EXECUÇÃO DE OBRAS DE PAVIMENTAÇÃO, CAPEAMENTO, RECAPEAMENTO E TAPA BURACO EM CONCRETO BETUMINOSO USINADO A QUENTE (CBUQ) E CONCRETO MOLDADO “IN LOCO”, NO MUNICÍPIO DE TEIXEIRA DE FREITAS – BA."
"2798";"6201";"CE-025-2025";"1693/2025";"XXXX/2025";"CONCORRÊNCIA PÚBLICA";"SECRETARIA DE INFRAESTRUTURA E SERVIÇOS URBANOS";"Em Andamento";"DUPLICIDADE_PROCESSO_INTERNO";"J? existe processo interno com o mesmo administrativo ou edital (0017/2025 / MANUAL).";"0017/2025";"MANUAL";"CONTRATAÇÃO DE EMPRESA ESPECIALIZADA EM EXECUÇÃO DE OBRAS DE DRENAGEM E PAVIMENTAÇÃO DOS BAIRROS BONADIMAN, EIXO SUL, PORTAL SUL, NOVA CANAÃ, JARDIM LIBERDADE, ESTÂNCIA BIQUÍNI, LOTEAMENTO DOS PIONEIROS, OURO VERDE, TANCREDO NEVES E ALTO DO TANCREDO, BEM COMO, O DISTRITO DE SANTO ANTÔNIO, DO MUNICÍPIO DE TEIXEIRA DE FREITAS – BA."
"2799";"6202";"CE-026-2025";"1694/2025";"XXXX/2025";"CONCORRÊNCIA PÚBLICA";"SECRETARIA DE INFRAESTRUTURA E SERVIÇOS URBANOS";"Em Andamento";"DUPLICIDADE_PROCESSO_INTERNO";"J? existe processo interno com o mesmo administrativo ou edital (0016/2025 / MANUAL).";"0016/2025";"MANUAL";"CONTRATAÇÃO DE EMPRESA ESPECIALIZADA EM EXECUÇÃO DE OBRAS DE PAVIMENTAÇÃO DE DIVERSAS RUAS NOS BAIRROS LIBERDADE I E II, DO MUNICÍPIO DE TEIXEIRA DE FREITAS – BA."
"2801";"6204";"PE-003-2026";"5/2026";"86/2026";"PREGÃO";"SECRETARIA DE ADMINISTRAÇÃO";"DECLARADO VENCEDOR";"DUPLICIDADE_PROCESSO_INTERNO";"J? existe processo interno com o mesmo administrativo ou edital (0024/2026 / MANUAL).";"0024/2026";"MANUAL";"Futura e eventual contratação de empresa especializada em prestação de serviços BUFFET, a fim de atender as demandas da Secretaria Municipal de Administração e demais secretarias"
"2803";"6206";"04-DLE-005-2026";"31/2026";"146/2026";"DISPENSA";"SECRETARIA DE ADMINISTRAÇÃO";"ELABORAÇÃO DE EDITAL";"DUPLICIDADE_PROCESSO_INTERNO";"J? existe processo interno com o mesmo administrativo ou edital (0028/2026 / MANUAL).";"0028/2026";"MANUAL";"SERVIÇO DE BUFFET JORNADA PEDAGÓGICA"
"2804";"6207";"04-DLE-005-2026";"31/2026";"146/2026";"DISPENSA";"SECRETARIA DE EDUCAÇÃO";"HOMOLOGADO";"DUPLICIDADE_PROCESSO_INTERNO";"J? existe processo interno com o mesmo administrativo ou edital (0028/2026 / MANUAL).";"0028/2026";"MANUAL";"PRESTAÇÃO DE SER"
"2805";"6209";"04-DLE-005-2026";"31/2026";"146/2026";"DISPENSA";"SECRETARIA DE EDUCAÇÃO";"HOMOLOGADO";"DUPLICIDADE_PROCESSO_INTERNO";"J? existe processo interno com o mesmo administrativo ou edital (0028/2026 / MANUAL).";"0028/2026";"MANUAL";"PRESTAÇÃO DE SERVIÇO DE BUFFET PARA JORNADA PEDAGÓGICA"
"2806";"6210";"2-DLS-150-2025";"1606/2025";"11230/2025";"DISPENSA";"SECRETARIA DE ADMINISTRAÇÃO";"EM ANDAMENTO";"DUPLICIDADE_PROCESSO_INTERNO";"J? existe processo interno com o mesmo administrativo ou edital (0450/2025 / LEGADO).";"0450/2025";"LEGADO";"CONTRATAÇÃO DE EMPRESA ESPECIALIZA NO FORNECIMENTO DE EQUIPAMENTOS E MATERIAL PERMAMENTE PARA ATENDER NECESSIDADES DA SECRETARIA MUNICIPAL DE AGRICULTURA PECUÁRIA E ABASTECIMENTO."
"2807";"6211";"2-DLE-006-2026";"30/2026";"170/2026";"DISPENSA";"SECRETARIA DE ADMINISTRAÇÃO";"HOMOLOGADO";"DUPLICIDADE_PROCESSO_INTERNO";"J? existe processo interno com o mesmo administrativo ou edital (0027/2026 / MANUAL).";"0027/2026";"MANUAL";"Contratação de empresas para aquisição de POSTES DE CONCRETO PARA EXTENSÃO DE REDE ELÉTRICA NA COMUNIDADE DA PALHA (material permanente), Secretaria Municipal de Infraestrutura e Serviços Urbanos."
"2808";"6213";"";"1483 / 2025";"";"";"SECRETARIA DE ADMINISTRAÇÃO";"ELABORAÇÃO DE EDITAL";"OBJETO_INCOMPLETO";"O objeto saneado ainda est? incompleto para importa??o.";"";"";""
"2809";"6214";"PE-041-2026";"1583/2025";"11580/2025";"PREGÃO";"SECRETARIA DE ADMINISTRAÇÃO";"RECEPÇÃO DE PROPOSTAS";"DUPLICIDADE_PROCESSO_INTERNO";"J? existe processo interno com o mesmo administrativo ou edital (0002/2025 / MANUAL).";"0002/2025";"MANUAL";"Contratação de empresa especializada no fornecimento de TENDAS, TOLDOS, BARRACAS E GRADIS (material permanente), a fim de atender as demandas da Secretaria Municipal de Administração e demais Secretarias."
"2812";"6217";"PE-011-2026";"38/2026";"271/2026";"PREGÃO";"SECRETARIA DE PROMOÇÃO SOCIAL";"HOMOLOGADO";"DUPLICIDADE_PROCESSO_INTERNO";"J? existe processo interno com o mesmo administrativo ou edital (0007/2026 / MANUAL).";"0007/2026";"MANUAL";"Contratação de empresa especializada em fornecimento de EQUIPAMENTOS E INSUMOS PARA PADARIA ESCOLA COMUNITÁRIA (material de consumo e material permanente), a fim de atender as demandas da Secretaria Municipal de Promoção Social."
"2815";"6220";"4-DLE-148-2025";"1627/2025";"11050/2025";"DISPENSA";"SECRETARIA DE EDUCAÇÃO";"HOMOLOGADO";"OBJETO_INCOMPLETO";"O objeto saneado ainda est? incompleto para importa??o.";"0029/2025";"MANUAL";""
"2819";"6225";"PE-038-2026";"1232/2025";"9278/2025";"PREGÃO";"SECRETARIA DE ADMINISTRAÇÃO";"RECEPÇÃO DE PROPOSTAS";"DUPLICIDADE_PROCESSO_INTERNO";"J? existe processo interno com o mesmo administrativo ou edital (0003/2025 / MANUAL).";"0003/2025";"MANUAL";"Contratação de empresa especializada no fornecimento de UTENSÍLIOS DE COZINHA, UNIFORMES, EPC’S E EPI’S NECESSÁRIOS PARA O PROJETO PADARIA COMUNITÁRIA (material de consumo), a fim de atender as demandas da Secretaria Municipal de Promoção Social e Cultura."
"2820";"6226";"CE-001-2026";"1481/2025";"PMTF-PR-84505/2025";"CONCORRÊNCIA PÚBLICA";"SECRETARIA DE ESPORTE E LAZER";"Em Andamento";"DUPLICIDADE_PROCESSO_INTERNO";"J? existe processo interno com o mesmo administrativo ou edital (0015/2025 / MANUAL).";"0015/2025";"MANUAL";"CONTRATAÇÃO DE EMPRESA ESPECIALIZADA EM EXECUÇÃO DE OBRAS DE REFORMA DO CAMPO SOCIETY, NO DISTRITO DE SANTO ANTÔNIO, MUNICÍPIO DE TEIXEIRA DE FREITAS – BA."
"2821";"6227";"2-DLE-008-2026";"94/2026";"499/2026";"DISPENSA";"GABINETE DO PREFEITO";"ELABORAÇÃO DE EDITAL";"DUPLICIDADE_PROCESSO_INTERNO";"J? existe processo interno com o mesmo administrativo ou edital (0035/2026 / MANUAL).";"0035/2026";"MANUAL";"Contratação de empresas para aquisição de LICENÇAS DE SOFTWARE DIGITAL ADOBE CRIATIVE CLOUD (TODOS OS APPS), Gabinete do Prefeito."
"2822";"6228";"2-DLE-014-2026";"100/2026";"756/2026";"DISPENSA";"SECRETARIA DE FINANÇAS";"RECEPÇÃO DE PROPOSTAS";"DUPLICIDADE_PROCESSO_INTERNO";"J? existe processo interno com o mesmo administrativo ou edital (0030/2026 / MANUAL).";"0030/2026";"MANUAL";"CARNE DE IPTU"
"2823";"6229";"PE-039-2026";"112/2026";"611/2026";"PREGÃO";"SECRETARIA DE ADMINISTRAÇÃO";"RECEPÇÃO DE PROPOSTAS";"DUPLICIDADE_PROCESSO_INTERNO";"J? existe processo interno com o mesmo administrativo ou edital (0045/2026 / MANUAL).";"0045/2026";"MANUAL";"Contratação de empresa especializada em fornecimento de MATERIAIS ESPORTIVOS (material de consumo), a fim de atender as demandas da Secretaria Municipal de Administração e demais secretarias."
"2825";"6231";"PE-032-2026";"133/2026";"766/2026";"PREGÃO";"SECRETARIA DE ESPORTE E LAZER";"RECEPÇÃO DE PROPOSTAS";"DUPLICIDADE_PROCESSO_INTERNO";"J? existe processo interno com o mesmo administrativo ou edital (0020/2026 / MANUAL).";"0020/2026";"MANUAL";"Contratação de empresa especializada em fornecimento de TRATOR CORTADOR DE GRAMA (material permanente), a fim de atender as demandas da Secretaria Municipal de Esporte e Lazer."
"2826";"6232";"PE-022-2026";"1505/2025";"10745/2025";"PREGÃO";"SECRETARIA DE ADMINISTRAÇÃO";"EM ANDAMENTO";"DUPLICIDADE_PROCESSO_INTERNO";"J? existe processo interno com o mesmo administrativo ou edital (0009/2025 / MANUAL).";"0009/2025";"MANUAL";"SERVIDORES DE REDE"
"2827";"6233";"XXX/2026";"137/2026";"PMTF/PR/9114/2026";"CONCORRÊNCIA PÚBLICA";"SECRETARIA DE EDUCAÇÃO";"Devolvido à origem";"DUPLICIDADE_PROCESSO_INTERNO";"J? existe processo interno com o mesmo administrativo ou edital (0039/2026 / MANUAL).";"0039/2026";"MANUAL";"CONTRATAÇÃO DE EMPRESA ESPECIALIZADA EM EXECUÇÃO DE OBRAS DE CONSTRUÇÃO DE UM CENTRO EDUCACIONAL, COM PISCINA ANEXA, LOCALIZADO NO BAIRRO CAMINHO DO MAR, NO MUNICÍPIO DE TEIXEIRA DE FREITAS – BA."
"2829";"6235";"PE-019-2026";"162/2026";"XXXX/2026";"PREGÃO";"SECRETARIA DE INFRAESTRUTURA E SERVIÇOS URBANOS";"Revogado";"DUPLICIDADE_PROCESSO_INTERNO";"J? existe processo interno com o mesmo administrativo ou edital (0023/2026 / MANUAL).";"0023/2026";"MANUAL";"REGISTRO DE PREÇOS PARA A CONTRATAÇÃO DE EMPRESA ESPECIALIZADA EM EXECUÇÃO DE SERVIÇOS DE PAVIMENTAÇÃO, CAPEAMENTO, RECAPEAMENTO E TAPA BURACO EM CONCRETO BETUMINOSO USINADO A QUENTE (CBUQ) E CONCRETO MOLDADO “IN LOCO”, NO MUNICÍPIO DE TEIXEIRA DE FREITAS – BA."
"2830";"6236";"CE-002-2026";"137/2026";"XXXX/2026";"CONCORRÊNCIA PÚBLICA";"SECRETARIA DE EDUCAÇÃO";"Em Andamento";"DUPLICIDADE_PROCESSO_INTERNO";"J? existe processo interno com o mesmo administrativo ou edital (0039/2026 / MANUAL).";"0039/2026";"MANUAL";"CONTRATAÇÃO DE EMPRESA ESPECIALIZADA EM EXECUÇÃO DE OBRAS DE CONSTRUÇÃO DE UM CENTRO EDUCACIONAL, COM PISCINA ANEXA, LOCALIZADO NO BAIRRO CAMINHO DO MAR, NO MUNICÍPIO DE TEIXEIRA DE FREITAS – BA."
"2831";"6237";"PE-025-2026";"1638/2025";"11113/2025";"PREGÃO";"SECRETARIA DE SAÚDE";"RECEPÇÃO DE PROPOSTAS";"DUPLICIDADE_PROCESSO_INTERNO";"J? existe processo interno com o mesmo administrativo ou edital (0006/2025 / MANUAL).";"0006/2025";"MANUAL";"Contratação de empresa especializada no fornecimento de BOLSAS DE COLOSTOMIA E ADJUVANTES (material de consumo), a fim de atender as demandas da Secretaria Municipal de Saúde."
"2833";"6239";"";"1638/2025";"11113/2025";"PREGÃO";"SECRETARIA DE SAÚDE";"ARQUIVADO";"OBJETO_INCOMPLETO";"O objeto saneado ainda est? incompleto para importa??o.";"0006/2025";"MANUAL";"BOLSA"
"2834";"6240";"PE-034-2026";"91/2026";"604/2026";"PREGÃO";"SECRETARIA DE EDUCAÇÃO";"RECEPÇÃO DE PROPOSTAS";"DUPLICIDADE_PROCESSO_INTERNO";"J? existe processo interno com o mesmo administrativo ou edital (0012/2026 / MANUAL).";"0012/2026";"MANUAL";"Contratação de empresa especializada em fornecimento de TABLETS (material permanente) cujas especificações técnicas, a fim de atender as demandas da Secretaria Municipal de Saúde."
"2836";"6242";"";"1657/2025";"9/2026";"PREGÃO";"SECRETARIA DE SAÚDE";"EM ANDAMENTO";"DUPLICIDADE_PROCESSO_INTERNO";"J? existe processo interno com o mesmo administrativo ou edital (0010/2025 / MANUAL).";"0010/2025";"MANUAL";"MEDICAMENTOS PARA ATENÇÃO BÁSICA E FARMÁCIA ESPECIALIZADA"
"2838";"6245";"2-DLE-011-2026";"82/2026";"405/2026";"DISPENSA";"SECRETARIA DE INFRAESTRUTURA E SERVIÇOS URBANOS";"HOMOLOGADO";"DUPLICIDADE_PROCESSO_INTERNO";"J? existe processo interno com o mesmo administrativo ou edital (0082/2026 / LEGADO).";"0082/2026";"LEGADO";"Contratação de empresa para a prestação de serviço de MANUTENÇÃO DE MAQUINAS PESADAS COM FORNECIMENTO DE PEÇAS (material de consumo e serviço), para atender as demandas da Secretaria Municipal de Infraestrutura e Serviços Urbanos."
"2839";"6246";"3-DLE-012-2026";"103/2026";"539/2026";"DISPENSA";"SECRETARIA DE SAÚDE";"EM ANDAMENTO";"DUPLICIDADE_PROCESSO_INTERNO";"J? existe processo interno com o mesmo administrativo ou edital (0033/2026 / MANUAL).";"0033/2026";"MANUAL";"Contratação de empresa especializada na prestação de serviço de MANUTENÇÃO PREVENTIVA DE EQUIPAMENTOS DE DIAGNÓSTICO AUDIOLÓGICO, para atender as demandas da Secretaria Municipal de Saúde."
"2840";"6247";"3-DLE-016-2026";"134/2026";"783/2026";"DISPENSA";"SECRETARIA DE SAÚDE";"Em Andamento";"DUPLICIDADE_PROCESSO_INTERNO";"J? existe processo interno com o mesmo administrativo ou edital (0032/2026 / MANUAL).";"0032/2026";"MANUAL";"Contratação de empresa especializada em prestação de serviços de SEGURO VEICULAR PARA OS VEÍCULOS DA SECRETARIA MUNICIPAL DE SAÚDE, Secretaria Municipal de Saúde."
"2841";"6248";"2-DLE-010-2026";"71/2026";"392/2026";"DISPENSA";"SECRETARIA DE ADMINISTRAÇÃO";"Em Andamento";"DUPLICIDADE_PROCESSO_INTERNO";"J? existe processo interno com o mesmo administrativo ou edital (0081/2026 / LEGADO).";"0081/2026";"LEGADO";"Contratação de empresas para aquisição de MATERIAIS HIGIÊNICOS ,Secretaria Municipal de Administração."
"2843";"6250";"PE-023-2026";"183/2026";"XXXX/2026";"PREGÃO";"SECRETARIA DE INFRAESTRUTURA E SERVIÇOS URBANOS";"Em Andamento";"DUPLICIDADE_PROCESSO_INTERNO";"J? existe processo interno com o mesmo administrativo ou edital (0022/2026 / MANUAL).";"0022/2026";"MANUAL";"REGISTRO DE PREÇOS PARA A CONTRATAÇÃO DE EMPRESA ESPECIALIZADA EM EXECUÇÃO DE SERVIÇOS DE PAVIMENTAÇÃO, CAPEAMENTO, RECAPEAMENTO E TAPA BURACO EM CONCRETO BETUMINOSO USINADO A QUENTE (CBUQ) E CONCRETO MOLDADO “IN LOCO”, NO MUNICÍPIO DE TEIXEIRA DE FREITAS – BA."
"2844";"6251";"PE-027-2026";"113/2026";"644/2026";"PREGÃO";"SECRETARIA DE ADMINISTRAÇÃO";"FRACASSADO";"DUPLICIDADE_PROCESSO_INTERNO";"J? existe processo interno com o mesmo administrativo ou edital (0021/2026 / MANUAL).";"0021/2026";"MANUAL";"SOFTWARE PARA GESTÃO DE PROCESSOS SELETIVOS"
"2845";"6253";"2-DLE-007-2026";"26/2026";"145/2026";"DISPENSA";"SECRETARIA DE ADMINISTRAÇÃO";"Em Andamento";"DUPLICIDADE_PROCESSO_INTERNO";"J? existe processo interno com o mesmo administrativo ou edital (0034/2026 / MANUAL).";"0034/2026";"MANUAL";"Contratação de empresa para aquisição de ESCOVAS DE DENTES."
"2846";"6254";"2-DLS-002-2025";"1606/2025";"11230/2025";"DISPENSA";"SECRETARIA DE AGRICULTURA PECUÁRIA E ABASTECIMENTO";"Em Andamento";"DUPLICIDADE_PROCESSO_INTERNO";"J? existe processo interno com o mesmo administrativo ou edital (0450/2025 / LEGADO).";"0450/2025";"LEGADO";"Contratação de empresa especializada em fornecimento de EQUIPAMENTOS, FERRAMENTAS, INSUMOS DIVERSOS E EPIS"
"2847";"6255";"2-DLE-008-2026";"94/2026";"499/2026";"DISPENSA";"SECRETARIA DE FINANÇAS";"Homologado";"DUPLICIDADE_PROCESSO_INTERNO";"J? existe processo interno com o mesmo administrativo ou edital (0035/2026 / MANUAL).";"0035/2026";"MANUAL";"Contratação de empresas para aquisição de LICENÇAS DE SOFTWARE DIGITAL ADOBE CRIATIVE CLOUD (TODOS OS APPS)"
"2849";"6257";"2-DLE-014-2026";"100/2026";"756/2026";"DISPENSA";"SECRETARIA DE FINANÇAS";"Em Andamento";"DUPLICIDADE_PROCESSO_INTERNO";"J? existe processo interno com o mesmo administrativo ou edital (0030/2026 / MANUAL).";"0030/2026";"MANUAL";"Contratação de empresas especializada NA PRESTAÇÃO DE SERVIÇOS DE PRODUÇÃO E CONFECÇÃO DOS CARNÊS DE IPTU"
"2850";"6260";"PE-036-2026";"1509/2025";"10609/2025";"PREGÃO";"SECRETARIA DE ADMINISTRAÇÃO";"RECEPÇÃO DE PROPOSTAS";"DUPLICIDADE_PROCESSO_INTERNO";"J? existe processo interno com o mesmo administrativo ou edital (0005/2025 / MANUAL).";"0005/2025";"MANUAL";"Contratação de empresa especializada em prestação de serviço de GESTÃO DE SISTEMA ELETRÔNICO DE CONTROLE DE PONTO COM RECONHECIMENTO FACIAL INTEGRADO A TABLETS E FORNECIMETO DOS EQUIPAMENTOS NECESSÁRIOS, a fim de atender as demandas da Secretaria Municipal de Administração e demais Secretarias."
"2851";"6261";"4-DLE-022-2026";"195/2026";"PMTF 13423/2026";"DISPENSA";"SECRETARIA DE EDUCAÇÃO";"Em Andamento";"DUPLICIDADE_PROCESSO_INTERNO";"J? existe processo interno com o mesmo administrativo ou edital (0016/2026 / MANUAL).";"0016/2026";"MANUAL";"Contratação de empresa especializada em prestação de serviços com fornecimento dos materiais necessários para a realização do controle de vetores e pragas urbanas (DEDETIZAÇÃO, DESINSETIZAÇÃO, DESRATIZAÇÃO, DESCUPINIZAÇÃO, DESALOJAMENTO DE POMBOS E MORCEGOS)"
"2852";"6262";"3-DLE-024-2026";"200/2026";"PMTF/PR/14385/2026";"DISPENSA";"SECRETARIA DE SAÚDE";"Em Andamento";"DUPLICIDADE_PROCESSO_INTERNO";"J? existe processo interno com o mesmo administrativo ou edital (0014/2026 / MANUAL).";"0014/2026";"MANUAL";"Contratação de empresa especializada em prestação de serviços com fornecimento dos materiais necessários para a realização do controle de vetores e pragas urbanas (DEDETIZAÇÃO, DESINSETIZAÇÃO, DESRATIZAÇÃO, DESCUPINIZAÇÃO, DESALOJAMENTO DE POMBOS E MORCEGOS)"
"2853";"6263";"CE-003-2026";"139/2026";"PMTF-PR-13842/2026";"CONCORRÊNCIA PÚBLICA";"SECRETARIA DE INFRAESTRUTURA E SERVIÇOS URBANOS";"Em Andamento";"DUPLICIDADE_PROCESSO_INTERNO";"J? existe processo interno com o mesmo administrativo ou edital (0087/2026 / LEGADO).";"0087/2026";"LEGADO";"CONTRATAÇÃO DE EMPRESA ESPECIALIZADA EM EXECUÇÃO DE OBRAS PARA URBANIZAÇÃO DA MARGINAL DA BR-101, NO BAIRRO IPIRANGA, DO MUNICÍPIO DE TEIXEIRA DE FREITAS – BA."
"2855";"6265";"040";"202/2026";"14279/2026";"PREGÃO";"SECRETARIA DE EDUCAÇÃO";"RECEPÇÃO DE PROPOSTAS";"DUPLICIDADE_PROCESSO_INTERNO";"J? existe processo interno com o mesmo administrativo ou edital (0006/2026 / MANUAL).";"0006/2026";"MANUAL";"Contratação de empresa especializada em fornecimento de VEÍCULOS TIPO PICAPE CABINE DUPLA (bens permanentes), a fim de atender as demandas da Secretaria Municipal de Educação."
"2856";"6266";"043-2026";"119/2026";"1088/2026";"PREGÃO";"SECRETARIA DE EDUCAÇÃO";"RECEPÇÃO DE PROPOSTAS";"DUPLICIDADE_PROCESSO_INTERNO";"J? existe processo interno com o mesmo administrativo ou edital (0013/2026 / MANUAL).";"0013/2026";"MANUAL";"Contratação de empresa especializada em fornecimento de COMPONENTES ELETRÔNICOS E PERIFÉRICOS DE INFORMÁTICA, a fim de atender as demandas da Secretaria Municipal de Educação."
"2858";"6268";"044-2026";"110/2026";"970/2026";"PREGÃO";"SECRETARIA DE ADMINISTRAÇÃO";"RECEPÇÃO DE PROPOSTAS";"DUPLICIDADE_PROCESSO_INTERNO";"J? existe processo interno com o mesmo administrativo ou edital (0094/2026 / LEGADO).";"0094/2026";"LEGADO";"Contratação de empresa especializada no fornecimento de MATERIAIS PARA MANUTENÇÃO PREVENTIVA E CORRETIVA DE APARELHOS DE AR-CONDICIONADO, a fim de atender as demandas da Secretaria Municipal de Administração e demais secretarias."
"2860";"6271";"CE-004-2026";"185/2026";"PMTF-PR-18774/2026";"CONCORRÊNCIA PÚBLICA";"SECRETARIA DE INFRAESTRUTURA E SERVIÇOS URBANOS";"Em Andamento";"DUPLICIDADE_PROCESSO_INTERNO";"J? existe processo interno com o mesmo administrativo ou edital (0011/2026 / MANUAL).";"0011/2026";"MANUAL";"CONTRATAÇÃO DE EMPRESA ESPECIALIZADA EM EXECUÇÃO DE OBRAS DE MICRODRENAGEM E PAVIMENTAÇÃO EM DIVERSAS RUAS DO BAIRRO MONTE CASTELO (2ª ETAPA), NO MUNICÍPIO DE TEIXEIRA DE FREITAS – BA."